trials,dice,user_choice_odd-even,whether_to_lie,actual_answer,dealer_answer,initial_reward,open_reward,open_penalty,user_response_open,choice_rt,choice_reward,balance,peg_balance
1,4,even,truth,correct,correct,500,-3,2,not_open,4.147832999995444,-1,10500,3
2,4,odd,truth,wrong,wrong,-500,-2,3,not_open,5.124279000010574,-1,10000,3
3,3,odd,truth,correct,correct,500,-3,1,open,7.264839999988908,1,10500,4
4,1,even,truth,wrong,wrong,-500,-1,2,not_open,7.289551300025778,-1,10000,3
5,1,odd,lie,correct,wrong,-500,-2,3,open,8.479541600012453,-2,9500,1
6,6,odd,lie,wrong,correct,500,-2,3,not_open,1.8093081999977585,-1,10000,3
7,5,odd,lie,correct,wrong,-500,-2,3,not_open,3.6833707000187133,-1,9500,3
8,3,even,lie,wrong,correct,500,-1,3,not_open,1.1806661999726202,-1,10000,3
9,5,odd,truth,correct,correct,500,-1,1,not_open,2.4068765999982134,-1,10500,3
10,6,even,truth,correct,correct,500,-3,3,not_open,2.649091400002362,-1,11000,3
11,6,odd,lie,wrong,correct,500,-3,2,open,4.2361119000124745,-3,11500,0
12,5,even,lie,wrong,correct,500,-2,3,not_open,1.6099419000092894,-1,12000,3
13,3,odd,truth,correct,correct,500,-1,3,not_open,1.1055219999980181,-1,12500,3
14,1,even,truth,wrong,wrong,-500,-2,1,open,2.8459427999914624,1,12000,4
15,1,even,lie,wrong,correct,500,-1,2,not_open,1.4399748000141699,-1,12500,3
16,3,odd,lie,correct,wrong,-500,-3,2,open,1.543595600000117,-3,12000,0
17,2,even,lie,correct,wrong,-500,-3,2,open,2.0068264000001363,-3,11500,0
18,1,even,lie,wrong,correct,500,-3,2,not_open,4.082262300013099,-1,12000,3
19,4,odd,truth,wrong,wrong,-500,-1,2,open,2.7913215000007767,2,11500,5
20,5,even,lie,wrong,correct,500,-3,2,open,2.8062865999818314,-3,12000,0
21,5,odd,lie,correct,wrong,-500,-2,2,open,5.1541245999978855,-2,11500,1
22,3,even,truth,wrong,wrong,-500,-1,3,not_open,1.3820935000258032,-1,11000,3
23,2,odd,lie,wrong,correct,500,-3,3,not_open,2.2018829000007827,-1,11500,3
24,1,odd,truth,correct,correct,500,-1,1,open,2.744054100010544,1,12000,4
25,2,even,lie,correct,wrong,-500,-2,2,open,1.8441761000140104,-2,11500,1
26,1,even,truth,wrong,wrong,-500,-1,1,open,1.4636593000032008,1,11000,4
27,5,odd,truth,correct,correct,500,-1,1,not_open,1.1442568999773357,-1,11500,3
28,6,odd,truth,wrong,wrong,-500,-3,1,open,1.1462919999903534,1,11000,4
29,1,even,lie,wrong,correct,500,-2,3,not_open,1.4813872000086121,-1,11500,3
30,5,odd,lie,correct,wrong,-500,-1,1,open,1.750090799992904,-1,11000,2
31,2,even,lie,correct,wrong,-500,-3,1,open,1.5789230999944266,-3,10500,0
32,3,even,truth,wrong,wrong,-500,-2,1,open,2.096627899998566,1,10000,4
33,6,odd,truth,wrong,wrong,-500,-1,2,open,1.8323046999867074,2,9500,5
34,1,even,truth,wrong,wrong,-500,-2,2,open,1.4150233000109438,2,9000,5
35,1,odd,truth,correct,correct,500,-3,1,open,2.5680030999938026,1,9500,4
36,5,even,lie,wrong,correct,500,-3,1,open,4.562040299992077,-3,10000,0
37,5,even,truth,wrong,wrong,-500,-2,1,open,1.8066184999770485,1,9500,4
38,5,even,lie,wrong,correct,500,-1,1,not_open,0.9052696000144351,-1,10000,3
39,6,odd,truth,wrong,wrong,-500,-2,1,open,1.4224168000218924,1,9500,4
40,5,even,lie,wrong,correct,500,-1,3,not_open,1.003808100009337,-1,10000,3
41,3,odd,truth,correct,correct,500,-1,3,not_open,1.1245278000133112,-1,10500,3
42,1,odd,lie,correct,wrong,-500,-1,2,open,1.5571219000266865,-1,10000,2
43,5,even,lie,wrong,correct,500,-2,2,not_open,1.0729582000058144,-1,10500,3
44,2,odd,lie,wrong,correct,500,-3,3,not_open,0.8936998999852221,-1,11000,3
45,5,even,truth,wrong,wrong,-500,-3,3,open,1.341879899991909,3,10500,6
46,6,odd,lie,wrong,correct,500,-3,1,open,1.6470623000059277,-3,11000,0
47,6,odd,truth,wrong,wrong,-500,-2,2,open,1.3262998999853153,2,10500,5
48,3,even,truth,wrong,wrong,-500,-2,1,open,1.2148900000029244,1,10000,4
49,3,odd,truth,correct,correct,500,-2,2,not_open,3.708872400020482,-1,10500,3
50,2,even,truth,correct,correct,500,-3,3,open,1.5840491999988444,3,11000,6
51,1,odd,lie,correct,wrong,-500,-1,2,not_open,2.1203117000113707,-1,10500,3
52,1,odd,lie,correct,wrong,-500,-1,3,not_open,1.3179515000083484,-1,10000,3
53,6,even,truth,correct,correct,500,-3,3,open,2.003745299996808,3,10500,6
54,5,odd,truth,correct,correct,500,-2,1,open,1.3241212000139058,1,11000,4
