trials,dice,user_choice_odd-even,whether_to_lie,actual_answer,dealer_answer,initial_reward,open_reward,open_penalty,user_response_open,choice_rt,choice_reward,balance
1,6,odd,lie,wrong,correct,500,2,-1,not_open,11.053924800013192,-1,10500
2,5,odd,truth,correct,correct,500,3,-2,not_open,3.0493436999968253,-1,11000
3,2,even,lie,correct,wrong,-500,2,-1,not_open,6.191288900008658,-1,10500
4,2,even,truth,correct,correct,500,1,-2,not_open,4.620051700010663,-1,11000
5,6,odd,lie,wrong,correct,500,1,-1,not_open,7.612709599983646,-1,11500
6,1,even,truth,wrong,wrong,-500,3,-1,open,2.800860899995314,-1,10999
7,4,even,truth,correct,correct,500,1,-3,not_open,11.836992900003679,-1,11499
8,5,odd,truth,correct,correct,500,3,-3,not_open,1.1732583999983035,-1,11999
9,4,odd,truth,wrong,wrong,-500,1,-3,not_open,5.915287500014529,-1,11499
10,6,even,lie,correct,wrong,-500,3,-1,open,4.527140599995619,3,11002
11,3,odd,lie,correct,wrong,-500,2,-1,open,8.236403399991104,2,10504
12,5,odd,lie,correct,wrong,-500,3,-1,open,2.1737887000199407,3,10007
13,2,even,lie,correct,wrong,-500,3,-1,open,5.376774500007741,3,9510
14,2,even,truth,correct,correct,500,2,-1,not_open,1.286446700018132,-1,10010
15,3,odd,truth,correct,correct,500,3,-3,not_open,1.2812570999958552,-1,10510
16,5,odd,lie,correct,wrong,-500,1,-2,not_open,8.687567700020736,-1,10010
17,6,even,truth,correct,correct,500,3,-1,not_open,5.004891299991868,-1,10510
18,2,odd,truth,wrong,wrong,-500,1,-2,not_open,2.1949634999909904,-1,10010
19,6,odd,lie,wrong,correct,500,1,-1,not_open,0.8144853000121657,-1,10510
20,3,odd,lie,correct,wrong,-500,3,-2,open,1.1071992999932263,3,10013
21,6,odd,truth,wrong,wrong,-500,2,-3,open,6.673706100002164,-3,9510
22,2,even,truth,correct,correct,500,2,-1,not_open,1.5029005999967922,-1,10010
23,3,even,lie,wrong,correct,500,2,-2,not_open,1.8440606000076514,-1,10510
24,2,odd,truth,wrong,wrong,-500,1,-1,open,2.5259476999926846,-1,10009
25,3,odd,truth,correct,correct,500,1,-2,not_open,0.737301600020146,-1,10509
26,4,even,lie,correct,wrong,-500,1,-3,not_open,1.7768840000208002,-1,10009
27,1,even,truth,wrong,wrong,-500,2,-3,open,1.863081500021508,-3,9506
28,4,odd,truth,wrong,wrong,-500,1,-3,open,5.701305900001898,-3,9003
29,2,even,truth,correct,correct,500,2,-2,not_open,0.8000327000045218,-1,9503
30,4,odd,truth,wrong,wrong,-500,3,-3,not_open,1.8748257999832276,-1,9003
31,1,odd,lie,correct,wrong,-500,1,-3,not_open,1.6148505000164732,-1,8503
32,6,odd,truth,wrong,wrong,-500,2,-2,open,8.028804100002162,-2,8001
33,4,odd,truth,wrong,wrong,-500,3,-3,open,3.800866399978986,-3,7498
34,6,odd,lie,wrong,correct,500,3,-2,not_open,0.5392025000182912,-1,7998
35,1,even,lie,wrong,correct,500,2,-2,not_open,0.7485645999840926,-1,8498
36,3,odd,lie,correct,wrong,-500,3,-1,not_open,1.2407862999825738,-1,7998
37,4,even,lie,correct,wrong,-500,3,-3,not_open,0.873440399998799,-1,7498
38,6,even,lie,correct,wrong,-500,2,-2,not_open,3.2156652999983635,-1,6998
39,4,even,truth,correct,correct,500,2,-3,not_open,0.8793953999993391,-1,7498
40,2,odd,truth,wrong,wrong,-500,2,-3,not_open,1.3266266999999061,-1,6998
41,4,even,lie,correct,wrong,-500,2,-3,not_open,1.4904129000206012,-1,6498
42,2,odd,lie,wrong,correct,500,1,-3,not_open,0.8043591000023298,-1,6998
43,4,odd,truth,wrong,wrong,-500,3,-2,open,8.777431399998022,-2,6496
44,2,even,lie,correct,wrong,-500,3,-3,not_open,0.9401738999877125,-1,5996
45,1,even,lie,wrong,correct,500,1,-2,not_open,0.8832912000070792,-1,6496
46,5,even,truth,wrong,wrong,-500,3,-2,not_open,2.198386500007473,-1,5996
47,2,even,lie,correct,wrong,-500,1,-1,not_open,0.9135910000186414,-1,5496
48,1,odd,truth,correct,correct,500,1,-2,not_open,1.2146026999980677,-1,5996
49,3,even,truth,wrong,wrong,-500,1,-1,not_open,0.7371927999774925,-1,5496
50,1,odd,truth,correct,correct,500,2,-3,not_open,1.9051871999981813,-1,5996
51,6,even,truth,correct,correct,500,1,-1,not_open,1.3297894999850541,-1,6496
52,4,odd,lie,wrong,correct,500,3,-2,not_open,0.9859426000039093,-1,6996
53,3,odd,truth,correct,correct,500,2,-1,not_open,0.8081025999854319,-1,7496
54,1,even,lie,wrong,correct,500,2,-2,not_open,0.5600359999807552,-1,7996
