trials,dice,user_choice_odd-even,whether_to_lie,actual_answer,dealer_answer,initial_reward,open_reward,open_penalty,user_response_open,choice_rt,choice_reward,balance
1,1,odd,lie,correct,wrong,-500,100,-254,not_open,3.8971826000051806,-1,9500
2,6,odd,lie,wrong,correct,500,200,-200,not_open,1.119988699996611,-1,10000
3,4,odd,truth,wrong,wrong,-500,254,-200,not_open,0.5778872000082629,-1,9500
4,2,odd,truth,wrong,wrong,-500,100,-254,not_open,0.6991629999974975,-1,9000
5,4,odd,truth,wrong,wrong,-500,100,-254,not_open,0.528074399990146,-1,8500
6,4,odd,truth,wrong,wrong,-500,200,-100,not_open,6.011304800005746,-1,8000
7,3,odd,truth,correct,correct,500,254,-254,open,3.9807434999966063,-254,8246
8,1,odd,lie,correct,wrong,-500,254,-200,open,0.7283865999925183,254,8000
9,6,odd,truth,wrong,wrong,-500,254,-200,not_open,2.2418548999994528,-1,7500
10,2,odd,truth,wrong,wrong,-500,254,-254,open,0.5346259999932954,-254,6746
11,3,odd,truth,correct,correct,500,100,-100,open,0.39989430000423454,-100,7146
12,3,odd,truth,correct,correct,500,200,-100,open,4.4458261000108905,-100,7546
13,5,odd,lie,correct,wrong,-500,100,-200,open,0.723476600003778,100,7146
14,2,odd,lie,wrong,correct,500,254,-100,open,1.758066599999438,254,7900
15,5,odd,lie,correct,wrong,-500,100,-200,open,5.4432746000093175,100,7500
16,2,odd,lie,wrong,correct,500,200,-100,not_open,1.2265660999983083,-1,8000
17,1,odd,truth,correct,correct,500,100,-100,open,0.2947366000007605,-100,8400
18,1,odd,truth,correct,correct,500,200,-200,open,0.951513200008776,-200,8700
19,2,odd,lie,wrong,correct,500,100,-100,open,1.2225510999996914,100,9300
20,6,odd,lie,wrong,correct,500,200,-200,open,0.5720552999991924,200,10000
21,3,odd,lie,correct,wrong,-500,200,-100,not_open,1.6603045999945607,-1,9500
22,6,odd,lie,wrong,correct,500,200,-254,not_open,0.5325547999964328,-1,10000
23,3,odd,lie,correct,wrong,-500,254,-100,open,0.4726933000056306,254,9754
24,2,odd,truth,wrong,wrong,-500,254,-254,open,0.19406130000425037,-254,9000
25,6,odd,lie,wrong,correct,500,100,-200,open,1.0046275999920908,100,9600
26,4,odd,lie,wrong,correct,500,200,-254,open,0.4690119000006234,200,10300
27,3,odd,truth,correct,correct,500,254,-200,open,0.4911262999958126,-200,10600
28,4,odd,lie,wrong,correct,500,200,-100,open,0.5172577000048477,200,11300
29,2,odd,lie,wrong,correct,500,100,-200,open,0.4657558000035351,100,11900
30,6,odd,lie,wrong,correct,500,100,-100,open,0.7269106000021566,100,12500
31,1,odd,lie,correct,wrong,-500,100,-200,not_open,2.584670600001118,-1,12000
32,2,odd,truth,wrong,wrong,-500,200,-200,open,0.3445787999953609,-200,11300
33,6,odd,lie,wrong,correct,500,254,-254,open,0.4178639000019757,254,12054
34,1,odd,truth,correct,correct,500,254,-254,open,0.4244077999901492,-254,12300
35,5,odd,lie,correct,wrong,-500,100,-100,not_open,0.9834928000054788,-1,11800
36,3,odd,lie,correct,wrong,-500,100,-254,not_open,3.0691589000052772,-1,11300
37,6,odd,lie,wrong,correct,500,100,-200,open,0.49004010000498965,100,11900
38,5,odd,truth,correct,correct,500,254,-100,open,0.3166441999928793,-100,12300
39,1,odd,lie,correct,wrong,-500,200,-254,not_open,3.6825357000052463,-1,11800
40,3,odd,lie,correct,wrong,-500,200,-100,not_open,3.7602193000057014,-1,11300
41,2,odd,lie,wrong,correct,500,200,-254,open,0.3739501999953063,200,12000
42,3,odd,lie,correct,wrong,-500,100,-254,open,0.5011667999933707,100,11600
43,5,even,lie,wrong,correct,500,200,-254,open,1.6784138000075473,200,12300
44,1,odd,lie,correct,wrong,-500,100,-100,open,1.7552977000013925,100,11900
45,1,odd,truth,correct,correct,500,254,-200,open,1.5895244999992428,-200,12200
46,3,odd,lie,correct,wrong,-500,200,-200,open,1.1125470000115456,200,11900
47,6,odd,lie,wrong,correct,500,254,-100,open,1.2584026999975322,254,12654
48,5,odd,truth,correct,correct,500,254,-100,open,0.8781375999969896,-100,13054
49,4,odd,truth,wrong,wrong,-500,254,-200,open,1.5394855000049574,-200,12354
50,2,odd,truth,wrong,wrong,-500,254,-254,open,1.5705066999944393,-254,11600
51,5,odd,truth,correct,correct,500,254,-100,open,0.34850639999785926,-100,12000
52,1,odd,lie,correct,wrong,-500,200,-254,open,0.8639037999964785,200,11700
53,2,odd,truth,wrong,wrong,-500,200,-200,open,1.1590212999872165,-200,11000
54,6,odd,truth,wrong,wrong,-500,100,-254,open,0.6944746999943163,-254,10246
