trials,dice,user_choice_odd-even,whether_to_lie,actual_answer,dealer_answer,initial_reward,open_reward,open_penalty,user_response_open,choice_rt,choice_reward,balance,peg_balance
1,1,odd,truth,correct,correct,500,-1,1,open,1.4178095999959623,1,10500,4
2,2,odd,truth,wrong,wrong,-500,-2,1,open,2.5405066999956034,1,10000,4
3,2,odd,lie,wrong,correct,500,-1,2,open,0.9231695000053151,-1,10500,2
4,1,odd,lie,correct,wrong,-500,-2,3,open,1.2522734999947716,-2,10000,1
5,2,odd,lie,wrong,correct,500,-3,1,open,0.4076503000105731,-3,10500,0
6,1,odd,lie,correct,wrong,-500,-3,1,open,0.6173462000006111,-3,10000,0
7,1,odd,lie,correct,wrong,-500,-3,2,open,2.103413000004366,-3,9500,0
8,2,odd,truth,wrong,wrong,-500,-1,3,open,0.3177653000020655,3,9000,6
9,2,odd,lie,wrong,correct,500,-3,2,open,0.2305793999985326,-3,9500,0
10,5,odd,truth,correct,correct,500,-2,2,open,0.20058369998878334,2,10000,5
11,6,odd,lie,wrong,correct,500,-2,1,open,0.1512598999979673,-2,10500,1
12,5,even,truth,wrong,wrong,-500,-1,2,open,1.752546200004872,2,10000,5
13,1,odd,lie,correct,wrong,-500,-2,3,open,1.1268593999993755,-2,9500,1
14,1,odd,truth,correct,correct,500,-1,1,open,0.22584769999957643,1,10000,4
15,5,odd,lie,correct,wrong,-500,-1,2,open,0.9100099000061164,-1,9500,2
16,5,odd,truth,correct,correct,500,-3,1,open,0.7976182999991579,1,10000,4
17,6,odd,truth,wrong,wrong,-500,-3,2,open,0.44096669999998994,2,9500,5
18,5,odd,truth,correct,correct,500,-2,3,open,0.3733900000079302,3,10000,6
19,1,odd,lie,correct,wrong,-500,-2,3,open,0.2256797000009101,-2,9500,1
20,4,odd,truth,wrong,wrong,-500,-2,2,not_open,1.1778193999925861,-1,9000,3
21,1,odd,lie,correct,wrong,-500,-1,1,open,0.5691720000031637,-1,8500,2
22,5,even,lie,wrong,correct,500,-1,3,open,2.670394100001431,-1,9000,2
23,6,odd,truth,wrong,wrong,-500,-2,2,not_open,0.47064169999794103,-1,8500,3
24,6,odd,truth,wrong,wrong,-500,-3,3,open,0.21606380000594072,3,8000,6
25,1,odd,lie,correct,wrong,-500,-3,1,open,0.24972690000140574,-3,7500,0
26,6,odd,truth,wrong,wrong,-500,-1,3,open,0.22055090000503697,3,7000,6
27,3,odd,truth,correct,correct,500,-2,2,not_open,1.7475417000096058,-1,7500,3
28,3,even,lie,wrong,correct,500,-1,2,not_open,0.26432430000568274,-1,8000,3
29,1,even,truth,wrong,wrong,-500,-2,2,open,0.21868400000676047,2,7500,5
30,2,odd,truth,wrong,wrong,-500,-2,2,open,0.07358539999404456,2,7000,5
31,1,odd,truth,correct,correct,500,-2,3,open,2.071548099993379,3,7500,6
32,4,odd,truth,wrong,wrong,-500,-3,2,open,1.2927277000126196,2,7000,5
33,1,odd,lie,correct,wrong,-500,-3,2,open,0.22470929998962674,-3,6500,0
34,3,odd,lie,correct,wrong,-500,-3,3,open,0.2286179000075208,-3,6000,0
35,1,odd,truth,correct,correct,500,-2,1,open,1.9547844000044279,1,6500,4
36,5,odd,truth,correct,correct,500,-1,2,open,0.421071300006588,2,7000,5
37,5,odd,truth,correct,correct,500,-3,3,open,0.23656719998689368,3,7500,6
38,3,odd,lie,correct,wrong,-500,-1,1,open,0.1642825000017183,-1,7000,2
39,5,odd,lie,correct,wrong,-500,-1,3,open,0.0927155999961542,-1,6500,2
40,4,odd,truth,wrong,wrong,-500,-1,1,open,0.08286590001080185,1,6000,4
41,2,odd,lie,wrong,correct,500,-3,3,open,0.2023868000105722,-3,6500,0
42,3,odd,truth,correct,correct,500,-2,1,open,0.1864406999957282,1,7000,4
43,6,odd,lie,wrong,correct,500,-3,3,open,0.19562240000232123,-3,7500,0
44,4,odd,lie,wrong,correct,500,-3,3,open,0.19512469999608584,-3,8000,0
45,1,odd,lie,correct,wrong,-500,-1,3,open,0.39760039999964647,-1,7500,2
46,5,odd,truth,correct,correct,500,-1,2,open,0.30390720001014415,2,8000,5
47,1,odd,lie,correct,wrong,-500,-3,1,open,0.23415350000141189,-3,7500,0
48,6,odd,lie,wrong,correct,500,-1,1,open,0.17579779999505263,-1,8000,2
49,3,odd,truth,correct,correct,500,-1,3,open,0.1685581999918213,3,8500,6
50,2,odd,lie,wrong,correct,500,-2,1,open,0.20290509999904316,-2,9000,1
51,4,odd,lie,wrong,correct,500,-3,1,open,0.17753200000151992,-3,9500,0
52,3,odd,lie,correct,wrong,-500,-2,3,not_open,0.029545099998358637,-1,9000,3
53,4,odd,truth,wrong,wrong,-500,-3,2,open,0.25188570001046173,2,8500,5
54,4,odd,lie,wrong,correct,500,-2,1,open,0.17101600000751205,-2,9000,1
