trials,dice,user_choice_odd-even,whether_to_lie,actual_answer,dealer_answer,initial_reward,open_reward,open_penalty,user_response_open,choice_rt,choice_reward,balance
1,3,odd,truth,correct,correct,500,42,-84,not_open,6.176943900005426,-1,10500
2,3,odd,lie,correct,wrong,-500,42,-84,open,8.318172100000083,42,10042
3,1,even,lie,wrong,correct,500,42,-112,not_open,3.275035200000275,-1,10542
4,4,odd,truth,wrong,wrong,-500,42,-84,open,3.181991699995706,-84,9958
5,6,even,truth,correct,correct,500,112,-42,not_open,1.1941189999924973,-1,10458
6,2,odd,lie,wrong,correct,500,84,-84,not_open,1.4423361999797635,-1,10958
7,4,even,truth,correct,correct,500,112,-42,open,4.409684600017499,-42,11416
8,4,even,truth,correct,correct,500,112,-112,not_open,4.904273599997396,-1,11916
9,2,odd,lie,wrong,correct,500,42,-42,not_open,3.8245995999895968,-1,12416
10,3,even,lie,wrong,correct,500,42,-42,not_open,1.4156137000245508,-1,12916
11,3,odd,truth,correct,correct,500,42,-112,not_open,7.013635200011777,-1,13416
12,5,odd,lie,correct,wrong,-500,112,-84,open,6.93868150000344,112,13028
13,1,odd,truth,correct,correct,500,84,-84,not_open,1.539094000007026,-1,13528
14,1,even,truth,wrong,wrong,-500,42,-84,open,6.188543299998855,-84,12944
15,6,even,lie,correct,wrong,-500,84,-42,open,6.224322699999902,84,12528
16,5,odd,lie,correct,wrong,-500,42,-84,not_open,2.637304399977438,-1,12028
17,3,odd,lie,correct,wrong,-500,84,-42,open,4.715964600007283,84,11612
18,1,odd,truth,correct,correct,500,112,-84,not_open,0.5866453000053298,-1,12112
19,6,even,truth,correct,correct,500,84,-112,not_open,3.4532506999967154,-1,12612
20,2,even,lie,correct,wrong,-500,84,-112,not_open,1.6218205000041053,-1,12112
21,3,odd,lie,correct,wrong,-500,84,-112,open,1.3938270999933593,84,11696
22,3,odd,truth,correct,correct,500,84,-42,not_open,0.8379015999962576,-1,12196
23,6,even,lie,correct,wrong,-500,42,-112,not_open,1.181747099995846,-1,11696
24,3,even,lie,wrong,correct,500,84,-84,not_open,0.6810392999905162,-1,12196
25,1,odd,lie,correct,wrong,-500,112,-112,open,1.6287668999866582,112,11808
26,3,even,truth,wrong,wrong,-500,42,-112,not_open,1.4308232000039425,-1,11308
27,2,even,truth,correct,correct,500,84,-84,not_open,1.087087399995653,-1,11808
28,1,odd,lie,correct,wrong,-500,112,-112,open,2.2691769000084605,112,11420
29,6,odd,lie,wrong,correct,500,84,-42,not_open,1.3905123000149615,-1,11920
30,1,even,lie,wrong,correct,500,84,-84,not_open,1.3167283000075258,-1,12420
31,4,odd,lie,wrong,correct,500,42,-42,not_open,0.9051247000170406,-1,12920
32,1,even,truth,wrong,wrong,-500,112,-84,open,1.289781600004062,-84,12336
33,1,odd,lie,correct,wrong,-500,42,-84,not_open,1.6823968999960925,-1,11836
34,5,even,truth,wrong,wrong,-500,42,-42,open,1.1350671000254806,-42,11294
35,3,odd,lie,correct,wrong,-500,112,-42,open,1.2648293999955058,112,10906
36,6,even,truth,correct,correct,500,42,-42,not_open,1.1956409999984317,-1,11406
37,6,even,lie,correct,wrong,-500,84,-112,not_open,1.1123130999912973,-1,10906
38,4,odd,truth,wrong,wrong,-500,112,-42,open,1.553977700008545,-42,10364
39,3,even,lie,wrong,correct,500,84,-84,not_open,1.3378594999958295,-1,10864
40,2,odd,lie,wrong,correct,500,112,-84,not_open,1.2942388999799732,-1,11364
41,6,even,truth,correct,correct,500,112,-112,not_open,1.1831169999786653,-1,11864
42,3,odd,truth,correct,correct,500,112,-112,not_open,0.8806530000001658,-1,12364
43,2,even,lie,correct,wrong,-500,112,-84,open,1.4069607999990694,112,11976
44,6,odd,lie,wrong,correct,500,42,-112,not_open,0.651867599983234,-1,12476
45,5,even,lie,wrong,correct,500,112,-84,not_open,0.7412009999970905,-1,12976
46,3,odd,lie,correct,wrong,-500,112,-42,open,1.2389444999862462,112,12588
47,5,even,truth,wrong,wrong,-500,112,-42,open,1.3655352999921888,-42,12046
48,5,odd,lie,correct,wrong,-500,84,-112,not_open,1.308091599988984,-1,11546
49,6,even,truth,correct,correct,500,112,-112,not_open,1.7996411999920383,-1,12046
50,3,even,truth,wrong,wrong,-500,42,-112,not_open,0.9814886999956798,-1,11546
51,5,odd,truth,correct,correct,500,84,-42,not_open,4.028596599993762,-1,12046
52,3,odd,truth,correct,correct,500,84,-112,not_open,0.4467856999835931,-1,12546
53,4,even,truth,correct,correct,500,84,-42,not_open,0.507966100005433,-1,13046
54,3,odd,truth,correct,correct,500,42,-42,open,9.768301499978406,-42,13504
