trials,dice,user_choice_odd-even,whether_to_lie,actual_answer,dealer_answer,initial_reward,open_reward,open_penalty,user_response_open,choice_rt,choice_reward,balance,peg_balance
1,1,even,truth,wrong,wrong,-500,-3,3,not_open,3.964648599998327,-1,9500,3
2,6,even,truth,correct,correct,500,-2,3,not_open,8.775714899995364,-1,10000,3
3,1,odd,truth,correct,correct,500,-3,3,open,7.469866900006309,3,10500,6
4,2,even,lie,correct,wrong,-500,-1,3,not_open,2.895548400003463,-1,10000,3
5,5,odd,truth,correct,correct,500,-2,2,not_open,1.1879947999841534,-1,10500,3
6,6,even,lie,correct,wrong,-500,-3,1,open,6.951393900002586,-3,10000,0
7,5,odd,truth,correct,correct,500,-1,2,not_open,1.7563879000081215,-1,10500,3
8,5,even,truth,wrong,wrong,-500,-3,2,open,2.5916607000108343,2,10000,5
9,4,odd,lie,wrong,correct,500,-3,2,not_open,4.1519506000040565,-1,10500,3
10,1,odd,lie,correct,wrong,-500,-3,2,open,2.2448996999883093,-3,10000,0
11,1,even,lie,wrong,correct,500,-1,1,open,2.2027027000149246,-1,10500,2
12,4,even,lie,correct,wrong,-500,-2,2,not_open,2.233491300023161,-1,10000,3
13,5,odd,truth,correct,correct,500,-3,3,not_open,4.593718299991451,-1,10500,3
14,5,even,truth,wrong,wrong,-500,-2,3,not_open,1.1482973999809474,-1,10000,3
15,5,odd,lie,correct,wrong,-500,-1,3,not_open,1.9531408000038937,-1,9500,3
16,3,odd,lie,correct,wrong,-500,-1,1,open,1.343152600020403,-1,9000,2
17,6,even,truth,correct,correct,500,-3,1,open,1.8343185000121593,1,9500,4
18,3,odd,truth,correct,correct,500,-2,1,open,1.2535424000234343,1,10000,4
19,2,odd,truth,wrong,wrong,-500,-2,1,open,1.8729067000094801,1,9500,4
20,2,even,lie,correct,wrong,-500,-2,1,not_open,0.7850416000001132,-1,9000,3
21,4,odd,truth,wrong,wrong,-500,-1,3,not_open,2.8508649000141304,-1,8500,3
22,4,even,truth,correct,correct,500,-2,3,not_open,7.763925000006566,-1,9000,3
23,3,odd,lie,correct,wrong,-500,-3,2,not_open,1.952329899999313,-1,8500,3
24,4,odd,lie,wrong,correct,500,-3,3,not_open,0.7604058000142686,-1,9000,3
25,4,even,lie,correct,wrong,-500,-1,1,open,1.35135270000319,-1,8500,2
26,2,odd,truth,wrong,wrong,-500,-3,1,open,2.082927199982805,1,8000,4
27,5,even,truth,wrong,wrong,-500,-3,1,open,2.186022000008961,1,7500,4
28,1,odd,lie,correct,wrong,-500,-2,3,not_open,1.7853002999909222,-1,7000,3
29,1,odd,truth,correct,correct,500,-1,2,not_open,0.8773299000167754,-1,7500,3
30,3,odd,lie,correct,wrong,-500,-2,1,open,2.2515127999940887,-2,7000,1
31,1,odd,truth,correct,correct,500,-2,1,not_open,2.7181549000088125,-1,7500,3
32,3,odd,lie,correct,wrong,-500,-3,3,not_open,1.595628700015368,-1,7000,3
33,5,odd,truth,correct,correct,500,-2,1,not_open,1.7014437000034377,-1,7500,3
34,4,even,truth,correct,correct,500,-2,2,not_open,2.73325130000012,-1,8000,3
35,2,even,truth,correct,correct,500,-2,3,not_open,1.8889945000119042,-1,8500,3
36,5,odd,lie,correct,wrong,-500,-1,2,not_open,6.98356039999635,-1,8000,3
37,4,odd,lie,wrong,correct,500,-3,2,open,1.8429304999881424,-3,8500,0
38,4,odd,truth,wrong,wrong,-500,-2,2,not_open,3.569457599980524,-1,8000,3
39,5,even,lie,wrong,correct,500,-3,2,open,2.7897487999871373,-3,8500,0
40,6,odd,truth,wrong,wrong,-500,-1,2,not_open,1.9125208999903407,-1,8000,3
41,4,even,lie,correct,wrong,-500,-1,2,not_open,5.971940499992343,-1,7500,3
42,1,even,truth,wrong,wrong,-500,-1,1,open,1.094671600003494,1,7000,4
43,1,odd,truth,correct,correct,500,-2,2,not_open,0.6577568000066094,-1,7500,3
44,1,odd,truth,correct,correct,500,-1,3,not_open,3.1489247999852523,-1,8000,3
45,6,odd,lie,wrong,correct,500,-2,2,not_open,1.9020809000066947,-1,8500,3
46,4,even,truth,correct,correct,500,-2,3,not_open,1.8082740000099875,-1,9000,3
47,6,odd,truth,wrong,wrong,-500,-3,1,open,2.2027885999996215,1,8500,4
48,1,even,lie,wrong,correct,500,-3,3,not_open,1.7366598999942653,-1,9000,3
49,2,odd,truth,wrong,wrong,-500,-1,3,not_open,3.001430200005416,-1,8500,3
50,6,even,truth,correct,correct,500,-1,1,not_open,9.567544400022598,-1,9000,3
51,5,odd,lie,correct,wrong,-500,-1,2,not_open,2.0590615999826696,-1,8500,3
52,5,odd,lie,correct,wrong,-500,-3,1,open,1.8468758999952115,-3,8000,0
53,3,even,truth,wrong,wrong,-500,-1,3,not_open,1.468378899997333,-1,7500,3
54,3,odd,lie,correct,wrong,-500,-1,1,open,0.8626081999973394,-1,7000,2
