trials,dice,user_choice_odd-even,whether_to_lie,actual_answer,dealer_answer,initial_reward,open_reward,open_penalty,user_response_open,choice_rt,choice_reward,balance
1,3,odd,truth,correct,correct,500,254,-112,not_open,4.76522500000101,-1,10500
2,5,even,truth,wrong,wrong,-500,254,-254,not_open,1.73425159999897,-1,10000
3,1,even,truth,wrong,wrong,-500,225,-225,open,2.6544630999997025,-225,9275
4,2,odd,lie,wrong,correct,500,112,-254,not_open,2.630301299999701,-1,9775
5,4,even,truth,correct,correct,500,112,-112,not_open,1.2878297000006569,-1,10275
6,1,even,lie,wrong,correct,500,112,-225,not_open,2.140912099999696,-1,10775
7,4,even,lie,correct,wrong,-500,225,-225,open,1.6089807999996992,225,10500
8,4,odd,truth,wrong,wrong,-500,225,-112,open,2.4379474999986996,-112,9888
9,6,even,truth,correct,correct,500,254,-254,not_open,1.3466712000008556,-1,10388
10,5,even,truth,wrong,wrong,-500,254,-112,open,1.4970579000000726,-112,9776
11,3,odd,truth,correct,correct,500,112,-254,not_open,1.3938412999996217,-1,10276
12,1,odd,lie,correct,wrong,-500,225,-112,not_open,1.223471100000097,-1,9776
13,4,even,truth,correct,correct,500,112,-112,not_open,1.1762071000011929,-1,10276
14,6,even,lie,correct,wrong,-500,254,-225,not_open,3.1407452000003104,-1,9776
15,1,odd,truth,correct,correct,500,112,-254,not_open,1.104331499998807,-1,10276
16,5,odd,lie,correct,wrong,-500,112,-254,not_open,1.0599665999998251,-1,9776
17,6,odd,lie,wrong,correct,500,254,-254,not_open,1.0045370000007097,-1,10276
18,4,even,lie,correct,wrong,-500,254,-112,open,1.2243292999992264,254,10030
19,1,odd,truth,correct,correct,500,112,-112,not_open,1.100609600000098,-1,10530
20,4,odd,lie,wrong,correct,500,112,-254,not_open,0.9607826999999816,-1,11030
21,3,even,truth,wrong,wrong,-500,225,-254,open,1.4367715999997017,-254,10276
22,4,odd,lie,wrong,correct,500,254,-254,not_open,0.8748460000006162,-1,10776
23,5,even,truth,wrong,wrong,-500,254,-112,open,1.2809582999998383,-112,10164
24,3,odd,lie,correct,wrong,-500,225,-254,not_open,1.1663487999994686,-1,9664
25,1,even,truth,wrong,wrong,-500,254,-254,open,1.282068900000013,-254,8910
26,6,even,truth,correct,correct,500,225,-112,not_open,3.41069410000091,-1,9410
27,1,odd,truth,correct,correct,500,112,-225,not_open,1.0165990000004967,-1,9910
28,3,odd,lie,correct,wrong,-500,112,-112,not_open,1.168945999999778,-1,9410
29,5,odd,truth,correct,correct,500,225,-112,open,1.1168238000009296,-112,9798
30,6,odd,lie,wrong,correct,500,225,-112,open,1.7667251999992004,225,10523
31,2,even,lie,correct,wrong,-500,112,-254,not_open,1.8934478999999556,-1,10023
32,2,even,lie,correct,wrong,-500,225,-225,not_open,0.9879476999994949,-1,9523
33,2,odd,truth,wrong,wrong,-500,225,-254,not_open,1.2290192000000388,-1,9023
34,6,odd,lie,wrong,correct,500,254,-112,not_open,2.295090800000253,-1,9523
35,1,odd,lie,correct,wrong,-500,254,-225,open,1.6610064999986207,254,9277
36,1,even,truth,wrong,wrong,-500,225,-254,open,1.912583799999993,-254,8523
37,4,odd,truth,wrong,wrong,-500,112,-225,not_open,0.8479520000000775,-1,8023
38,5,even,lie,wrong,correct,500,254,-225,not_open,1.6860807000011846,-1,8523
39,2,even,lie,correct,wrong,-500,225,-225,open,1.370477899999969,225,8248
40,2,even,truth,correct,correct,500,225,-225,not_open,0.9675874000004114,-1,8748
41,3,odd,truth,correct,correct,500,112,-225,not_open,0.9511400000010326,-1,9248
42,3,odd,lie,correct,wrong,-500,225,-112,not_open,1.1366770999993605,-1,8748
43,6,even,truth,correct,correct,500,254,-225,not_open,1.3881707999989885,-1,9248
44,3,odd,lie,correct,wrong,-500,112,-225,not_open,0.9064550000002782,-1,8748
45,5,odd,lie,correct,wrong,-500,254,-254,not_open,1.1555951000009372,-1,8248
46,1,odd,truth,correct,correct,500,254,-225,not_open,1.3526567999997496,-1,8748
47,2,odd,truth,wrong,wrong,-500,112,-112,not_open,1.3683419999997568,-1,8248
48,6,odd,truth,wrong,wrong,-500,112,-112,not_open,1.3905728999998246,-1,7748
49,1,even,truth,wrong,wrong,-500,225,-225,open,1.3833116000005248,-225,7023
50,6,odd,truth,wrong,wrong,-500,112,-225,not_open,1.2282415000008768,-1,6523
51,6,odd,truth,wrong,wrong,-500,225,-254,not_open,1.003476399999272,-1,6023
52,6,even,lie,correct,wrong,-500,254,-112,open,1.0935227000009036,254,5777
53,2,even,lie,correct,wrong,-500,254,-225,open,1.5033997999998974,254,5531
54,1,odd,lie,correct,wrong,-500,225,-254,not_open,1.7319219000000885,-1,5031
