trials,dice,user_choice_odd-even,whether_to_lie,actual_answer,dealer_answer,initial_reward,open_reward,open_penalty,user_response_open,choice_rt,choice_reward,balance,peg_balance
1,1,even,truth,wrong,wrong,-500,-3,1,not_open,3.5594601000011608,-1,9500,3
2,3,even,truth,wrong,wrong,-500,-3,3,open,6.293266000000585,3,9000,6
3,2,odd,truth,wrong,wrong,-500,-2,3,open,3.348151300000609,3,8500,6
4,3,odd,truth,correct,correct,500,-1,2,not_open,1.8959759999997914,-1,9000,3
5,6,even,lie,correct,wrong,-500,-3,2,not_open,2.570822400000907,-1,8500,3
6,1,odd,lie,correct,wrong,-500,-3,1,open,5.595843299999615,-3,8000,0
7,1,odd,truth,correct,correct,500,-1,3,not_open,1.3031080000000657,-1,8500,3
8,1,odd,lie,correct,wrong,-500,-3,1,open,1.1887358999993012,-3,8000,0
9,1,even,truth,wrong,wrong,-500,-2,1,not_open,1.807850099999996,-1,7500,3
10,2,odd,lie,wrong,correct,500,-1,3,not_open,1.2599567999986903,-1,8000,3
11,5,even,lie,wrong,correct,500,-1,1,not_open,0.5592281999997795,-1,8500,3
12,6,even,truth,correct,correct,500,-3,3,not_open,0.7135653000004822,-1,9000,3
13,2,odd,truth,wrong,wrong,-500,-2,1,not_open,3.3636894000010216,-1,8500,3
14,1,odd,lie,correct,wrong,-500,-1,2,open,2.4124010000014096,-1,8000,2
15,1,odd,truth,correct,correct,500,-3,3,open,2.571234300001379,3,8500,6
16,3,even,truth,wrong,wrong,-500,-2,2,open,2.678927900000417,2,8000,5
17,6,odd,lie,wrong,correct,500,-2,3,not_open,2.5514409999996133,-1,8500,3
18,3,even,truth,wrong,wrong,-500,-3,3,not_open,1.7494083999990835,-1,8000,3
19,1,odd,lie,correct,wrong,-500,-2,2,not_open,1.557334399998581,-1,7500,3
20,1,even,lie,wrong,correct,500,-1,3,not_open,1.1463953999991645,-1,8000,3
21,4,even,truth,correct,correct,500,-3,3,not_open,1.1574670000009064,-1,8500,3
22,6,odd,truth,wrong,wrong,-500,-1,1,open,2.3486744000001636,1,8000,4
23,3,odd,lie,correct,wrong,-500,-1,1,open,1.4869928000007349,-1,7500,2
24,1,even,truth,wrong,wrong,-500,-1,2,not_open,2.2992110999985016,-1,7000,3
25,6,odd,truth,wrong,wrong,-500,-3,1,open,2.2406549000006635,1,6500,4
26,1,even,lie,wrong,correct,500,-2,2,not_open,1.1639735000007931,-1,7000,3
27,6,even,lie,correct,wrong,-500,-1,2,not_open,3.077465899999879,-1,6500,3
28,1,odd,truth,correct,correct,500,-2,2,not_open,1.1260191999990639,-1,7000,3
29,6,odd,truth,wrong,wrong,-500,-3,2,not_open,3.7716880000007222,-1,6500,3
30,4,even,truth,correct,correct,500,-2,2,not_open,2.337842200000523,-1,7000,3
31,6,even,truth,correct,correct,500,-2,3,not_open,2.0230572000000393,-1,7500,3
32,6,even,lie,correct,wrong,-500,-3,2,open,2.5163486000001285,-3,7000,0
33,3,odd,lie,correct,wrong,-500,-1,1,not_open,2.456640899999911,-1,6500,3
34,4,odd,truth,wrong,wrong,-500,-3,3,not_open,1.8099722000006295,-1,6000,3
35,3,odd,lie,correct,wrong,-500,-1,3,not_open,2.8963162999989436,-1,5500,3
36,2,even,truth,correct,correct,500,-3,2,not_open,1.4066550999996252,-1,6000,3
37,2,odd,truth,wrong,wrong,-500,-1,2,open,2.1973981999999523,2,5500,5
38,5,even,lie,wrong,correct,500,-2,1,open,4.982495300000664,-2,6000,1
39,2,even,lie,correct,wrong,-500,-1,3,not_open,2.440511200000401,-1,5500,3
40,3,odd,truth,correct,correct,500,-2,3,not_open,1.0729994000012084,-1,6000,3
41,6,even,truth,correct,correct,500,-2,1,open,1.7427877000009175,1,6500,4
42,1,odd,lie,correct,wrong,-500,-2,1,open,2.1469868999993196,-2,6000,1
43,5,even,truth,wrong,wrong,-500,-2,2,not_open,1.2361459000003379,-1,5500,3
44,3,odd,lie,correct,wrong,-500,-2,3,not_open,2.213088399999833,-1,5000,3
45,1,even,lie,wrong,correct,500,-1,1,open,2.3619558999998844,-1,5500,2
46,4,odd,lie,wrong,correct,500,-1,3,not_open,2.311969300000783,-1,6000,3
47,6,even,lie,correct,wrong,-500,-2,3,not_open,2.1722389999995357,-1,5500,3
48,4,even,lie,correct,wrong,-500,-3,1,open,1.7477775999996084,-3,5000,0
49,2,odd,truth,wrong,wrong,-500,-1,1,not_open,1.7921794000012596,-1,4500,3
50,4,odd,lie,wrong,correct,500,-3,2,not_open,2.640847799999392,-1,5000,3
51,4,even,truth,correct,correct,500,-1,2,not_open,2.7055321000007098,-1,5500,3
52,2,even,lie,correct,wrong,-500,-3,1,open,1.3634368000002723,-3,5000,0
53,2,odd,truth,wrong,wrong,-500,-3,2,open,1.7076207999998587,2,4500,5
54,4,odd,truth,wrong,wrong,-500,-2,1,not_open,3.313959499999328,-1,4000,3
