trials,dice,user_choice_odd-even,whether_to_lie,actual_answer,dealer_answer,initial_reward,open_reward,open_penalty,user_response_open,choice_rt,choice_reward,balance,peg_balance
1,4,even,lie,correct,wrong,-500,-3,2,not_open,8.585298099787906,-1,9500,3
2,5,even,lie,wrong,correct,500,-3,2,open,3.1370133999735117,-3,10000,0
3,4,even,truth,correct,correct,500,-1,1,not_open,1.1698938000481576,-1,10500,3
4,2,odd,truth,wrong,wrong,-500,-1,3,open,5.490411199862137,3,10000,6
5,1,odd,truth,correct,correct,500,-3,1,not_open,3.234635900007561,-1,10500,3
6,4,even,lie,correct,wrong,-500,-1,2,open,5.46599439997226,-1,10000,2
7,4,even,truth,correct,correct,500,-2,3,not_open,1.5715855001471937,-1,10500,3
8,3,odd,lie,correct,wrong,-500,-1,2,open,3.1913499000947922,-1,10000,2
9,5,even,lie,wrong,correct,500,-3,3,not_open,1.3568802999798208,-1,10500,3
10,6,odd,lie,wrong,correct,500,-1,2,not_open,1.6792129001114517,-1,11000,3
11,5,even,lie,wrong,correct,500,-1,2,open,1.6419750000350177,-1,11500,2
12,6,odd,truth,wrong,wrong,-500,-2,3,not_open,1.4088749999646097,-1,11000,3
13,6,even,lie,correct,wrong,-500,-3,3,open,2.508636899990961,-3,10500,0
14,1,odd,truth,correct,correct,500,-1,3,open,2.1381049000192434,3,11000,6
15,2,odd,lie,wrong,correct,500,-2,3,not_open,0.700463900109753,-1,11500,3
16,2,odd,lie,wrong,correct,500,-2,3,not_open,1.0983854001387954,-1,12000,3
17,6,even,truth,correct,correct,500,-3,2,open,3.912553899921477,2,12500,5
18,2,even,lie,correct,wrong,-500,-3,1,open,1.9159144000150263,-3,12000,0
19,6,odd,lie,wrong,correct,500,-2,1,not_open,0.7741090999916196,-1,12500,3
20,1,even,truth,wrong,wrong,-500,-1,1,open,1.719794200034812,1,12000,4
21,4,even,truth,correct,correct,500,-1,3,open,4.483166899997741,3,12500,6
22,4,odd,truth,wrong,wrong,-500,-1,1,not_open,1.6659891000017524,-1,12000,3
23,2,odd,lie,wrong,correct,500,-1,3,not_open,1.2580411999952048,-1,12500,3
24,2,odd,lie,wrong,correct,500,-3,2,open,2.652887800009921,-3,13000,0
25,6,even,lie,correct,wrong,-500,-3,2,not_open,0.8332233000546694,-1,12500,3
26,6,even,lie,correct,wrong,-500,-1,3,not_open,0.8795028000604361,-1,12000,3
27,5,even,truth,wrong,wrong,-500,-3,3,not_open,1.1009937999770045,-1,11500,3
28,2,even,truth,correct,correct,500,-2,1,open,2.5761686998885125,1,12000,4
29,3,odd,truth,correct,correct,500,-1,1,open,2.0470561999827623,1,12500,4
30,5,odd,lie,correct,wrong,-500,-3,1,not_open,4.04780469997786,-1,12000,3
31,1,even,lie,wrong,correct,500,-2,2,not_open,1.170986499870196,-1,12500,3
32,1,odd,truth,correct,correct,500,-3,1,open,1.8712313000578433,1,13000,4
33,3,even,lie,wrong,correct,500,-3,1,open,2.149559099925682,-3,13500,0
34,1,odd,lie,correct,wrong,-500,-3,1,not_open,1.2958159998524934,-1,13000,3
35,3,even,truth,wrong,wrong,-500,-2,2,not_open,0.8093648999929428,-1,12500,3
36,2,odd,lie,wrong,correct,500,-2,1,open,2.2121555998455733,-2,13000,1
37,4,even,lie,correct,wrong,-500,-2,3,not_open,0.6875111002009362,-1,12500,3
38,2,odd,truth,wrong,wrong,-500,-2,1,open,1.8501934001687914,1,12000,4
39,3,odd,truth,correct,correct,500,-2,2,not_open,0.9382033001165837,-1,12500,3
40,1,odd,lie,correct,wrong,-500,-2,2,not_open,0.9287197000812739,-1,12000,3
41,5,odd,lie,correct,wrong,-500,-2,3,not_open,0.9543286000844091,-1,11500,3
42,5,even,lie,wrong,correct,500,-1,2,not_open,2.024261499987915,-1,12000,3
43,5,odd,lie,correct,wrong,-500,-1,1,not_open,0.8932900000363588,-1,11500,3
44,3,even,truth,wrong,wrong,-500,-1,2,not_open,0.9820662001147866,-1,11000,3
45,2,odd,truth,wrong,wrong,-500,-1,3,open,1.4544414000120014,3,10500,6
46,1,odd,truth,correct,correct,500,-3,3,not_open,0.5520784999243915,-1,11000,3
47,5,odd,lie,correct,wrong,-500,-1,1,not_open,0.8652634001336992,-1,10500,3
48,3,even,truth,wrong,wrong,-500,-2,2,not_open,0.7479600000660866,-1,10000,3
49,2,odd,lie,wrong,correct,500,-3,3,open,1.3380960000213236,-3,10500,0
50,4,even,truth,correct,correct,500,-2,2,not_open,0.5172357000410557,-1,11000,3
51,6,odd,truth,wrong,wrong,-500,-2,1,open,1.662235800176859,1,10500,4
52,4,even,lie,correct,wrong,-500,-3,3,not_open,0.9374928998295218,-1,10000,3
53,5,even,truth,wrong,wrong,-500,-2,1,not_open,0.9631295998115093,-1,9500,3
54,6,even,lie,correct,wrong,-500,-3,2,open,1.4454793999902904,-3,9000,0
