trials,dice,user_choice_odd-even,whether_to_lie,actual_answer,dealer_answer,initial_reward,open_reward,open_penalty,user_response_open,choice_rt,choice_reward,balance
1,4,odd,lie,wrong,correct,500,300,-150,not_open,4.746531200129539,-1,10500
2,3,even,lie,wrong,correct,500,300,-450,not_open,5.0939184001181275,-1,11000
3,1,even,truth,wrong,wrong,-500,450,-300,open,4.882421200163662,-300,10200
4,2,odd,truth,wrong,wrong,-500,450,-300,open,2.2655529000330716,-300,9400
5,2,odd,truth,wrong,wrong,-500,150,-300,open,0.865025999955833,-300,8600
6,2,odd,truth,wrong,wrong,-500,450,-450,not_open,4.163105600047857,-1,8100
7,5,odd,truth,correct,correct,500,150,-150,not_open,1.8102541998960078,-1,8600
8,1,even,truth,wrong,wrong,-500,450,-150,open,3.81924940017052,-150,7950
9,2,even,truth,correct,correct,500,450,-450,not_open,2.9238380000460893,-1,8450
10,4,even,lie,correct,wrong,-500,150,-450,open,4.014747600071132,150,8100
11,6,odd,lie,wrong,correct,500,450,-450,not_open,1.0736302000004798,-1,8600
12,4,odd,lie,wrong,correct,500,450,-150,not_open,2.9660626999102533,-1,9100
13,6,even,lie,correct,wrong,-500,150,-450,open,3.7714610998518765,150,8750
14,3,even,lie,wrong,correct,500,300,-300,not_open,1.4735232000239193,-1,9250
15,5,odd,truth,correct,correct,500,450,-150,not_open,2.2391350001562387,-1,9750
16,2,odd,truth,wrong,wrong,-500,300,-150,not_open,1.6660561000462621,-1,9250
17,3,even,lie,wrong,correct,500,300,-300,not_open,1.1250079998280853,-1,9750
18,3,odd,lie,correct,wrong,-500,450,-300,not_open,1.3523092998657376,-1,9250
19,1,even,lie,wrong,correct,500,150,-300,open,2.54783820011653,150,9900
20,2,odd,truth,wrong,wrong,-500,300,-150,not_open,1.4317580999340862,-1,9400
21,2,odd,lie,wrong,correct,500,300,-150,not_open,1.4914861000142992,-1,9900
22,5,odd,truth,correct,correct,500,150,-300,open,1.5490281998645514,-300,10100
23,3,even,truth,wrong,wrong,-500,300,-150,open,1.2180979000404477,-150,9450
24,2,even,truth,correct,correct,500,450,-300,not_open,1.3790213998872787,-1,9950
25,3,even,lie,wrong,correct,500,300,-450,open,2.3431409001350403,300,10750
26,6,even,lie,correct,wrong,-500,150,-150,not_open,0.7432981999590993,-1,10250
27,2,odd,lie,wrong,correct,500,150,-450,open,2.201814799802378,150,10900
28,5,even,truth,wrong,wrong,-500,300,-300,open,3.414102300070226,-300,10100
29,3,odd,lie,correct,wrong,-500,150,-300,open,1.6514235001523048,150,9750
30,5,even,truth,wrong,wrong,-500,150,-300,not_open,1.151421400019899,-1,9250
31,5,even,lie,wrong,correct,500,150,-150,not_open,0.7581955001223832,-1,9750
32,3,even,lie,wrong,correct,500,450,-300,not_open,1.2608126001432538,-1,10250
33,6,even,truth,correct,correct,500,150,-450,open,2.0028921000193805,-450,10300
34,5,odd,truth,correct,correct,500,150,-150,not_open,1.0303863999433815,-1,10800
35,1,odd,truth,correct,correct,500,300,-300,not_open,0.8720118999481201,-1,11300
36,4,odd,truth,wrong,wrong,-500,300,-300,not_open,0.920596799813211,-1,10800
37,2,even,lie,correct,wrong,-500,300,-450,open,1.1521159999538213,300,10600
38,1,even,truth,wrong,wrong,-500,450,-450,not_open,0.599343900103122,-1,10100
39,1,even,lie,wrong,correct,500,150,-300,not_open,1.9715249999426305,-1,10600
40,6,even,lie,correct,wrong,-500,150,-150,open,1.0196640000212938,150,10250
41,3,even,truth,wrong,wrong,-500,300,-450,open,1.6127029999624938,-450,9300
42,6,odd,lie,wrong,correct,500,300,-150,not_open,0.8272714000195265,-1,9800
43,2,odd,truth,wrong,wrong,-500,150,-450,open,2.291067299898714,-450,8850
44,6,even,truth,correct,correct,500,300,-450,not_open,1.0618378999643028,-1,9350
45,3,even,lie,wrong,correct,500,150,-450,open,2.128232100047171,150,10000
46,2,odd,lie,wrong,correct,500,150,-150,not_open,0.9893900000024587,-1,10500
47,3,odd,lie,correct,wrong,-500,300,-300,not_open,1.001466599991545,-1,10000
48,2,even,lie,correct,wrong,-500,450,-450,not_open,2.3796820999123156,-1,9500
49,5,even,truth,wrong,wrong,-500,450,-300,open,1.493276100140065,-300,8700
50,1,odd,truth,correct,correct,500,300,-450,not_open,1.051285699941218,-1,9200
51,1,even,truth,wrong,wrong,-500,450,-150,not_open,1.9384047000203282,-1,8700
52,6,odd,truth,wrong,wrong,-500,450,-450,open,1.0434900000691414,-450,7750
53,2,even,truth,correct,correct,500,450,-150,not_open,1.1600677000824362,-1,8250
54,3,even,truth,wrong,wrong,-500,450,-150,not_open,1.0846339000854641,-1,7750
