trials,dice,user_choice_odd-even,whether_to_lie,actual_answer,dealer_answer,initial_reward,open_reward,open_penalty,user_response_open,choice_rt,choice_reward,balance,peg_balance
1,2,odd,truth,wrong,wrong,-500,-3,3,open,6.419778399998904,3,9500,6
2,4,odd,lie,wrong,correct,500,-1,2,open,1.5750192999985302,-1,10000,2
3,3,odd,truth,correct,correct,500,-2,2,not_open,2.773006500006886,-1,10500,3
4,4,odd,lie,wrong,correct,500,-1,1,open,3.4205101000115974,-1,11000,2
5,5,odd,truth,correct,correct,500,-2,1,not_open,4.167395700002089,-1,11500,3
6,1,odd,lie,correct,wrong,-500,-2,2,open,2.852359600001364,-2,11000,1
7,4,odd,truth,wrong,wrong,-500,-3,1,open,5.001301900003455,1,10500,4
8,2,odd,truth,wrong,wrong,-500,-3,3,open,4.093762599994079,3,10000,6
9,1,odd,lie,correct,wrong,-500,-2,3,not_open,2.835322400002042,-1,9500,3
10,2,odd,truth,wrong,wrong,-500,-2,1,open,0.5330586999916704,1,9000,4
11,4,odd,truth,wrong,wrong,-500,-2,2,open,2.060597699994105,2,8500,5
12,1,odd,lie,correct,wrong,-500,-1,3,open,2.4403582000086317,-1,8000,2
13,3,odd,truth,correct,correct,500,-1,2,not_open,0.9250821999885375,-1,8500,3
14,6,odd,truth,wrong,wrong,-500,-2,3,open,0.25583919999189675,3,8000,6
15,6,odd,lie,wrong,correct,500,-2,2,open,0.48555120000673924,-2,8500,1
16,6,odd,truth,wrong,wrong,-500,-3,3,open,0.3671092000004137,3,8000,6
17,2,odd,truth,wrong,wrong,-500,-3,2,open,0.7650735999923199,2,7500,5
18,1,odd,lie,correct,wrong,-500,-1,3,open,2.3971000000019558,-1,7000,2
19,2,odd,truth,wrong,wrong,-500,-1,3,open,1.6856070999929216,3,6500,6
20,4,odd,truth,wrong,wrong,-500,-2,3,open,1.841734000001452,3,6000,6
21,2,odd,lie,wrong,correct,500,-1,3,open,0.8521538000059081,-1,6500,2
22,2,odd,truth,wrong,wrong,-500,-3,1,not_open,1.7344531999988249,-1,6000,3
23,3,odd,truth,correct,correct,500,-1,1,open,3.029282499992405,1,6500,4
24,2,odd,lie,wrong,correct,500,-1,2,not_open,2.5352795999933733,-1,7000,3
25,2,odd,lie,wrong,correct,500,-2,1,open,1.339246000003186,-2,7500,1
26,1,odd,truth,correct,correct,500,-3,1,open,1.7676991000043927,1,8000,4
27,4,odd,lie,wrong,correct,500,-3,2,not_open,2.783050399986678,-1,8500,3
28,2,odd,truth,wrong,wrong,-500,-1,3,open,4.400830500002485,3,8000,6
29,2,odd,lie,wrong,correct,500,-2,2,not_open,1.9441042999969795,-1,8500,3
30,1,odd,truth,correct,correct,500,-3,1,open,1.6641242999903625,1,9000,4
31,6,odd,lie,wrong,correct,500,-2,1,open,1.5850141999981133,-2,9500,1
32,5,odd,truth,correct,correct,500,-1,1,open,1.2405186999967555,1,10000,4
33,5,odd,lie,correct,wrong,-500,-2,1,open,1.3520779999962542,-2,9500,1
34,3,odd,lie,correct,wrong,-500,-3,2,not_open,2.1156973999895854,-1,9000,3
35,5,odd,truth,correct,correct,500,-1,2,not_open,1.5877917999896454,-1,9500,3
36,6,odd,lie,wrong,correct,500,-3,1,open,1.1611043000011705,-3,10000,0
37,6,odd,truth,wrong,wrong,-500,-3,1,open,2.0758802000054857,1,9500,4
38,3,odd,truth,correct,correct,500,-2,2,not_open,1.2634728999983054,-1,10000,3
39,3,odd,truth,correct,correct,500,-1,2,not_open,1.0845745999977225,-1,10500,3
40,4,odd,lie,wrong,correct,500,-1,1,open,2.0556363000068814,-1,11000,2
41,2,odd,lie,wrong,correct,500,-3,2,open,1.6495993999997154,-3,11500,0
42,1,odd,lie,correct,wrong,-500,-1,1,open,1.1043721000023652,-1,11000,2
43,4,odd,truth,wrong,wrong,-500,-1,2,not_open,1.510936100006802,-1,10500,3
44,5,odd,lie,correct,wrong,-500,-2,3,not_open,1.4076117999939015,-1,10000,3
45,3,odd,lie,correct,wrong,-500,-3,3,not_open,2.427696600003401,-1,9500,3
46,4,odd,lie,wrong,correct,500,-1,3,not_open,1.290775899993605,-1,10000,3
47,2,odd,truth,wrong,wrong,-500,-2,3,not_open,1.2342226000037044,-1,9500,3
48,3,odd,truth,correct,correct,500,-3,3,not_open,1.231440300005488,-1,10000,3
49,3,odd,truth,correct,correct,500,-2,1,open,1.592141700006323,1,10500,4
50,4,odd,lie,wrong,correct,500,-3,2,open,1.7946087999880547,-3,11000,0
51,2,odd,truth,wrong,wrong,-500,-3,2,open,1.5744425000011688,2,10500,5
52,5,odd,lie,correct,wrong,-500,-3,3,not_open,1.210282299987739,-1,10000,3
53,2,odd,truth,wrong,wrong,-500,-1,1,open,1.0421510000014678,1,9500,4
54,2,odd,truth,wrong,wrong,-500,-2,3,not_open,1.3658825000020443,-1,9000,3
