trials,dice,user_choice_odd-even,whether_to_lie,actual_answer,dealer_answer,initial_reward,open_reward,open_penalty,user_response_open,choice_rt,choice_reward,balance
1,3,odd,lie,correct,wrong,-500,10,-10,open,2.925226499995915,10,9510
2,2,odd,truth,wrong,wrong,-500,64,-64,open,0.8901610999892,-64,8946
3,3,odd,truth,correct,correct,500,10,-38,open,2.596295800001826,-38,9408
4,2,odd,lie,wrong,correct,500,10,-64,open,1.542219599999953,10,9918
5,1,odd,truth,correct,correct,500,10,-38,open,0.779119200000423,-38,10380
6,6,odd,truth,wrong,wrong,-500,38,-64,open,3.855657299995073,-64,9816
7,1,odd,lie,correct,wrong,-500,64,-10,open,1.9258126999920933,64,9380
8,5,odd,truth,correct,correct,500,64,-10,open,1.1727897999953711,-10,9870
9,4,odd,lie,wrong,correct,500,10,-64,open,0.7896533000021009,10,10380
10,2,odd,lie,wrong,correct,500,38,-64,open,0.5270061999908648,38,10918
11,1,odd,lie,correct,wrong,-500,10,-10,open,0.3233559000073001,10,10428
12,2,odd,truth,wrong,wrong,-500,64,-38,open,0.3633712999871932,-38,9890
13,2,odd,lie,wrong,correct,500,10,-64,open,0.2616168000095058,10,10400
14,6,odd,truth,wrong,wrong,-500,64,-10,open,0.6029466999898432,-10,9890
15,6,odd,lie,wrong,correct,500,64,-10,open,0.3382276000047568,64,10454
16,1,odd,lie,correct,wrong,-500,10,-10,open,0.518369099998381,10,9964
17,5,odd,lie,correct,wrong,-500,10,-38,open,0.5114766999904532,10,9474
18,2,odd,truth,wrong,wrong,-500,64,-38,open,1.0360115999937989,-38,8936
19,3,odd,lie,correct,wrong,-500,10,-38,open,0.6036563999950886,10,8446
20,4,odd,truth,wrong,wrong,-500,38,-10,open,0.6542011999990791,-10,7936
21,3,odd,truth,correct,correct,500,64,-38,open,0.6917503000004217,-38,8398
22,1,odd,lie,correct,wrong,-500,38,-64,open,0.3426061999925878,38,7936
23,5,odd,lie,correct,wrong,-500,38,-38,open,0.30582069999945816,38,7474
24,5,odd,lie,correct,wrong,-500,10,-64,open,0.3945201000024099,10,6984
25,4,odd,lie,wrong,correct,500,38,-38,open,0.6333039999881294,38,7522
26,5,odd,truth,correct,correct,500,38,-38,open,0.14323079999303445,-38,7984
27,5,odd,lie,correct,wrong,-500,10,-38,open,0.7736148000112735,10,7494
28,6,odd,lie,wrong,correct,500,38,-10,open,0.5568922999955248,38,8032
29,1,odd,lie,correct,wrong,-500,64,-38,open,0.7702350000035949,64,7596
30,6,odd,truth,wrong,wrong,-500,64,-64,open,0.2739428000058979,-64,7032
31,6,odd,lie,wrong,correct,500,64,-64,open,0.41363640000054147,64,7596
32,4,odd,lie,wrong,correct,500,38,-38,open,0.7037936000124319,38,8134
33,2,odd,lie,wrong,correct,500,38,-64,open,0.10952800000086427,38,8672
34,6,odd,lie,wrong,correct,500,38,-38,open,0.2530753999890294,38,9210
35,4,odd,truth,wrong,wrong,-500,64,-64,open,0.10269470000639558,-64,8646
36,4,odd,lie,wrong,correct,500,64,-64,open,0.2542033000063384,64,9210
37,6,odd,truth,wrong,wrong,-500,10,-10,open,0.06140459999733139,-10,8700
38,3,odd,truth,correct,correct,500,64,-64,open,0.39455009999801405,-64,9136
39,1,odd,truth,correct,correct,500,38,-10,open,0.13050460000522435,-10,9626
40,3,odd,lie,correct,wrong,-500,10,-38,open,0.060430300000007264,10,9136
41,4,odd,lie,wrong,correct,500,38,-10,open,0.030696999994688667,38,9674
42,1,odd,truth,correct,correct,500,38,-10,open,0.21365349998814054,-10,10164
43,1,odd,truth,correct,correct,500,64,-38,open,0.22392050000780728,-38,10626
44,4,odd,lie,wrong,correct,500,64,-10,open,0.18944119999650866,64,11190
45,2,odd,lie,wrong,correct,500,38,-10,open,0.015178600006038323,38,11728
46,3,odd,truth,correct,correct,500,64,-38,open,0.1992584999970859,-38,12190
47,4,odd,lie,wrong,correct,500,38,-38,open,0.2142116999893915,38,12728
48,1,odd,truth,correct,correct,500,10,-64,open,0.15288480000162963,-64,13164
49,2,odd,truth,wrong,wrong,-500,64,-10,open,0.21740970000973903,-10,12654
50,3,odd,lie,correct,wrong,-500,10,-10,open,0.2530204000067897,10,12164
51,5,odd,truth,correct,correct,500,10,-64,open,0.11313689999224152,-64,12600
52,2,odd,truth,wrong,wrong,-500,38,-64,open,0.19486219999089371,-64,12036
53,3,odd,lie,correct,wrong,-500,38,-64,open,0.8901543999963906,38,11574
54,2,odd,truth,wrong,wrong,-500,10,-10,open,0.05066169999190606,-10,11064
