trials,dice,user_choice_odd-even,whether_to_lie,actual_answer,dealer_answer,initial_reward,open_reward,open_penalty,user_response_open,choice_rt,choice_reward,balance
1,3,odd,lie,correct,wrong,-500,57,-57,open,5.835381999990204,57,9557
2,6,even,lie,correct,wrong,-500,141,-141,open,1.7789740999869537,141,9198
3,6,even,lie,correct,wrong,-500,57,-57,open,1.559195899986662,57,8755
4,5,odd,lie,correct,wrong,-500,141,-141,open,1.5621075999806635,141,8396
5,3,even,truth,wrong,wrong,-500,141,-141,open,0.796974600001704,-141,7755
6,1,even,truth,wrong,wrong,-500,57,-141,not_open,4.920990000013262,-1,7255
7,2,odd,truth,wrong,wrong,-500,57,-57,open,1.0920880000048783,-57,6698
8,6,odd,lie,wrong,correct,500,57,-141,not_open,2.795495900005335,-1,7198
9,1,even,lie,wrong,correct,500,57,-141,not_open,0.8440395999932662,-1,7698
10,3,even,truth,wrong,wrong,-500,94,-94,open,1.0252338999998756,-94,7104
11,3,even,lie,wrong,correct,500,94,-141,not_open,2.294012600003043,-1,7604
12,2,odd,truth,wrong,wrong,-500,57,-94,open,1.2553741999727208,-94,7010
13,1,odd,truth,correct,correct,500,141,-57,open,1.2674478999979328,-57,7453
14,5,even,lie,wrong,correct,500,94,-94,open,0.8211459000012837,94,8047
15,6,even,truth,correct,correct,500,94,-57,open,1.5760579999769107,-57,8490
16,6,odd,lie,wrong,correct,500,141,-94,open,0.8981180999835487,141,9131
17,1,even,lie,wrong,correct,500,57,-94,not_open,0.8338904000120237,-1,9631
18,3,even,truth,wrong,wrong,-500,94,-141,not_open,0.8234651000238955,-1,9131
19,2,even,lie,correct,wrong,-500,94,-141,not_open,1.6656434000178706,-1,8631
20,4,even,lie,correct,wrong,-500,94,-57,open,1.1011865999898873,94,8225
21,2,odd,lie,wrong,correct,500,141,-94,open,1.6307668999943417,141,8866
22,4,even,lie,correct,wrong,-500,141,-94,open,2.0961775000032503,141,8507
23,6,odd,truth,wrong,wrong,-500,141,-94,open,2.2674669999978505,-94,7913
24,3,even,truth,wrong,wrong,-500,94,-57,open,2.60791479999898,-57,7356
25,3,odd,truth,correct,correct,500,57,-141,not_open,2.810094200016465,-1,7856
26,4,even,lie,correct,wrong,-500,141,-57,open,0.49381220000213943,141,7497
27,2,even,truth,correct,correct,500,57,-57,open,1.0590701999899466,-57,7940
28,1,odd,truth,correct,correct,500,57,-57,open,0.7113348999992013,-57,8383
29,5,even,truth,wrong,wrong,-500,141,-94,open,0.9682431000110228,-94,7789
30,1,even,truth,wrong,wrong,-500,94,-94,open,1.016866799996933,-94,7195
31,3,odd,lie,correct,wrong,-500,141,-94,open,0.6849798000184819,141,6836
32,3,odd,truth,correct,correct,500,141,-57,open,0.9048496999894269,-57,7279
33,5,even,lie,wrong,correct,500,94,-57,open,0.945586199988611,94,7873
34,6,even,lie,correct,wrong,-500,94,-141,not_open,1.0531056000036187,-1,7373
35,2,even,lie,correct,wrong,-500,57,-141,not_open,1.233008700015489,-1,6873
36,4,odd,lie,wrong,correct,500,94,-57,open,0.7423891999933403,94,7467
37,6,odd,truth,wrong,wrong,-500,141,-57,open,0.943846099980874,-57,6910
38,3,odd,lie,correct,wrong,-500,57,-57,open,0.9727432999934535,57,6467
39,4,even,truth,correct,correct,500,94,-57,not_open,1.3210322000086308,-1,6967
40,4,even,lie,correct,wrong,-500,57,-94,not_open,1.110684899991611,-1,6467
41,3,even,truth,wrong,wrong,-500,57,-94,open,1.3743522000149824,-94,5873
42,4,even,lie,correct,wrong,-500,94,-141,open,0.9791469000047073,94,5467
43,2,even,truth,correct,correct,500,141,-141,not_open,0.5051049999892712,-1,5967
44,5,even,truth,wrong,wrong,-500,141,-57,open,0.7093274999933783,-57,5410
45,6,odd,lie,wrong,correct,500,94,-141,not_open,1.2708635000162758,-1,5910
46,3,odd,lie,correct,wrong,-500,141,-57,open,1.4808018000039738,141,5551
47,5,even,truth,wrong,wrong,-500,94,-94,open,2.695864100009203,-94,4957
48,4,odd,lie,wrong,correct,500,94,-94,open,0.8865382999938447,94,5551
49,1,odd,lie,correct,wrong,-500,141,-141,open,1.4015149000042584,141,5192
50,1,even,lie,wrong,correct,500,57,-94,not_open,2.4131014000158757,-1,5692
51,4,odd,truth,wrong,wrong,-500,94,-94,not_open,1.1205279999994673,-1,5192
52,1,even,truth,wrong,wrong,-500,57,-141,open,5.497569200000726,-141,4551
53,1,odd,lie,correct,wrong,-500,141,-141,open,1.0150484999758191,141,4192
54,3,odd,truth,correct,correct,500,57,-94,not_open,0.9981729999999516,-1,4692
