trials,dice,user_choice_odd-even,whether_to_lie,actual_answer,dealer_answer,initial_reward,open_reward,open_penalty,user_response_open,choice_rt,choice_reward,balance,peg_balance
1,3,odd,truth,correct,correct,500,-1,1,not_open,8.711643300019205,-1,10500,3
2,4,odd,truth,wrong,wrong,-500,-3,1,open,8.454320799995912,1,10000,4
3,6,odd,lie,wrong,correct,500,-1,3,not_open,1.5392888000060339,-1,10500,3
4,3,odd,truth,correct,correct,500,-1,3,not_open,1.5421918999927584,-1,11000,3
5,2,even,lie,correct,wrong,-500,-3,2,not_open,9.893108500022208,-1,10500,3
6,5,even,truth,wrong,wrong,-500,-1,2,open,5.385870099999011,2,10000,5
7,3,odd,lie,correct,wrong,-500,-2,2,open,5.818495799991069,-2,9500,1
8,5,even,lie,wrong,correct,500,-2,2,not_open,0.45313680000253953,-1,10000,3
9,4,even,lie,correct,wrong,-500,-3,1,open,2.0817288999969605,-3,9500,0
10,3,even,truth,wrong,wrong,-500,-1,2,not_open,2.2384388000064064,-1,9000,3
11,4,odd,truth,wrong,wrong,-500,-1,1,open,2.4927132000157144,1,8500,4
12,2,odd,truth,wrong,wrong,-500,-1,3,not_open,1.9356337000208441,-1,8000,3
13,5,even,lie,wrong,correct,500,-2,1,not_open,0.6784156000067014,-1,8500,3
14,2,even,lie,correct,wrong,-500,-2,3,open,4.268147499999031,-2,8000,1
15,1,odd,truth,correct,correct,500,-2,1,not_open,0.213896700006444,-1,8500,3
16,6,odd,lie,wrong,correct,500,-2,1,not_open,0.3889306999917608,-1,9000,3
17,5,even,truth,wrong,wrong,-500,-3,3,open,5.611657999979798,3,8500,6
18,3,even,truth,wrong,wrong,-500,-1,2,not_open,2.258849600009853,-1,8000,3
19,4,odd,truth,wrong,wrong,-500,-2,2,open,2.2973434000159614,2,7500,5
20,3,even,lie,wrong,correct,500,-2,3,not_open,1.0533480000158306,-1,8000,3
21,4,even,lie,correct,wrong,-500,-2,3,not_open,1.4786617000063416,-1,7500,3
22,1,odd,truth,correct,correct,500,-1,1,open,1.209597400011262,1,8000,4
23,6,even,lie,correct,wrong,-500,-2,2,open,2.159760799986543,-2,7500,1
24,3,odd,truth,correct,correct,500,-3,3,not_open,1.0995945000031497,-1,8000,3
25,6,odd,lie,wrong,correct,500,-2,3,not_open,0.7738309999986086,-1,8500,3
26,6,odd,truth,wrong,wrong,-500,-1,2,not_open,2.8595227999903727,-1,8000,3
27,3,even,truth,wrong,wrong,-500,-2,3,open,4.831736399995862,3,7500,6
28,4,odd,lie,wrong,correct,500,-1,1,open,3.0117404999909922,-1,8000,2
29,2,even,truth,correct,correct,500,-1,3,not_open,0.7115015999879688,-1,8500,3
30,4,even,truth,correct,correct,500,-3,3,open,2.527613800019026,3,9000,6
31,5,even,truth,wrong,wrong,-500,-1,3,not_open,3.328399599995464,-1,8500,3
32,6,odd,truth,wrong,wrong,-500,-1,1,open,1.5056405999930575,1,8000,4
33,1,odd,lie,correct,wrong,-500,-1,3,not_open,1.434097199991811,-1,7500,3
34,5,odd,truth,correct,correct,500,-3,3,open,1.6390014999778941,3,8000,6
35,3,odd,truth,correct,correct,500,-2,2,open,1.4358579999825452,2,8500,5
36,6,even,truth,correct,correct,500,-3,1,open,1.7485122999933083,1,9000,4
37,1,even,lie,wrong,correct,500,-2,2,open,1.2668758000072557,-2,9500,1
38,4,odd,lie,wrong,correct,500,-3,1,open,2.0876505999767687,-3,10000,0
39,2,even,truth,correct,correct,500,-3,2,open,2.1370643000118434,2,10500,5
40,3,even,lie,wrong,correct,500,-3,1,open,1.4647460999840405,-3,11000,0
41,5,even,lie,wrong,correct,500,-1,2,not_open,1.2516322000010405,-1,11500,3
42,2,even,truth,correct,correct,500,-3,2,open,1.555419799988158,2,12000,5
43,5,odd,truth,correct,correct,500,-3,2,open,1.6380320999887772,2,12500,5
44,2,even,lie,correct,wrong,-500,-2,1,open,1.2999368000018876,-2,12000,1
45,4,odd,lie,wrong,correct,500,-2,3,not_open,1.0255233000207227,-1,12500,3
46,3,even,lie,wrong,correct,500,-3,3,open,1.6429768000089098,-3,13000,0
47,4,odd,truth,wrong,wrong,-500,-3,2,open,1.4284397999872454,2,12500,5
48,5,even,lie,wrong,correct,500,-3,2,open,1.8262982000014745,-3,13000,0
49,3,even,truth,wrong,wrong,-500,-3,3,open,0.8793256999924779,3,12500,6
50,4,even,truth,correct,correct,500,-3,1,open,1.0389031000086106,1,13000,4
51,3,odd,truth,correct,correct,500,-2,1,open,1.243381300009787,1,13500,4
52,6,odd,lie,wrong,correct,500,-1,2,not_open,1.5147413999948185,-1,14000,3
53,6,odd,lie,wrong,correct,500,-2,1,open,2.3164974999963306,-2,14500,1
54,5,odd,lie,correct,wrong,-500,-1,1,open,2.358812199992826,-1,14000,2
