trials,dice,user_choice_odd-even,whether_to_lie,actual_answer,dealer_answer,initial_reward,open_reward,open_penalty,user_response_open,choice_rt,choice_reward,balance
1,5,odd,lie,correct,wrong,-500,300,-300,not_open,12.385190100001637,-1,9500
2,4,odd,truth,wrong,wrong,-500,300,-300,not_open,1.1933206999965478,-1,9000
3,3,odd,lie,correct,wrong,-500,100,-200,open,4.573637999987113,100,8600
4,6,even,truth,correct,correct,500,100,-300,not_open,5.910110799988615,-1,9100
5,2,even,lie,correct,wrong,-500,100,-100,not_open,3.8166665000026114,-1,8600
6,5,odd,lie,correct,wrong,-500,300,-100,open,1.914484499997343,300,8400
7,3,even,lie,wrong,correct,500,200,-200,not_open,1.817968600007589,-1,8900
8,3,even,truth,wrong,wrong,-500,200,-100,open,1.5000217000051634,-100,8300
9,4,odd,lie,wrong,correct,500,100,-200,not_open,2.5579775999940466,-1,8800
10,2,even,lie,correct,wrong,-500,100,-200,not_open,2.0845569999946747,-1,8300
11,2,odd,truth,wrong,wrong,-500,100,-100,open,2.846049600004335,-100,7700
12,1,even,lie,wrong,correct,500,300,-200,not_open,2.8740990000078455,-1,8200
13,6,even,truth,correct,correct,500,200,-100,open,4.967421900000772,-100,8600
14,1,odd,truth,correct,correct,500,300,-100,open,1.967450899988762,-100,9000
15,5,even,lie,wrong,correct,500,200,-300,not_open,1.3972922999964794,-1,9500
16,5,odd,truth,correct,correct,500,200,-200,not_open,1.4382781000022078,-1,10000
17,4,even,lie,correct,wrong,-500,300,-300,open,3.048537300011958,300,9800
18,6,odd,truth,wrong,wrong,-500,100,-300,not_open,1.5308829000132391,-1,9300
19,2,even,truth,correct,correct,500,100,-300,not_open,1.0369050000008428,-1,9800
20,4,odd,truth,wrong,wrong,-500,300,-300,not_open,1.062348399995244,-1,9300
21,4,even,lie,correct,wrong,-500,200,-100,open,1.4193879999947967,200,9000
22,3,odd,truth,correct,correct,500,100,-100,not_open,0.7776000000012573,-1,9500
23,4,even,lie,correct,wrong,-500,100,-200,not_open,1.0179741000029026,-1,9000
24,6,odd,truth,wrong,wrong,-500,100,-100,open,1.0731250999961048,-100,8400
25,5,even,lie,wrong,correct,500,200,-100,not_open,3.447622699997737,-1,8900
26,2,odd,lie,wrong,correct,500,200,-300,not_open,1.0926386000064667,-1,9400
27,3,even,truth,wrong,wrong,-500,100,-300,not_open,2.3911487000004854,-1,8900
28,1,odd,truth,correct,correct,500,300,-200,open,1.6361005999933695,-200,9200
29,5,even,truth,wrong,wrong,-500,300,-100,open,0.9453536000073655,-100,8600
30,2,even,truth,correct,correct,500,300,-300,not_open,1.499112999998033,-1,9100
31,3,odd,truth,correct,correct,500,300,-300,not_open,1.0001952999882633,-1,9600
32,4,odd,truth,wrong,wrong,-500,200,-300,open,1.2227416999958223,-300,8800
33,3,even,truth,wrong,wrong,-500,200,-200,not_open,2.7462145000026794,-1,8300
34,2,odd,truth,wrong,wrong,-500,200,-200,open,1.0629883000074187,-200,7600
35,3,odd,truth,correct,correct,500,300,-100,not_open,3.5047438999899896,-1,8100
36,1,even,lie,wrong,correct,500,200,-300,not_open,0.9386689000093611,-1,8600
37,3,even,lie,wrong,correct,500,300,-200,not_open,2.174299100006465,-1,9100
38,4,odd,truth,wrong,wrong,-500,100,-300,not_open,1.2303587999922456,-1,8600
39,2,even,truth,correct,correct,500,300,-100,not_open,2.364947599999141,-1,9100
40,6,odd,lie,wrong,correct,500,100,-200,not_open,1.0781448000052478,-1,9600
41,1,even,truth,wrong,wrong,-500,200,-100,open,1.247193100003642,-100,9000
42,1,odd,truth,correct,correct,500,300,-200,not_open,1.0428608000074746,-1,9500
43,5,even,lie,wrong,correct,500,100,-100,not_open,1.0213211999944178,-1,10000
44,5,odd,lie,correct,wrong,-500,100,-100,not_open,1.1476049000048079,-1,9500
45,5,even,lie,wrong,correct,500,300,-100,not_open,4.658920399990166,-1,10000
46,4,odd,truth,wrong,wrong,-500,200,-300,not_open,1.022977800006629,-1,9500
47,5,even,lie,wrong,correct,500,200,-100,not_open,0.43240659999719355,-1,10000
48,6,odd,truth,wrong,wrong,-500,200,-200,not_open,0.8888222999958089,-1,9500
49,4,even,lie,correct,wrong,-500,100,-200,not_open,0.9140602999978,-1,9000
50,5,odd,lie,correct,wrong,-500,200,-200,open,1.2780535999918357,200,8700
51,1,even,truth,wrong,wrong,-500,300,-200,open,1.6117658000002848,-200,8000
52,2,even,truth,correct,correct,500,200,-300,not_open,1.120863099989947,-1,8500
53,6,odd,lie,wrong,correct,500,100,-300,not_open,1.9318251000076998,-1,9000
54,6,even,truth,correct,correct,500,300,-200,not_open,1.160028099999181,-1,9500
