trials,dice,user_choice_odd-even,whether_to_lie,actual_answer,dealer_answer,initial_reward,open_reward,open_penalty,user_response_open,choice_rt,choice_reward,balance,peg_balance
1,6,even,truth,correct,correct,500,-3,1,not_open,4.280600500002038,-1,10500,3
2,4,odd,truth,wrong,wrong,-500,-1,3,open,2.6802843999903416,3,10000,6
3,4,even,lie,correct,wrong,-500,-2,3,not_open,9.978878499998245,-1,9500,3
4,3,odd,truth,correct,correct,500,-3,2,not_open,8.29912090000289,-1,10000,3
5,4,odd,truth,wrong,wrong,-500,-3,3,not_open,2.3009329000051366,-1,9500,3
6,3,odd,truth,correct,correct,500,-3,3,open,5.6313653999968665,3,10000,6
7,5,even,truth,wrong,wrong,-500,-2,1,open,3.643771300005028,1,9500,4
8,4,odd,lie,wrong,correct,500,-1,2,not_open,2.0129748999897856,-1,10000,3
9,3,even,truth,wrong,wrong,-500,-1,1,open,5.249287100014044,1,9500,4
10,3,even,lie,wrong,correct,500,-2,2,not_open,1.6262645999959204,-1,10000,3
11,5,odd,truth,correct,correct,500,-2,1,not_open,1.1617930000065826,-1,10500,3
12,3,odd,truth,correct,correct,500,-2,2,not_open,1.437588800006779,-1,11000,3
13,5,even,lie,wrong,correct,500,-1,3,not_open,1.3036072000104468,-1,11500,3
14,5,odd,truth,correct,correct,500,-1,2,not_open,0.752078800011077,-1,12000,3
15,2,even,lie,correct,wrong,-500,-3,2,not_open,0.7886528999952134,-1,11500,3
16,2,even,truth,correct,correct,500,-1,3,not_open,1.1734513999981573,-1,12000,3
17,6,odd,truth,wrong,wrong,-500,-2,2,not_open,2.1092195000092033,-1,11500,3
18,1,odd,lie,correct,wrong,-500,-1,1,not_open,0.9011312000075122,-1,11000,3
19,3,even,truth,wrong,wrong,-500,-3,2,not_open,2.0527058000006946,-1,10500,3
20,2,odd,lie,wrong,correct,500,-2,3,not_open,1.1756636000063736,-1,11000,3
21,4,odd,lie,wrong,correct,500,-2,1,not_open,0.8798459999961779,-1,11500,3
22,6,even,truth,correct,correct,500,-1,1,open,2.849067000002833,1,12000,4
23,1,odd,lie,correct,wrong,-500,-1,3,not_open,1.6266887999954633,-1,11500,3
24,3,even,lie,wrong,correct,500,-1,2,not_open,1.0038898999919184,-1,12000,3
25,4,odd,lie,wrong,correct,500,-2,2,not_open,0.8930441999982577,-1,12500,3
26,6,odd,lie,wrong,correct,500,-3,2,not_open,1.1930144000070868,-1,13000,3
27,2,even,truth,correct,correct,500,-3,3,not_open,0.993791400003829,-1,13500,3
28,4,even,lie,correct,wrong,-500,-1,2,not_open,0.9476448000059463,-1,13000,3
29,6,even,lie,correct,wrong,-500,-1,1,not_open,2.0443222999892896,-1,12500,3
30,5,odd,lie,correct,wrong,-500,-3,3,not_open,2.5161134999943897,-1,12000,3
31,4,even,lie,correct,wrong,-500,-3,1,not_open,1.7700650000042515,-1,11500,3
32,1,even,truth,wrong,wrong,-500,-1,2,open,1.8076830000063637,2,11000,5
33,1,even,truth,wrong,wrong,-500,-3,1,not_open,1.2627114999922924,-1,10500,3
34,3,odd,lie,correct,wrong,-500,-3,2,not_open,1.5651398999907542,-1,10000,3
35,2,even,truth,correct,correct,500,-2,2,not_open,1.1063834000087809,-1,10500,3
36,1,even,lie,wrong,correct,500,-2,1,not_open,0.93354779999936,-1,11000,3
37,5,odd,lie,correct,wrong,-500,-2,3,not_open,0.8662023000069894,-1,10500,3
38,3,even,lie,wrong,correct,500,-2,1,not_open,0.8827690000034636,-1,11000,3
39,4,even,lie,correct,wrong,-500,-1,2,not_open,1.072656399992411,-1,10500,3
40,1,odd,truth,correct,correct,500,-3,2,not_open,1.022396000000299,-1,11000,3
41,4,odd,lie,wrong,correct,500,-3,1,not_open,0.9824202000017976,-1,11500,3
42,2,odd,lie,wrong,correct,500,-3,1,not_open,1.138619600009406,-1,12000,3
43,2,odd,lie,wrong,correct,500,-1,1,not_open,0.9695773999992525,-1,12500,3
44,6,odd,truth,wrong,wrong,-500,-2,2,not_open,1.1935340999916662,-1,12000,3
45,2,even,lie,correct,wrong,-500,-2,3,not_open,1.52206479999586,-1,11500,3
46,2,odd,lie,wrong,correct,500,-2,3,not_open,0.9053698999923654,-1,12000,3
47,1,odd,truth,correct,correct,500,-1,3,not_open,0.8859738000028301,-1,12500,3
48,2,odd,lie,wrong,correct,500,-3,3,not_open,0.9548708999936935,-1,13000,3
49,3,odd,lie,correct,wrong,-500,-3,1,not_open,0.9113288000080502,-1,12500,3
50,3,odd,truth,correct,correct,500,-1,1,not_open,0.8301891000010073,-1,13000,3
51,2,odd,truth,wrong,wrong,-500,-1,3,not_open,0.9696618000016315,-1,12500,3
52,5,even,lie,wrong,correct,500,-2,1,not_open,0.9390156000008574,-1,13000,3
53,4,odd,truth,wrong,wrong,-500,-2,3,not_open,0.9191101999895182,-1,12500,3
54,3,even,truth,wrong,wrong,-500,-3,3,not_open,0.9835080000048038,-1,12000,3
