trials,dice,user_choice_odd-even,whether_to_lie,actual_answer,dealer_answer,initial_reward,open_reward,open_penalty,user_response_open,choice_rt,choice_reward,balance,peg_balance
1,6,even,lie,correct,wrong,-500,-1,2,open,6.0575851000030525,-1,9500,2
2,6,odd,truth,wrong,wrong,-500,-2,2,open,5.0415772999986075,2,9000,5
3,1,odd,lie,correct,wrong,-500,-2,3,open,3.131905899994308,-2,8500,1
4,6,even,lie,correct,wrong,-500,-1,2,open,1.0330262000206858,-1,8000,2
5,6,odd,truth,wrong,wrong,-500,-1,2,open,2.6747154999757186,2,7500,5
6,4,even,truth,correct,correct,500,-2,2,open,1.1017172999854665,2,8000,5
7,5,odd,lie,correct,wrong,-500,-1,1,open,2.9571942999900784,-1,7500,2
8,4,odd,lie,wrong,correct,500,-2,1,open,1.22674189999816,-2,8000,1
9,6,even,truth,correct,correct,500,-3,2,open,1.9833479000080843,2,8500,5
10,4,even,truth,correct,correct,500,-2,3,not_open,2.3282718999835197,-1,9000,3
11,2,odd,truth,wrong,wrong,-500,-3,3,open,1.095651400013594,3,8500,6
12,1,even,truth,wrong,wrong,-500,-2,1,open,4.102849299990339,1,8000,4
13,4,odd,truth,wrong,wrong,-500,-3,1,open,0.9196053000050597,1,7500,4
14,2,even,lie,correct,wrong,-500,-3,1,not_open,1.2720812000043225,-1,7000,3
15,6,even,truth,correct,correct,500,-1,3,not_open,1.6674303000036161,-1,7500,3
16,6,even,truth,correct,correct,500,-3,2,open,1.9025089000060689,2,8000,5
17,1,odd,lie,correct,wrong,-500,-2,1,open,1.0966676000098232,-2,7500,1
18,3,even,lie,wrong,correct,500,-2,1,not_open,1.5649938999849837,-1,8000,3
19,5,even,truth,wrong,wrong,-500,-2,1,open,0.5499714999750722,1,7500,4
20,4,odd,lie,wrong,correct,500,-3,2,open,0.38064960000338033,-3,8000,0
21,5,odd,lie,correct,wrong,-500,-1,2,not_open,0.3721969000180252,-1,7500,3
22,3,odd,lie,correct,wrong,-500,-2,3,open,0.3078365999972448,-2,7000,1
23,5,even,lie,wrong,correct,500,-3,1,open,0.6450063999800477,-3,7500,0
24,4,odd,truth,wrong,wrong,-500,-2,2,open,1.6125411000102758,2,7000,5
25,2,odd,lie,wrong,correct,500,-3,2,open,3.5000654999748804,-3,7500,0
26,2,odd,truth,wrong,wrong,-500,-2,3,open,1.1008006000192836,3,7000,6
27,3,odd,lie,correct,wrong,-500,-1,3,not_open,1.522956000000704,-1,6500,3
28,5,even,lie,wrong,correct,500,-1,1,open,2.1127115999988746,-1,7000,2
29,3,odd,lie,correct,wrong,-500,-3,3,not_open,0.5581262999912724,-1,6500,3
30,4,odd,lie,wrong,correct,500,-2,3,not_open,2.269099600001937,-1,7000,3
31,5,even,lie,wrong,correct,500,-3,1,open,1.6836598999798298,-3,7500,0
32,4,even,lie,correct,wrong,-500,-3,3,open,1.8490923000208568,-3,7000,0
33,4,even,lie,correct,wrong,-500,-2,3,open,2.57054319998133,-2,6500,1
34,2,odd,lie,wrong,correct,500,-1,2,open,5.0219839999917895,-1,7000,2
35,4,even,truth,correct,correct,500,-1,3,not_open,0.2747562000004109,-1,7500,3
36,2,odd,truth,wrong,wrong,-500,-3,1,open,1.6041928999766242,1,7000,4
37,3,odd,lie,correct,wrong,-500,-1,3,not_open,3.896291699988069,-1,6500,3
38,1,odd,truth,correct,correct,500,-2,2,open,1.4742480000131764,2,7000,5
39,4,even,lie,correct,wrong,-500,-2,1,open,2.2918405999953393,-2,6500,1
40,1,even,truth,wrong,wrong,-500,-1,2,not_open,2.960246900009224,-1,6000,3
41,1,odd,truth,correct,correct,500,-1,3,not_open,1.957927599985851,-1,6500,3
42,4,odd,truth,wrong,wrong,-500,-1,1,open,1.085399600007804,1,6000,4
43,2,odd,lie,wrong,correct,500,-1,1,open,0.684268000011798,-1,6500,2
44,5,even,truth,wrong,wrong,-500,-3,3,open,2.2623265000001993,3,6000,6
45,5,odd,lie,correct,wrong,-500,-3,1,open,1.4836507999862079,-3,5500,0
46,1,odd,truth,correct,correct,500,-3,3,open,1.5121999999973923,3,6000,6
47,2,even,truth,correct,correct,500,-1,3,not_open,1.864242399984505,-1,6500,3
48,4,odd,lie,wrong,correct,500,-3,3,open,1.153408500016667,-3,7000,0
49,4,odd,lie,wrong,correct,500,-1,1,open,1.017572199983988,-1,7500,2
50,3,even,lie,wrong,correct,500,-1,1,open,1.0065382000175305,-1,8000,2
51,2,even,lie,correct,wrong,-500,-3,2,open,1.7150941000145394,-3,7500,0
52,6,odd,lie,wrong,correct,500,-2,2,open,1.2292149999993853,-2,8000,1
53,4,even,truth,correct,correct,500,-3,2,open,2.982657799992012,2,8500,5
54,6,odd,lie,wrong,correct,500,-2,2,open,2.141808599990327,-2,9000,1
