trials,dice,user_choice_odd-even,whether_to_lie,actual_answer,dealer_answer,initial_reward,open_reward,open_penalty,user_response_open,choice_rt,choice_reward,balance
1,6,odd,lie,wrong,correct,500,1518,-1518,open,7.501284300000407,1518,12018
2,5,even,truth,wrong,wrong,-500,1518,-1518,open,1.398347799986368,-1518,10000
3,3,odd,lie,correct,wrong,-500,507,-1012,open,4.326998099975754,507,10007
4,5,even,truth,wrong,wrong,-500,507,-507,open,1.6181538000237197,-507,9000
5,1,odd,lie,correct,wrong,-500,1518,-507,open,1.5261274999938905,1518,10018
6,4,odd,truth,wrong,wrong,-500,1012,-1518,open,1.392149299994344,-1518,8000
7,4,even,lie,correct,wrong,-500,1012,-1012,open,1.2149807000241708,1012,8512
8,3,odd,lie,correct,wrong,-500,1518,-507,open,1.241381799976807,1518,9530
9,6,odd,truth,wrong,wrong,-500,1012,-507,open,2.2514589999918826,-507,8523
10,2,even,truth,correct,correct,500,1012,-1518,not_open,3.729506700008642,-1,9023
11,5,odd,lie,correct,wrong,-500,507,-1012,open,1.7954652000044007,507,9030
12,1,even,truth,wrong,wrong,-500,1012,-507,open,0.9768686999741476,-507,8023
13,3,even,truth,wrong,wrong,-500,507,-507,open,1.809744900005171,-507,7016
14,1,even,lie,wrong,correct,500,1518,-1012,open,2.3925892999977805,1518,9034
15,3,odd,lie,correct,wrong,-500,1012,-1518,open,1.405515300022671,1012,9546
16,2,even,lie,correct,wrong,-500,507,-1012,open,2.1022817000048235,507,9553
17,5,odd,truth,correct,correct,500,507,-1012,not_open,2.074948099994799,-1,10053
18,3,odd,truth,correct,correct,500,1012,-1518,not_open,1.4368783999816515,-1,10553
19,3,even,lie,wrong,correct,500,1518,-1518,open,1.2788545000075828,1518,12571
20,6,odd,lie,wrong,correct,500,1012,-507,open,1.4523174000205472,1012,14083
21,4,even,truth,correct,correct,500,1012,-1012,open,1.383743400016101,-1012,13571
22,6,even,lie,correct,wrong,-500,1012,-1012,open,0.8117175000079442,1012,14083
23,6,odd,lie,wrong,correct,500,1518,-1012,open,1.1069617999892216,1518,16101
24,6,even,lie,correct,wrong,-500,1518,-507,open,1.2823281000019051,1518,17119
25,6,odd,lie,wrong,correct,500,507,-507,open,1.0288670000154525,507,18126
26,6,even,lie,correct,wrong,-500,1518,-1518,open,0.9808011999994051,1518,19144
27,6,odd,lie,wrong,correct,500,507,-1518,open,2.3155818000086583,507,20151
28,5,odd,lie,correct,wrong,-500,1518,-1012,open,1.0283137999940664,1518,21169
29,1,odd,lie,correct,wrong,-500,507,-1012,open,1.3213874000066426,507,21176
30,4,odd,lie,wrong,correct,500,1518,-1012,open,1.0551419000257738,1518,23194
31,5,even,lie,wrong,correct,500,1518,-1012,open,1.7575200000137556,1518,25212
32,6,even,lie,correct,wrong,-500,1012,-507,open,0.6834167999913916,1012,25724
33,4,odd,truth,wrong,wrong,-500,1518,-1518,open,1.0602302000042982,-1518,23706
34,1,odd,truth,correct,correct,500,507,-507,open,0.8797767999931239,-507,23699
35,4,odd,truth,wrong,wrong,-500,1518,-507,open,1.0901059999887366,-507,22692
36,5,odd,lie,correct,wrong,-500,1518,-507,open,1.064276700024493,1518,23710
37,6,even,truth,correct,correct,500,1012,-1012,open,0.7656940000015311,-1012,23198
38,4,even,lie,correct,wrong,-500,507,-507,open,0.8158448000031058,507,23205
39,4,even,lie,correct,wrong,-500,1518,-507,open,0.8489191000116989,1518,24223
40,6,odd,truth,wrong,wrong,-500,1012,-1012,open,0.7340531999943778,-1012,22711
41,6,odd,lie,wrong,correct,500,1518,-1518,open,0.7053483999916352,1518,24729
42,2,odd,truth,wrong,wrong,-500,1012,-507,open,0.6763588000030722,-507,23722
43,5,even,lie,wrong,correct,500,507,-1518,not_open,3.087078000011388,-1,24222
44,2,even,lie,correct,wrong,-500,1012,-1518,open,1.2609473000047728,1012,24734
45,1,even,lie,wrong,correct,500,1012,-507,open,0.8294746000028681,1012,26246
46,6,even,truth,correct,correct,500,507,-1012,not_open,1.2059592999867164,-1,26746
47,5,even,lie,wrong,correct,500,1012,-1012,open,0.7142269000178203,1012,28258
48,2,odd,lie,wrong,correct,500,507,-1518,not_open,1.180741299991496,-1,28758
49,4,even,lie,correct,wrong,-500,507,-1518,not_open,1.187239299993962,-1,28258
50,6,odd,truth,wrong,wrong,-500,507,-507,open,0.8790873999823816,-507,27251
51,4,odd,truth,wrong,wrong,-500,1012,-1518,open,3.2790152999805287,-1518,25233
52,4,even,lie,correct,wrong,-500,507,-1518,not_open,1.2618859999929555,-1,24733
53,6,odd,truth,wrong,wrong,-500,507,-1518,not_open,1.2006567000062205,-1,24233
54,5,odd,lie,correct,wrong,-500,1518,-1012,open,0.3646776000095997,1518,25251
