trials,dice,user_choice_odd-even,whether_to_lie,actual_answer,dealer_answer,initial_reward,open_reward,open_penalty,user_response_open,choice_rt,choice_reward,balance,peg_balance
1,1,odd,lie,correct,wrong,-500,-2,2,open,9.30715769995004,-2,9500,1
2,6,even,lie,correct,wrong,-500,-2,1,not_open,6.318046499975026,-1,9000,3
3,6,even,lie,correct,wrong,-500,-2,2,open,6.709429299924523,-2,8500,1
4,2,odd,lie,wrong,correct,500,-2,1,not_open,2.9306216000113636,-1,9000,3
5,2,odd,truth,wrong,wrong,-500,-3,2,not_open,3.8262253999710083,-1,8500,3
6,2,even,lie,correct,wrong,-500,-1,3,open,2.188876299886033,-1,8000,2
7,4,even,lie,correct,wrong,-500,-3,3,open,1.1366051000077277,-3,7500,0
8,3,odd,lie,correct,wrong,-500,-2,1,open,1.3315034001134336,-2,7000,1
9,5,odd,truth,correct,correct,500,-3,3,not_open,1.9298550998792052,-1,7500,3
10,1,even,lie,wrong,correct,500,-1,3,not_open,1.0382882000412792,-1,8000,3
11,1,odd,lie,correct,wrong,-500,-1,2,open,1.379250899888575,-1,7500,2
12,3,even,lie,wrong,correct,500,-2,3,not_open,1.0043012001551688,-1,8000,3
13,2,odd,lie,wrong,correct,500,-3,3,not_open,0.8287301000673324,-1,8500,3
14,2,even,truth,correct,correct,500,-1,2,open,1.3906095998827368,2,9000,5
15,5,odd,truth,correct,correct,500,-3,3,not_open,0.9848857000470161,-1,9500,3
16,5,even,lie,wrong,correct,500,-2,2,not_open,1.034117499832064,-1,10000,3
17,5,odd,truth,correct,correct,500,-1,3,open,1.593645399902016,3,10500,6
18,2,odd,lie,wrong,correct,500,-1,1,not_open,0.7125301000196487,-1,11000,3
19,3,odd,truth,correct,correct,500,-3,1,open,1.1561394999735057,1,11500,4
20,6,even,lie,correct,wrong,-500,-2,2,not_open,0.9718061001040041,-1,11000,3
21,4,even,lie,correct,wrong,-500,-1,1,open,2.341482999967411,-1,10500,2
22,6,odd,truth,wrong,wrong,-500,-1,1,open,1.0527654998004436,1,10000,4
23,5,even,lie,wrong,correct,500,-1,1,open,1.195136799942702,-1,10500,2
24,6,odd,lie,wrong,correct,500,-3,1,not_open,1.0849097999744117,-1,11000,3
25,1,even,lie,wrong,correct,500,-2,3,not_open,1.5860522000584751,-1,11500,3
26,4,odd,lie,wrong,correct,500,-3,2,open,0.7938087999355048,-3,12000,0
27,1,even,lie,wrong,correct,500,-2,1,not_open,10.79599090013653,-1,12500,3
28,4,odd,truth,wrong,wrong,-500,-3,3,not_open,11.876441300148144,-1,12000,3
29,2,even,truth,correct,correct,500,-3,3,open,3.896229899954051,3,12500,6
30,3,odd,truth,correct,correct,500,-1,2,not_open,2.544558000052348,-1,13000,3
31,3,odd,lie,correct,wrong,-500,-1,2,not_open,2.862284099915996,-1,12500,3
32,1,even,truth,wrong,wrong,-500,-1,3,open,0.8298154000658542,3,12000,6
33,5,odd,truth,correct,correct,500,-2,1,not_open,0.9032328999601305,-1,12500,3
34,1,odd,lie,correct,wrong,-500,-1,3,open,1.4668489000760019,-1,12000,2
35,6,odd,truth,wrong,wrong,-500,-1,1,open,0.976709800073877,1,11500,4
36,5,even,truth,wrong,wrong,-500,-2,3,not_open,2.1020891000516713,-1,11000,3
37,3,odd,lie,correct,wrong,-500,-1,1,open,0.6597524001263082,-1,10500,2
38,6,even,lie,correct,wrong,-500,-2,3,open,0.7378792997915298,-2,10000,1
39,6,odd,lie,wrong,correct,500,-1,2,open,0.7601249001454562,-1,10500,2
40,2,odd,lie,wrong,correct,500,-2,3,open,0.5740970000624657,-2,11000,1
41,1,even,lie,wrong,correct,500,-3,1,open,0.6161407998297364,-3,11500,0
42,5,even,lie,wrong,correct,500,-3,1,open,0.6372660000342876,-3,12000,0
43,3,odd,lie,correct,wrong,-500,-3,1,open,2.4504635999910533,-3,11500,0
44,1,even,truth,wrong,wrong,-500,-1,3,open,0.29709460004232824,3,11000,6
45,6,odd,lie,wrong,correct,500,-2,1,open,0.44689810019917786,-2,11500,1
46,1,even,truth,wrong,wrong,-500,-3,2,open,0.5143434000201523,2,11000,5
47,1,odd,lie,correct,wrong,-500,-3,2,open,0.25545980012975633,-3,10500,0
48,2,odd,truth,wrong,wrong,-500,-3,2,open,0.2648251000791788,2,10000,5
49,1,odd,truth,correct,correct,500,-1,2,open,0.9408478001132607,2,10500,5
50,2,even,lie,correct,wrong,-500,-2,3,open,0.8635696000419557,-2,10000,1
51,1,even,lie,wrong,correct,500,-3,1,not_open,0.979011100018397,-1,10500,3
52,4,even,truth,correct,correct,500,-2,2,open,0.28082329989410937,2,11000,5
53,6,odd,lie,wrong,correct,500,-3,2,not_open,0.9943792999256402,-1,11500,3
54,2,odd,truth,wrong,wrong,-500,-2,2,open,0.41369420010596514,2,11000,5
