trials,dice,user_choice_odd-even,whether_to_lie,actual_answer,dealer_answer,initial_reward,open_reward,open_penalty,user_response_open,choice_rt,choice_reward,balance
1,3,odd,lie,correct,wrong,-500,338,-338,open,2.911486499942839,338,9838
2,1,even,truth,wrong,wrong,-500,300,-300,open,1.06405989988707,-300,9038
3,3,even,lie,wrong,correct,500,300,-300,not_open,3.284221899928525,-1,9538
4,5,odd,truth,correct,correct,500,381,-300,not_open,1.703555699903518,-1,10038
5,5,odd,lie,correct,wrong,-500,300,-381,open,0.844618699979037,300,9838
6,5,odd,truth,correct,correct,500,338,-300,not_open,0.3795912000350654,-1,10338
7,3,even,lie,wrong,correct,500,338,-381,not_open,1.2233233000151813,-1,10838
8,1,even,lie,wrong,correct,500,300,-338,not_open,0.7065653000026941,-1,11338
9,2,odd,truth,wrong,wrong,-500,381,-381,open,0.7783705999609083,-381,10457
10,3,odd,truth,correct,correct,500,338,-300,not_open,0.6528230998665094,-1,10957
11,4,even,truth,correct,correct,500,338,-338,not_open,0.5309674001764506,-1,11457
12,5,odd,truth,correct,correct,500,300,-338,not_open,0.5076065000612289,-1,11957
13,4,even,truth,correct,correct,500,338,-300,not_open,0.25057639996521175,-1,12457
14,5,even,truth,wrong,wrong,-500,338,-381,not_open,0.6749782001134008,-1,11957
15,4,odd,truth,wrong,wrong,-500,338,-338,not_open,0.8751232998911291,-1,11457
16,2,even,lie,correct,wrong,-500,381,-338,open,0.3082261998206377,381,11338
17,2,odd,lie,wrong,correct,500,381,-300,not_open,0.32750570005737245,-1,11838
18,4,odd,lie,wrong,correct,500,338,-300,not_open,0.644516000058502,-1,12338
19,6,even,lie,correct,wrong,-500,381,-300,open,0.27334630000405014,381,12219
20,2,even,truth,correct,correct,500,300,-381,not_open,0.2881742001045495,-1,12719
21,6,even,truth,correct,correct,500,300,-338,not_open,0.3163107999134809,-1,13219
22,3,odd,truth,correct,correct,500,300,-300,not_open,0.3017103997990489,-1,13719
23,1,even,lie,wrong,correct,500,300,-338,open,0.4519090000540018,300,14519
24,1,even,lie,wrong,correct,500,338,-381,not_open,2.1454197000712156,-1,15019
25,6,even,lie,correct,wrong,-500,381,-381,open,0.2667938000522554,381,14900
26,5,odd,lie,correct,wrong,-500,381,-338,open,0.30645469995215535,381,14781
27,2,even,truth,correct,correct,500,381,-300,not_open,0.30190349998883903,-1,15281
28,5,even,lie,wrong,correct,500,381,-338,not_open,0.6158433000091463,-1,15781
29,2,even,truth,correct,correct,500,338,-338,not_open,0.24041550001129508,-1,16281
30,1,even,lie,wrong,correct,500,381,-381,not_open,0.9570659999735653,-1,16781
31,2,even,truth,correct,correct,500,300,-300,not_open,0.6109925999771804,-1,17281
32,5,even,lie,wrong,correct,500,338,-300,not_open,0.6295212998520583,-1,17781
33,1,even,truth,wrong,wrong,-500,381,-300,open,1.068649600027129,-300,16981
34,3,odd,lie,correct,wrong,-500,300,-300,open,0.29818070004694164,300,16781
35,6,even,lie,correct,wrong,-500,338,-300,open,0.5601038001477718,338,16619
36,6,even,truth,correct,correct,500,381,-381,not_open,1.2168759000487626,-1,17119
37,3,even,lie,wrong,correct,500,300,-338,not_open,0.3800987000577152,-1,17619
38,3,even,lie,wrong,correct,500,381,-300,not_open,1.2206244999542832,-1,18119
39,1,even,lie,wrong,correct,500,381,-338,not_open,0.3346897999290377,-1,18619
40,4,even,lie,correct,wrong,-500,381,-338,open,0.37599140009842813,381,18500
41,3,even,lie,wrong,correct,500,300,-381,not_open,0.4630434999708086,-1,19000
42,4,odd,truth,wrong,wrong,-500,338,-338,open,0.2903347001411021,-338,18162
43,5,even,truth,wrong,wrong,-500,338,-381,not_open,0.5658807998988777,-1,17662
44,6,even,truth,correct,correct,500,300,-381,not_open,0.38840489997528493,-1,18162
45,1,even,truth,wrong,wrong,-500,300,-338,open,0.43390229996293783,-338,17324
46,3,even,truth,wrong,wrong,-500,338,-381,not_open,0.3642152000684291,-1,16824
47,3,odd,truth,correct,correct,500,300,-300,not_open,1.3637409000657499,-1,17324
48,6,odd,truth,wrong,wrong,-500,381,-338,not_open,0.7598536000587046,-1,16824
49,6,even,lie,correct,wrong,-500,338,-338,open,0.6977140998933464,338,16662
50,2,even,truth,correct,correct,500,338,-381,not_open,0.4620397000107914,-1,17162
51,3,even,lie,wrong,correct,500,300,-381,not_open,0.5870195999741554,-1,17662
52,2,even,truth,correct,correct,500,300,-381,not_open,0.5013671999331564,-1,18162
53,3,even,lie,wrong,correct,500,381,-381,not_open,0.5375010999850929,-1,18662
54,1,even,truth,wrong,wrong,-500,381,-381,open,0.41637879982590675,-381,17781
