trials,dice,user_choice_odd-even,whether_to_lie,actual_answer,dealer_answer,initial_reward,open_reward,open_penalty,user_response_open,choice_rt,choice_reward,balance,peg_balance
1,4,odd,truth,wrong,wrong,-500,-2,1,open,27.400128500012215,1,9500,4
2,6,odd,truth,wrong,wrong,-500,-1,2,open,6.96315229999891,2,9000,5
3,2,odd,lie,wrong,correct,500,-3,3,not_open,9.442322899994906,-1,9500,3
4,1,odd,lie,correct,wrong,-500,-3,2,open,7.293771399999969,-3,9000,0
5,6,odd,lie,wrong,correct,500,-3,1,not_open,1.8690720000013243,-1,9500,3
6,1,odd,lie,correct,wrong,-500,-3,2,open,8.13743030000478,-3,9000,0
7,6,odd,truth,wrong,wrong,-500,-2,3,not_open,6.483938699995633,-1,8500,3
8,1,odd,lie,correct,wrong,-500,-1,2,open,9.530183700000634,-1,8000,2
9,3,odd,truth,correct,correct,500,-2,2,not_open,2.604956900002435,-1,8500,3
10,5,odd,truth,correct,correct,500,-1,1,not_open,2.7271613999910187,-1,9000,3
11,6,odd,lie,wrong,correct,500,-3,3,open,9.958560800005216,-3,9500,0
12,4,odd,truth,wrong,wrong,-500,-1,2,not_open,2.7952393000014126,-1,9000,3
13,6,odd,truth,wrong,wrong,-500,-1,2,open,6.435925199999474,2,8500,5
14,4,odd,truth,wrong,wrong,-500,-1,3,not_open,1.863502400010475,-1,8000,3
15,2,odd,truth,wrong,wrong,-500,-3,3,not_open,2.815828999999212,-1,7500,3
16,3,odd,lie,correct,wrong,-500,-3,3,not_open,4.021266399999149,-1,7000,3
17,2,odd,truth,wrong,wrong,-500,-1,2,not_open,1.702937699999893,-1,6500,3
18,4,odd,lie,wrong,correct,500,-3,1,open,3.6483127000101376,-3,7000,0
19,6,odd,truth,wrong,wrong,-500,-1,3,not_open,3.2806729000003543,-1,6500,3
20,6,odd,lie,wrong,correct,500,-1,1,not_open,3.148549000005005,-1,7000,3
21,1,odd,truth,correct,correct,500,-2,1,open,1.4971912000037264,1,7500,4
22,4,odd,lie,wrong,correct,500,-3,1,open,2.4609291999950074,-3,8000,0
23,6,odd,truth,wrong,wrong,-500,-3,3,not_open,2.494793599995319,-1,7500,3
24,6,odd,truth,wrong,wrong,-500,-2,2,not_open,9.683218900012434,-1,7000,3
25,5,odd,lie,correct,wrong,-500,-3,2,open,2.581896499992581,-3,6500,0
26,3,odd,truth,correct,correct,500,-2,1,open,4.265427899998031,1,7000,4
27,6,odd,lie,wrong,correct,500,-2,2,not_open,1.5359176000056323,-1,7500,3
28,1,odd,truth,correct,correct,500,-1,3,not_open,1.5789095999934943,-1,8000,3
29,4,odd,lie,wrong,correct,500,-1,3,not_open,1.972700199999963,-1,8500,3
30,5,odd,lie,correct,wrong,-500,-3,1,open,3.0514545000041835,-3,8000,0
31,4,odd,lie,wrong,correct,500,-1,3,not_open,2.1671035999897867,-1,8500,3
32,6,odd,truth,wrong,wrong,-500,-2,2,open,4.642667899999651,2,8000,5
33,5,odd,lie,correct,wrong,-500,-1,1,open,4.048096899990924,-1,7500,2
34,3,odd,truth,correct,correct,500,-2,1,open,5.641184899999644,1,8000,4
35,5,odd,lie,correct,wrong,-500,-2,3,not_open,2.4511702000017976,-1,7500,3
36,4,odd,lie,wrong,correct,500,-1,1,open,3.2429929000063566,-1,8000,2
37,5,odd,lie,correct,wrong,-500,-2,3,not_open,0.9782248999981675,-1,7500,3
38,4,odd,lie,wrong,correct,500,-1,3,not_open,1.7152254999964498,-1,8000,3
39,5,odd,lie,correct,wrong,-500,-3,1,open,2.5191720000002533,-3,7500,0
40,3,odd,lie,correct,wrong,-500,-2,3,open,9.650219000002835,-2,7000,1
41,6,odd,lie,wrong,correct,500,-3,2,not_open,2.111788999987766,-1,7500,3
42,5,odd,truth,correct,correct,500,-2,3,not_open,4.484429200005252,-1,8000,3
43,5,odd,lie,correct,wrong,-500,-3,2,open,4.056378900000709,-3,7500,0
44,4,odd,truth,wrong,wrong,-500,-3,2,open,4.4704265000036685,2,7000,5
45,2,odd,truth,wrong,wrong,-500,-1,1,open,4.711737599995104,1,6500,4
46,3,odd,truth,correct,correct,500,-2,2,not_open,1.0803415999980643,-1,7000,3
47,5,odd,lie,correct,wrong,-500,-1,2,open,6.150252900013584,-1,6500,2
48,1,odd,truth,correct,correct,500,-2,1,open,7.914122999995016,1,7000,4
49,4,odd,lie,wrong,correct,500,-3,3,not_open,1.3116016999993008,-1,7500,3
50,3,odd,truth,correct,correct,500,-2,1,open,4.70771249999234,1,8000,4
51,3,odd,lie,correct,wrong,-500,-2,2,not_open,1.5570411999942735,-1,7500,3
52,2,odd,lie,wrong,correct,500,-2,3,not_open,5.1144790000107605,-1,8000,3
53,4,odd,truth,wrong,wrong,-500,-3,1,open,2.4214919000078226,1,7500,4
54,2,odd,lie,wrong,correct,500,-1,1,open,3.10567030000675,-1,8000,2
