trials,dice,user_choice_odd-even,whether_to_lie,actual_answer,dealer_answer,initial_reward,open_reward,open_penalty,user_response_open,choice_rt,choice_reward,balance
1,5,odd,truth,correct,correct,500,50,-50,not_open,20.593331700001727,-1,10500
2,5,odd,lie,correct,wrong,-500,12,-38,open,9.917125199994189,12,10012
3,3,even,truth,wrong,wrong,-500,38,-50,not_open,30.491151599999284,-1,9512
4,5,odd,lie,correct,wrong,-500,50,-38,not_open,3.768448199989507,-1,9012
5,2,odd,truth,wrong,wrong,-500,50,-38,not_open,4.009137299988652,-1,8512
6,1,odd,lie,correct,wrong,-500,12,-12,not_open,3.312811199997668,-1,8012
7,4,odd,truth,wrong,wrong,-500,50,-38,not_open,7.2713087000011,-1,7512
8,1,odd,truth,correct,correct,500,50,-12,not_open,14.313647799994214,-1,8012
9,3,even,truth,wrong,wrong,-500,12,-50,not_open,6.388563700005761,-1,7512
10,2,even,lie,correct,wrong,-500,12,-12,not_open,2.7860898000071757,-1,7012
11,6,even,lie,correct,wrong,-500,50,-12,open,3.126741000000038,50,6562
12,2,even,lie,correct,wrong,-500,38,-50,open,4.216336299999966,38,6100
13,3,even,lie,wrong,correct,500,50,-12,not_open,2.3523507000063546,-1,6600
14,4,odd,truth,wrong,wrong,-500,12,-50,open,0.6385163999948418,-50,6050
15,4,odd,truth,wrong,wrong,-500,38,-50,open,2.121222999994643,-50,5500
16,1,even,truth,wrong,wrong,-500,12,-38,open,6.290277400010382,-38,4962
17,3,even,truth,wrong,wrong,-500,12,-38,open,5.663639300008072,-38,4424
18,6,even,truth,correct,correct,500,12,-12,not_open,0.6031069000018761,-1,4924
19,3,even,lie,wrong,correct,500,50,-50,not_open,1.030794499994954,-1,5424
20,6,odd,truth,wrong,wrong,-500,38,-38,open,1.2181378999957815,-38,4886
21,1,even,lie,wrong,correct,500,38,-12,not_open,1.0900691999995615,-1,5386
22,1,odd,lie,correct,wrong,-500,12,-50,not_open,0.9056546000065282,-1,4886
23,5,odd,lie,correct,wrong,-500,38,-38,open,6.671139800004312,38,4424
24,1,odd,lie,correct,wrong,-500,50,-38,open,6.171443500003079,50,3974
25,3,even,truth,wrong,wrong,-500,38,-50,open,2.0401545999920927,-50,3424
26,1,even,truth,wrong,wrong,-500,50,-38,open,0.9937674999964656,-38,2886
27,1,even,truth,wrong,wrong,-500,38,-12,open,4.271344400011003,-12,2374
28,6,even,truth,correct,correct,500,12,-12,not_open,0.5083702999982052,-1,2874
29,2,even,lie,correct,wrong,-500,50,-12,not_open,0.8395870000094874,-1,2374
30,1,even,lie,wrong,correct,500,38,-38,not_open,0.2788873999961652,-1,2874
31,1,odd,lie,correct,wrong,-500,12,-50,not_open,3.7076596999977482,-1,2374
32,3,odd,lie,correct,wrong,-500,50,-50,open,0.8243270000093617,50,1924
33,5,odd,truth,correct,correct,500,38,-50,not_open,0.9400543999945512,-1,2424
34,5,even,lie,wrong,correct,500,12,-38,not_open,1.1888922000071034,-1,2924
35,3,odd,lie,correct,wrong,-500,12,-50,not_open,1.7311653000069782,-1,2424
36,3,odd,truth,correct,correct,500,12,-50,not_open,0.6040148000029149,-1,2924
37,4,even,lie,correct,wrong,-500,50,-38,open,4.579776200000197,50,2474
38,4,even,lie,correct,wrong,-500,38,-38,not_open,3.1723803999921074,-1,1974
39,5,even,truth,wrong,wrong,-500,38,-12,open,0.6608535000123084,-12,1462
40,3,even,truth,wrong,wrong,-500,50,-50,open,2.456932799992501,-50,912
41,4,even,truth,correct,correct,500,38,-12,not_open,0.5478490999958012,-1,1412
42,4,odd,truth,wrong,wrong,-500,50,-12,open,4.275610799988499,-12,900
43,3,odd,lie,correct,wrong,-500,12,-12,not_open,6.375776900007622,-1,400
44,6,odd,truth,wrong,wrong,-500,38,-38,not_open,6.266537300005439,-1,-100
