trials,dice,user_choice_odd-even,whether_to_lie,actual_answer,dealer_answer,initial_reward,open_reward,open_penalty,user_response_open,choice_rt,choice_reward,balance,peg_balance
1,6,odd,truth,wrong,wrong,-500,-3,2,open,5.347185200022068,2,9500,5
2,4,odd,lie,wrong,correct,500,-3,3,not_open,3.00526410000748,-1,10000,3
3,2,even,lie,correct,wrong,-500,-1,3,not_open,4.643973600002937,-1,9500,3
4,2,odd,truth,wrong,wrong,-500,-3,1,open,6.962768900004448,1,9000,4
5,2,odd,lie,wrong,correct,500,-3,3,not_open,8.804766799992649,-1,9500,3
6,1,odd,lie,correct,wrong,-500,-2,1,open,4.976086300011957,-2,9000,1
7,6,even,lie,correct,wrong,-500,-3,3,open,5.337899600010132,-3,8500,0
8,2,odd,lie,wrong,correct,500,-1,3,not_open,3.571246199979214,-1,9000,3
9,2,odd,truth,wrong,wrong,-500,-1,2,open,4.718244199990295,2,8500,5
10,5,even,truth,wrong,wrong,-500,-3,1,open,3.588246100000106,1,8000,4
11,2,even,lie,correct,wrong,-500,-3,2,not_open,4.967910200008191,-1,7500,3
12,6,odd,lie,wrong,correct,500,-3,1,open,3.1361736000108067,-3,8000,0
13,3,even,truth,wrong,wrong,-500,-3,1,open,1.6533059000212234,1,7500,4
14,5,odd,truth,correct,correct,500,-2,2,not_open,2.529218099982245,-1,8000,3
15,3,odd,truth,correct,correct,500,-1,3,not_open,2.7166905000049155,-1,8500,3
16,4,odd,truth,wrong,wrong,-500,-2,1,open,2.7690394000092056,1,8000,4
17,3,odd,truth,correct,correct,500,-2,2,not_open,8.765212500002235,-1,8500,3
18,4,odd,truth,wrong,wrong,-500,-1,1,open,2.6163611999945715,1,8000,4
19,4,even,lie,correct,wrong,-500,-3,3,not_open,2.4932933000090998,-1,7500,3
20,6,even,truth,correct,correct,500,-2,1,open,4.364032699988456,1,8000,4
21,5,even,truth,wrong,wrong,-500,-2,3,not_open,4.66464570001699,-1,7500,3
22,1,odd,truth,correct,correct,500,-2,1,open,3.4196134000085294,1,8000,4
23,6,even,lie,correct,wrong,-500,-1,1,not_open,2.298039399989648,-1,7500,3
24,1,odd,truth,correct,correct,500,-2,2,not_open,5.972427400003653,-1,8000,3
25,2,odd,truth,wrong,wrong,-500,-1,3,not_open,4.399974900006782,-1,7500,3
26,4,odd,lie,wrong,correct,500,-2,1,open,2.93669260002207,-2,8000,1
27,1,even,truth,wrong,wrong,-500,-1,1,not_open,2.2083200000051875,-1,7500,3
28,3,odd,truth,correct,correct,500,-2,2,open,3.526290699985111,2,8000,5
29,5,odd,truth,correct,correct,500,-3,3,not_open,2.9823347999772523,-1,8500,3
30,1,odd,truth,correct,correct,500,-2,3,not_open,4.778939400013769,-1,9000,3
31,4,odd,truth,wrong,wrong,-500,-1,1,open,3.7617701000126544,1,8500,4
32,1,even,lie,wrong,correct,500,-1,1,not_open,2.9574949000088964,-1,9000,3
33,1,even,lie,wrong,correct,500,-2,3,open,5.496810500015272,-2,9500,1
34,2,even,truth,correct,correct,500,-1,2,not_open,2.2579869000182953,-1,10000,3
35,5,even,lie,wrong,correct,500,-2,2,open,11.692282700008946,-2,10500,1
36,3,odd,lie,correct,wrong,-500,-1,3,not_open,1.580795499990927,-1,10000,3
37,3,even,lie,wrong,correct,500,-2,3,not_open,13.01723069997388,-1,10500,3
38,5,even,lie,wrong,correct,500,-3,2,open,5.293494799989276,-3,11000,0
39,1,odd,truth,correct,correct,500,-3,1,open,2.3727063999976963,1,11500,4
40,4,odd,truth,wrong,wrong,-500,-2,3,not_open,3.5335837000166066,-1,11000,3
41,6,odd,lie,wrong,correct,500,-1,2,not_open,4.067428200010909,-1,11500,3
42,5,odd,truth,correct,correct,500,-3,2,open,2.520721200009575,2,12000,5
43,4,even,lie,correct,wrong,-500,-1,2,not_open,1.562065000005532,-1,11500,3
44,2,odd,lie,wrong,correct,500,-3,1,open,1.9817117000056896,-3,12000,0
45,3,even,lie,wrong,correct,500,-2,2,open,2.151350900006946,-2,12500,1
46,4,odd,truth,wrong,wrong,-500,-3,3,not_open,1.8446292000007816,-1,12000,3
47,6,even,lie,correct,wrong,-500,-1,1,open,2.3959317000117153,-1,11500,2
48,4,odd,lie,wrong,correct,500,-2,1,open,5.733607800008031,-2,12000,1
49,3,even,truth,wrong,wrong,-500,-1,2,not_open,2.359258399985265,-1,11500,3
50,4,odd,truth,wrong,wrong,-500,-2,3,not_open,1.8295495999918785,-1,11000,3
51,6,even,truth,correct,correct,500,-1,2,not_open,3.605193199997302,-1,11500,3
52,2,even,lie,correct,wrong,-500,-3,2,open,2.143259100004798,-3,11000,0
53,1,odd,truth,correct,correct,500,-1,3,not_open,1.3814833000069484,-1,11500,3
54,5,odd,truth,correct,correct,500,-3,2,open,3.132423100003507,2,12000,5
