trials,dice,user_choice_odd-even,whether_to_lie,actual_answer,dealer_answer,initial_reward,open_reward,open_penalty,user_response_open,choice_rt,choice_reward,balance
1,1,odd,truth,correct,correct,500,225,-94,not_open,11.015930000023218,-1,10500
2,3,odd,lie,correct,wrong,-500,168,-168,not_open,32.23308140001609,-1,10000
3,2,even,lie,correct,wrong,-500,94,-168,not_open,11.260283699986758,-1,9500
4,2,odd,lie,wrong,correct,500,94,-168,not_open,2.8599927999894135,-1,10000
5,3,even,truth,wrong,wrong,-500,94,-225,open,7.666213299991796,-225,9275
6,5,even,lie,wrong,correct,500,168,-94,open,10.996435200009728,168,9943
7,4,odd,lie,wrong,correct,500,94,-94,not_open,11.21291060000658,-1,10443
8,2,odd,lie,wrong,correct,500,168,-225,open,31.04856299998937,168,11111
9,6,even,lie,correct,wrong,-500,168,-94,open,3.037884999997914,168,10779
10,2,even,truth,correct,correct,500,168,-94,not_open,6.330157100019278,-1,11279
11,5,odd,truth,correct,correct,500,225,-225,open,12.619329200009815,-225,11554
12,3,odd,truth,correct,correct,500,168,-168,not_open,3.3693627000029664,-1,12054
13,5,even,lie,wrong,correct,500,168,-168,open,5.827494299999671,168,12722
14,6,odd,lie,wrong,correct,500,94,-94,not_open,3.2184674000018276,-1,13222
15,2,even,truth,correct,correct,500,168,-168,open,8.750355399999535,-168,13554
16,5,odd,truth,correct,correct,500,94,-94,not_open,1.4058167000184767,-1,14054
17,3,even,lie,wrong,correct,500,225,-168,open,3.674644899991108,225,14779
18,6,odd,lie,wrong,correct,500,225,-94,open,5.6658495999872684,225,15504
19,5,even,lie,wrong,correct,500,168,-225,open,4.271270200028084,168,16172
20,5,even,truth,wrong,wrong,-500,225,-94,open,1.6915517000015825,-94,15578
21,6,odd,truth,wrong,wrong,-500,94,-168,not_open,15.08417119999649,-1,15078
22,2,even,truth,correct,correct,500,225,-225,not_open,3.096912799985148,-1,15578
23,5,odd,lie,correct,wrong,-500,94,-94,open,6.905794899998,94,15172
24,5,odd,lie,correct,wrong,-500,168,-225,open,13.885703400010243,168,14840
25,2,even,truth,correct,correct,500,225,-94,open,6.544293400016613,-94,15246
26,5,odd,lie,correct,wrong,-500,94,-168,not_open,4.9361046999983955,-1,14746
27,4,odd,truth,wrong,wrong,-500,94,-94,open,2.5918797999911476,-94,14152
28,6,even,truth,correct,correct,500,168,-168,not_open,3.4014366999908816,-1,14652
29,5,odd,lie,correct,wrong,-500,225,-168,open,4.152572299994063,225,14377
30,5,even,truth,wrong,wrong,-500,168,-225,not_open,5.350950599997304,-1,13877
31,2,odd,truth,wrong,wrong,-500,168,-94,open,5.76971739999135,-94,13283
32,5,even,truth,wrong,wrong,-500,225,-168,open,5.104240000015125,-168,12615
33,6,even,truth,correct,correct,500,94,-225,not_open,4.324942899984308,-1,13115
34,3,even,truth,wrong,wrong,-500,168,-225,open,2.98601900000358,-225,12390
35,6,odd,truth,wrong,wrong,-500,94,-225,not_open,2.2990267999994103,-1,11890
36,6,even,lie,correct,wrong,-500,225,-168,open,4.37869480001973,225,11615
37,5,even,truth,wrong,wrong,-500,225,-225,open,5.04374850000022,-225,10890
38,2,odd,truth,wrong,wrong,-500,225,-225,not_open,9.032474000006914,-1,10390
39,2,even,lie,correct,wrong,-500,94,-168,not_open,5.777450599998701,-1,9890
40,4,odd,truth,wrong,wrong,-500,94,-225,open,2.8292268999794032,-225,9165
41,3,odd,lie,correct,wrong,-500,225,-225,open,4.825405200012028,225,8890
42,6,even,truth,correct,correct,500,94,-168,not_open,5.386441299982835,-1,9390
43,4,even,lie,correct,wrong,-500,168,-168,open,10.230400300002657,168,9058
44,4,odd,lie,wrong,correct,500,168,-225,not_open,4.623493699997198,-1,9558
45,2,odd,lie,wrong,correct,500,225,-225,not_open,11.376390899997205,-1,10058
46,4,even,truth,correct,correct,500,168,-94,open,3.8848469000076875,-94,10464
47,6,even,truth,correct,correct,500,225,-168,not_open,3.5606620000035036,-1,10964
48,1,odd,lie,correct,wrong,-500,168,-94,open,2.75348060001852,168,10632
49,1,even,truth,wrong,wrong,-500,225,-94,open,1.7768292000109795,-94,10038
50,1,odd,truth,correct,correct,500,94,-225,not_open,2.457722699997248,-1,10538
51,1,even,truth,wrong,wrong,-500,225,-168,open,1.1826516000146512,-168,9870
52,2,odd,truth,wrong,wrong,-500,94,-225,not_open,2.541372899984708,-1,9370
53,3,even,truth,wrong,wrong,-500,94,-94,open,4.700955400010571,-94,8776
54,4,even,truth,correct,correct,500,225,-94,open,2.7660247000167146,-94,9182
