trials,dice,user_choice_odd-even,whether_to_lie,actual_answer,dealer_answer,initial_reward,open_reward,open_penalty,user_response_open,choice_rt,choice_reward,balance,peg_balance
1,6,odd,truth,wrong,wrong,-500,-1,2,not_open,11.65532359998906,-1,9500,3
2,4,even,lie,correct,wrong,-500,-3,1,open,7.446282599994447,-3,9000,0
3,3,even,lie,wrong,correct,500,-2,3,not_open,3.763498599990271,-1,9500,3
4,5,odd,lie,correct,wrong,-500,-2,3,open,6.829276300006313,-2,9000,1
5,6,even,truth,correct,correct,500,-1,1,not_open,1.2917101999919396,-1,9500,3
6,5,odd,lie,correct,wrong,-500,-2,3,open,5.950795600016136,-2,9000,1
7,6,even,lie,correct,wrong,-500,-1,1,not_open,4.812638200004585,-1,8500,3
8,4,even,lie,correct,wrong,-500,-2,1,not_open,3.10076139998273,-1,8000,3
9,5,odd,lie,correct,wrong,-500,-1,2,open,1.7031439999991562,-1,7500,2
10,2,even,lie,correct,wrong,-500,-3,3,open,2.6530251000076532,-3,7000,0
11,5,odd,truth,correct,correct,500,-2,2,open,6.1520727000024635,2,7500,5
12,2,odd,truth,wrong,wrong,-500,-2,2,open,0.6758753000176512,2,7000,5
13,6,even,lie,correct,wrong,-500,-3,2,open,9.507871200010413,-3,6500,0
14,2,odd,truth,wrong,wrong,-500,-1,3,not_open,3.9415705999999773,-1,6000,3
15,3,odd,lie,correct,wrong,-500,-2,1,open,2.9452035000140313,-2,5500,1
16,5,odd,lie,correct,wrong,-500,-2,2,open,6.357618700014427,-2,5000,1
17,4,even,lie,correct,wrong,-500,-3,3,open,1.7799647999927402,-3,4500,0
18,5,odd,lie,correct,wrong,-500,-3,1,open,7.815443300001789,-3,4000,0
19,1,even,lie,wrong,correct,500,-2,2,open,2.755071299994597,-2,4500,1
20,5,even,truth,wrong,wrong,-500,-3,2,open,2.5194949000142515,2,4000,5
21,6,even,truth,correct,correct,500,-1,3,open,2.7321519999823067,3,4500,6
22,1,odd,truth,correct,correct,500,-1,3,not_open,3.246484400006011,-1,5000,3
23,6,even,lie,correct,wrong,-500,-1,3,open,1.8753367999743205,-1,4500,2
24,5,odd,truth,correct,correct,500,-1,1,open,2.7524472999793943,1,5000,4
25,1,odd,truth,correct,correct,500,-3,3,open,2.48323410001467,3,5500,6
26,6,even,truth,correct,correct,500,-1,2,not_open,6.184656800003722,-1,6000,3
27,2,odd,lie,wrong,correct,500,-2,3,open,3.0426951000117697,-2,6500,1
28,1,even,truth,wrong,wrong,-500,-2,2,open,4.0044530000013765,2,6000,5
29,5,odd,truth,correct,correct,500,-3,1,open,0.4479241000080947,1,6500,4
30,1,even,truth,wrong,wrong,-500,-1,2,not_open,0.4904534999805037,-1,6000,3
31,6,even,truth,correct,correct,500,-2,1,not_open,1.826835799991386,-1,6500,3
32,6,even,truth,correct,correct,500,-1,1,open,2.6307400000223424,1,7000,4
33,4,odd,truth,wrong,wrong,-500,-3,1,open,1.2876484000007622,1,6500,4
34,4,odd,truth,wrong,wrong,-500,-3,1,open,1.2090358999848831,1,6000,4
35,5,even,truth,wrong,wrong,-500,-2,1,not_open,1.0811997999844607,-1,5500,3
36,6,odd,lie,wrong,correct,500,-3,1,not_open,2.243486999999732,-1,6000,3
37,1,odd,lie,correct,wrong,-500,-3,3,open,1.7470745999889914,-3,5500,0
38,1,even,lie,wrong,correct,500,-3,3,not_open,1.2713022000098135,-1,6000,3
39,4,even,lie,correct,wrong,-500,-1,2,open,0.534131399996113,-1,5500,2
40,5,odd,truth,correct,correct,500,-3,2,open,1.005083200027002,2,6000,5
41,1,even,truth,wrong,wrong,-500,-1,1,not_open,1.5839774000050966,-1,5500,3
42,4,odd,lie,wrong,correct,500,-1,3,open,0.7029069999989588,-1,6000,2
43,1,odd,lie,correct,wrong,-500,-1,2,not_open,0.5021436000242829,-1,5500,3
44,1,odd,lie,correct,wrong,-500,-2,1,open,0.5955917999963276,-2,5000,1
45,3,even,lie,wrong,correct,500,-3,3,not_open,0.7696563999925274,-1,5500,3
46,2,odd,lie,wrong,correct,500,-3,2,open,0.684817600005772,-3,6000,0
47,2,even,truth,correct,correct,500,-3,2,not_open,0.8015596000186633,-1,6500,3
48,6,even,lie,correct,wrong,-500,-1,3,open,2.2662507999921218,-1,6000,2
49,6,odd,truth,wrong,wrong,-500,-2,2,open,1.4105334000196308,2,5500,5
50,4,odd,truth,wrong,wrong,-500,-2,3,not_open,0.6253479000006337,-1,5000,3
51,5,odd,truth,correct,correct,500,-1,1,not_open,0.9618015000014566,-1,5500,3
52,1,odd,truth,correct,correct,500,-3,2,open,0.49562380000134,2,6000,5
53,6,odd,truth,wrong,wrong,-500,-2,1,not_open,1.2792059000057634,-1,5500,3
54,3,odd,truth,correct,correct,500,-2,3,open,0.8688250000122935,3,6000,6
