trials,dice,user_choice_odd-even,whether_to_lie,actual_answer,dealer_answer,initial_reward,open_reward,open_penalty,user_response_open,choice_rt,choice_reward,balance
1,6,odd,truth,wrong,wrong,-500,112,-100,not_open,9.458088600018527,-1,9500
2,4,odd,lie,wrong,correct,500,112,-112,not_open,1.461707300011767,-1,10000
3,4,odd,lie,wrong,correct,500,112,-112,not_open,3.2713752000126988,-1,10500
4,1,odd,truth,correct,correct,500,112,-100,not_open,2.6666160999739077,-1,11000
5,2,odd,lie,wrong,correct,500,100,-112,open,0.7826251000224147,100,11600
6,1,even,lie,wrong,correct,500,112,-112,open,0.9020182999956887,112,12212
7,4,odd,truth,wrong,wrong,-500,112,-112,not_open,0.8032674000132829,-1,11712
8,4,odd,lie,wrong,correct,500,100,-112,not_open,1.7251714000012726,-1,12212
9,1,odd,truth,correct,correct,500,112,-112,open,1.7974986999761313,-112,12600
10,6,even,lie,correct,wrong,-500,100,-100,open,3.479050299996743,100,12200
11,6,even,lie,correct,wrong,-500,112,-112,open,1.6503128999902401,112,11812
12,4,even,lie,correct,wrong,-500,100,-100,not_open,3.9481573999801185,-1,11312
13,4,odd,lie,wrong,correct,500,100,-112,open,1.9115256000077352,100,11912
14,6,even,truth,correct,correct,500,100,-100,not_open,1.3620404000103008,-1,12412
15,5,odd,lie,correct,wrong,-500,112,-100,open,2.545353099994827,112,12024
16,4,even,lie,correct,wrong,-500,112,-100,not_open,1.0167586999887135,-1,11524
17,3,even,lie,wrong,correct,500,112,-112,open,3.096612699999241,112,12136
18,3,even,truth,wrong,wrong,-500,112,-112,not_open,1.4850673000037204,-1,11636
19,1,odd,truth,correct,correct,500,112,-112,open,2.0301895000156946,-112,12024
20,2,even,lie,correct,wrong,-500,112,-112,not_open,1.0905002999934368,-1,11524
21,5,odd,lie,correct,wrong,-500,100,-112,open,1.1242261000152212,100,11124
22,4,even,lie,correct,wrong,-500,112,-112,not_open,2.044047800009139,-1,10624
23,4,odd,truth,wrong,wrong,-500,100,-112,open,1.016545499995118,-112,10012
24,2,even,lie,correct,wrong,-500,112,-112,not_open,1.7249526999949012,-1,9512
25,2,odd,lie,wrong,correct,500,100,-112,open,1.011592599999858,100,10112
26,6,even,lie,correct,wrong,-500,112,-100,open,1.7663513000006787,112,9724
27,2,even,lie,correct,wrong,-500,100,-112,open,1.0290317999897525,100,9324
28,3,even,truth,wrong,wrong,-500,100,-112,open,1.968260299996473,-112,8712
29,3,even,truth,wrong,wrong,-500,100,-100,not_open,0.9291838000062853,-1,8212
30,5,odd,lie,correct,wrong,-500,112,-112,open,1.5167232000094373,112,7824
31,1,even,lie,wrong,correct,500,100,-112,open,0.5968232000013813,100,8424
32,6,even,lie,correct,wrong,-500,112,-100,open,0.6543453999911435,112,8036
33,4,even,truth,correct,correct,500,112,-112,open,1.5366370000119787,-112,8424
34,3,even,lie,wrong,correct,500,100,-112,not_open,2.139397699997062,-1,8924
35,3,odd,truth,correct,correct,500,112,-112,open,1.7579896999814082,-112,9312
36,2,even,truth,correct,correct,500,112,-112,not_open,0.9795559000049252,-1,9812
37,5,odd,truth,correct,correct,500,112,-112,not_open,0.7858991000102833,-1,10312
38,3,even,truth,wrong,wrong,-500,112,-112,open,1.1881423000013456,-112,9700
39,5,even,truth,wrong,wrong,-500,100,-100,not_open,1.0071696000231896,-1,9200
40,1,odd,truth,correct,correct,500,112,-112,not_open,0.5205973999982234,-1,9700
41,3,even,truth,wrong,wrong,-500,112,-100,open,1.6304616999987047,-100,9100
42,6,even,truth,correct,correct,500,112,-112,not_open,0.43671229999745265,-1,9600
43,2,even,lie,correct,wrong,-500,112,-100,open,1.4262485000072047,112,9212
44,6,odd,truth,wrong,wrong,-500,100,-112,open,1.5910160000203177,-112,8600
45,2,even,lie,correct,wrong,-500,112,-100,not_open,0.9407770000107121,-1,8100
46,3,even,truth,wrong,wrong,-500,112,-112,open,1.5318840999971144,-112,7488
47,1,even,truth,wrong,wrong,-500,112,-100,not_open,0.3403227999806404,-1,6988
48,4,odd,lie,wrong,correct,500,112,-112,not_open,0.27244159998372197,-1,7488
49,4,odd,truth,wrong,wrong,-500,112,-112,open,0.39796380000188947,-112,6876
50,5,even,truth,wrong,wrong,-500,112,-100,not_open,0.8029079000116326,-1,6376
51,6,even,lie,correct,wrong,-500,100,-100,not_open,0.4862831000064034,-1,5876
52,3,odd,lie,correct,wrong,-500,112,-100,open,0.32162080000853166,112,5488
53,6,even,truth,correct,correct,500,112,-112,not_open,1.7323945999960415,-1,5988
54,6,even,truth,correct,correct,500,100,-112,not_open,0.35031780001008883,-1,6488
