trials,dice,user_choice_odd-even,whether_to_lie,actual_answer,dealer_answer,initial_reward,open_reward,open_penalty,user_response_open,choice_rt,choice_reward,balance
1,4,odd,truth,wrong,wrong,-500,100,-142,open,5.890011999988928,-142,9358
2,3,odd,lie,correct,wrong,-500,142,-142,open,1.3721321999910288,142,9000
3,1,odd,truth,correct,correct,500,100,-50,not_open,3.2675710000039544,-1,9500
4,2,odd,lie,wrong,correct,500,100,-142,not_open,2.85389599998598,-1,10000
5,6,odd,truth,wrong,wrong,-500,100,-100,open,1.5865646000020206,-100,9400
6,2,odd,truth,wrong,wrong,-500,142,-100,open,1.6937651000043843,-100,8800
7,2,odd,truth,wrong,wrong,-500,142,-50,not_open,1.6997441000130493,-1,8300
8,3,odd,lie,correct,wrong,-500,142,-100,not_open,0.891636100015603,-1,7800
9,6,odd,lie,wrong,correct,500,142,-100,not_open,0.5979009000002407,-1,8300
10,1,even,truth,wrong,wrong,-500,142,-142,open,0.4796720999875106,-142,7658
11,2,odd,lie,wrong,correct,500,50,-100,not_open,0.5500233999919146,-1,8158
12,6,odd,lie,wrong,correct,500,100,-100,not_open,0.6519608999951743,-1,8658
13,1,even,lie,wrong,correct,500,100,-50,open,1.5730210000183433,100,9258
14,1,odd,truth,correct,correct,500,100,-100,not_open,0.9195577000209596,-1,9758
15,1,odd,lie,correct,wrong,-500,142,-100,open,1.1813927999755833,142,9400
16,1,odd,lie,correct,wrong,-500,142,-142,open,0.8690970000170637,142,9042
17,4,odd,lie,wrong,correct,500,50,-50,not_open,0.4272585999860894,-1,9542
18,4,odd,truth,wrong,wrong,-500,50,-50,open,1.449267099989811,-50,8992
19,5,even,truth,wrong,wrong,-500,142,-50,open,1.2849853000079747,-50,8442
20,6,odd,truth,wrong,wrong,-500,50,-50,not_open,0.6954375000204891,-1,7942
21,3,odd,lie,correct,wrong,-500,100,-142,not_open,1.0208413999935146,-1,7442
22,6,odd,truth,wrong,wrong,-500,142,-50,open,0.8755918000242673,-50,6892
23,3,odd,truth,correct,correct,500,50,-142,not_open,0.9021077000070363,-1,7392
24,4,odd,truth,wrong,wrong,-500,50,-100,not_open,2.026720900001237,-1,6892
25,2,odd,lie,wrong,correct,500,142,-100,not_open,0.5201358999765944,-1,7392
26,4,even,lie,correct,wrong,-500,50,-142,not_open,0.6080724000057671,-1,6892
27,5,odd,truth,correct,correct,500,50,-50,not_open,0.6811350000207312,-1,7392
28,1,odd,lie,correct,wrong,-500,100,-50,not_open,0.32809850000194274,-1,6892
29,1,odd,lie,correct,wrong,-500,50,-100,not_open,1.8015405000187457,-1,6392
30,6,odd,truth,wrong,wrong,-500,100,-142,not_open,0.5285481000028085,-1,5892
31,4,even,lie,correct,wrong,-500,50,-100,not_open,0.4198476000165101,-1,5392
32,1,odd,truth,correct,correct,500,142,-142,open,0.9548128999886103,-142,5750
33,3,odd,lie,correct,wrong,-500,50,-142,not_open,1.319572700012941,-1,5250
34,5,odd,truth,correct,correct,500,100,-50,open,0.6178646000043955,-50,5700
35,3,odd,lie,correct,wrong,-500,100,-100,not_open,0.39297059999080375,-1,5200
36,6,odd,lie,wrong,correct,500,142,-142,not_open,0.3338678999862168,-1,5700
37,6,odd,lie,wrong,correct,500,100,-142,not_open,2.421721399994567,-1,6200
38,4,odd,lie,wrong,correct,500,50,-100,not_open,0.4381905999907758,-1,6700
39,5,odd,truth,correct,correct,500,142,-50,open,0.5909564000030514,-50,7150
40,3,odd,truth,correct,correct,500,100,-142,not_open,0.8482164999877568,-1,7650
41,4,even,lie,correct,wrong,-500,50,-100,not_open,1.0769343999854755,-1,7150
42,5,odd,lie,correct,wrong,-500,142,-100,open,0.9743349000054877,142,6792
43,1,even,truth,wrong,wrong,-500,100,-100,not_open,0.6697569999960251,-1,6292
44,1,odd,lie,correct,wrong,-500,50,-142,not_open,0.32308180001564324,-1,5792
45,2,odd,lie,wrong,correct,500,50,-142,not_open,0.6377539999957662,-1,6292
46,3,even,truth,wrong,wrong,-500,50,-50,not_open,1.5683526000066195,-1,5792
47,3,odd,lie,correct,wrong,-500,50,-142,open,1.655023400002392,50,5342
48,4,odd,truth,wrong,wrong,-500,100,-100,not_open,0.2827516999968793,-1,4842
49,6,odd,truth,wrong,wrong,-500,100,-50,open,0.6470574999984819,-50,4292
50,2,odd,lie,wrong,correct,500,50,-50,not_open,0.658298599999398,-1,4792
51,2,odd,lie,wrong,correct,500,142,-50,not_open,0.4329016999981832,-1,5292
52,1,odd,lie,correct,wrong,-500,142,-50,open,0.5878101999987848,142,4934
53,1,odd,lie,correct,wrong,-500,100,-50,not_open,0.2585116999980528,-1,4434
54,2,odd,lie,wrong,correct,500,142,-142,open,0.7944933000253513,142,5076
