trials,dice,user_choice_odd-even,whether_to_lie,actual_answer,dealer_answer,initial_reward,open_reward,open_penalty,user_response_open,choice_rt,choice_reward,balance,peg_balance
1,1,odd,lie,correct,wrong,-500,-1,2,not_open,7.403087500017136,-1,9500,3
2,3,odd,truth,correct,correct,500,-3,3,not_open,1.4217617000103928,-1,10000,3
3,3,odd,truth,correct,correct,500,-1,2,open,2.4217824000224937,2,10500,5
4,6,odd,lie,wrong,correct,500,-2,1,open,8.223088499973528,-2,11000,1
5,4,odd,lie,wrong,correct,500,-1,1,not_open,0.9275409999827389,-1,11500,3
6,4,odd,lie,wrong,correct,500,-3,2,open,1.027652799995849,-3,12000,0
7,4,odd,truth,wrong,wrong,-500,-3,3,open,2.7767695000220556,3,11500,6
8,6,odd,lie,wrong,correct,500,-3,2,not_open,1.0165375999931712,-1,12000,3
9,2,odd,lie,wrong,correct,500,-1,3,not_open,4.659580999985337,-1,12500,3
10,5,odd,truth,correct,correct,500,-2,2,not_open,6.117059699987294,-1,13000,3
11,1,odd,lie,correct,wrong,-500,-1,3,open,1.8633978000143543,-1,12500,2
12,2,odd,lie,wrong,correct,500,-1,1,not_open,3.1588148000009824,-1,13000,3
13,3,odd,truth,correct,correct,500,-1,3,not_open,2.1946996000187937,-1,13500,3
14,5,odd,lie,correct,wrong,-500,-1,1,not_open,1.7239498999842908,-1,13000,3
15,1,odd,lie,correct,wrong,-500,-3,1,open,2.546568000019761,-3,12500,0
16,6,odd,lie,wrong,correct,500,-3,3,open,1.697718100011116,-3,13000,0
17,4,odd,lie,wrong,correct,500,-1,2,open,0.958778500003973,-1,13500,2
18,2,odd,lie,wrong,correct,500,-1,3,not_open,1.7761379999865312,-1,14000,3
19,3,odd,truth,correct,correct,500,-2,2,open,1.416213999997126,2,14500,5
20,2,odd,lie,wrong,correct,500,-2,3,open,1.7392047999892384,-2,15000,1
21,2,odd,truth,wrong,wrong,-500,-3,1,open,0.7300749999994878,1,14500,4
22,5,odd,lie,correct,wrong,-500,-3,3,open,1.23583960000542,-3,14000,0
23,5,odd,truth,correct,correct,500,-3,2,open,0.7305303000030108,2,14500,5
24,5,odd,lie,correct,wrong,-500,-2,3,open,2.5981168000143953,-2,14000,1
25,6,odd,truth,wrong,wrong,-500,-1,2,not_open,1.4835612000024412,-1,13500,3
26,1,odd,truth,correct,correct,500,-2,3,open,3.3968473999993876,3,14000,6
27,4,odd,truth,wrong,wrong,-500,-3,2,open,0.5745339000131935,2,13500,5
28,6,odd,truth,wrong,wrong,-500,-1,1,not_open,0.5844962999981362,-1,13000,3
29,3,odd,truth,correct,correct,500,-3,2,open,0.47494129999540746,2,13500,5
30,6,odd,truth,wrong,wrong,-500,-2,2,open,0.8369568999914918,2,13000,5
31,6,odd,truth,wrong,wrong,-500,-2,1,open,0.7081746000039857,1,12500,4
32,3,odd,truth,correct,correct,500,-3,3,open,0.7964084999985062,3,13000,6
33,1,odd,truth,correct,correct,500,-2,1,open,1.763726500008488,1,13500,4
34,3,odd,truth,correct,correct,500,-1,1,open,1.3559827999852132,1,14000,4
35,3,odd,lie,correct,wrong,-500,-2,3,not_open,0.9312347999948543,-1,13500,3
36,1,odd,truth,correct,correct,500,-3,1,not_open,0.5127699000004213,-1,14000,3
37,6,odd,truth,wrong,wrong,-500,-2,3,not_open,0.898094799980754,-1,13500,3
38,1,odd,truth,correct,correct,500,-2,2,not_open,0.9125726999773178,-1,14000,3
39,2,odd,truth,wrong,wrong,-500,-2,3,not_open,0.8324620999919716,-1,13500,3
40,6,odd,truth,wrong,wrong,-500,-3,1,open,0.8190338000131305,1,13000,4
41,4,odd,lie,wrong,correct,500,-2,2,not_open,1.5431473999924492,-1,13500,3
42,1,even,lie,wrong,correct,500,-1,2,not_open,1.1927396999963094,-1,14000,3
43,2,odd,lie,wrong,correct,500,-3,3,open,3.265055299998494,-3,14500,0
44,1,odd,lie,correct,wrong,-500,-1,2,not_open,0.5030201000045054,-1,14000,3
45,4,odd,truth,wrong,wrong,-500,-1,1,not_open,0.5977749000012409,-1,13500,3
46,1,odd,lie,correct,wrong,-500,-3,1,open,1.0170692999963649,-3,13000,0
47,4,odd,lie,wrong,correct,500,-2,1,not_open,1.5701984999759588,-1,13500,3
48,2,odd,truth,wrong,wrong,-500,-1,3,not_open,1.489235400018515,-1,13000,3
49,1,odd,truth,correct,correct,500,-1,3,not_open,1.0484307000006083,-1,13500,3
50,4,odd,truth,wrong,wrong,-500,-2,2,not_open,1.4356435000081547,-1,13000,3
51,5,odd,truth,correct,correct,500,-3,2,open,1.3888410000072327,2,13500,5
52,2,odd,truth,wrong,wrong,-500,-3,1,open,1.2591647999943234,1,13000,4
53,1,odd,lie,correct,wrong,-500,-2,1,open,0.9091530000150669,-2,12500,1
54,3,odd,truth,correct,correct,500,-2,1,open,1.669118999998318,1,13000,4
