trials,dice,user_choice_odd-even,whether_to_lie,actual_answer,dealer_answer,initial_reward,open_reward,open_penalty,user_response_open,choice_rt,choice_reward,balance,peg_balance
1,5,odd,truth,correct,correct,500,-3,2,not_open,14.708627499989234,-1,10500,3
2,5,even,truth,wrong,wrong,-500,-1,1,open,2.488405300071463,1,10000,4
3,3,even,lie,wrong,correct,500,-2,3,not_open,1.970264200004749,-1,10500,3
4,4,odd,lie,wrong,correct,500,-3,1,not_open,2.4460748999845237,-1,11000,3
5,4,odd,lie,wrong,correct,500,-2,1,not_open,4.4075118999462575,-1,11500,3
6,6,odd,lie,wrong,correct,500,-3,1,open,1.3985739999916404,-3,12000,0
7,3,odd,truth,correct,correct,500,-2,2,open,8.429880499956198,2,12500,5
8,4,odd,lie,wrong,correct,500,-3,3,not_open,7.049257199978456,-1,13000,3
9,6,even,truth,correct,correct,500,-1,2,not_open,2.059843000024557,-1,13500,3
10,6,even,lie,correct,wrong,-500,-2,2,open,1.166588700027205,-2,13000,1
11,5,odd,lie,correct,wrong,-500,-3,2,open,2.028713700012304,-3,12500,0
12,3,even,lie,wrong,correct,500,-2,1,open,1.4033017999026924,-2,13000,1
13,2,even,truth,correct,correct,500,-2,2,open,2.0121644999599084,2,13500,5
14,4,odd,lie,wrong,correct,500,-3,3,open,1.453119899961166,-3,14000,0
15,1,odd,lie,correct,wrong,-500,-2,3,open,1.8417648000176996,-2,13500,1
16,3,odd,lie,correct,wrong,-500,-3,2,open,0.9242020000237972,-3,13000,0
17,5,even,lie,wrong,correct,500,-3,1,open,0.6573393999133259,-3,13500,0
18,5,even,lie,wrong,correct,500,-3,3,open,0.6003290000371635,-3,14000,0
19,3,odd,truth,correct,correct,500,-3,2,open,0.7391399000771344,2,14500,5
20,4,odd,lie,wrong,correct,500,-1,2,open,2.8388184999348596,-1,15000,2
21,2,even,truth,correct,correct,500,-2,3,open,1.4410267999628559,3,15500,6
22,6,even,truth,correct,correct,500,-1,1,open,0.9530423000687733,1,16000,4
23,6,odd,lie,wrong,correct,500,-1,3,not_open,5.2588456000667065,-1,16500,3
24,4,even,truth,correct,correct,500,-1,3,not_open,1.6370359000284225,-1,17000,3
25,1,even,truth,wrong,wrong,-500,-3,3,open,1.7616245000390336,3,16500,6
26,3,odd,truth,correct,correct,500,-2,2,not_open,1.178741900017485,-1,17000,3
27,6,even,truth,correct,correct,500,-2,3,not_open,2.716634799959138,-1,17500,3
28,1,even,truth,wrong,wrong,-500,-1,2,not_open,2.588347600074485,-1,17000,3
29,4,odd,truth,wrong,wrong,-500,-2,2,open,2.9548658001003787,2,16500,5
30,5,odd,lie,correct,wrong,-500,-1,1,open,1.2220258000306785,-1,16000,2
31,1,odd,truth,correct,correct,500,-1,3,not_open,1.8872807999141514,-1,16500,3
32,5,odd,lie,correct,wrong,-500,-2,1,open,1.0721199000254273,-2,16000,1
33,3,odd,lie,correct,wrong,-500,-1,2,not_open,1.3980569000123069,-1,15500,3
34,6,even,lie,correct,wrong,-500,-3,1,open,1.1719067000085488,-3,15000,0
35,5,even,lie,wrong,correct,500,-3,1,open,0.6223588000284508,-3,15500,0
36,1,even,lie,wrong,correct,500,-2,3,open,5.873387299943715,-2,16000,1
37,3,odd,truth,correct,correct,500,-2,1,open,1.333866799948737,1,16500,4
38,3,odd,truth,correct,correct,500,-1,3,not_open,1.187571999966167,-1,17000,3
39,5,odd,truth,correct,correct,500,-2,3,not_open,2.0462416000664234,-1,17500,3
40,5,odd,lie,correct,wrong,-500,-1,1,open,1.2113515000091866,-1,17000,2
41,3,even,truth,wrong,wrong,-500,-2,2,open,1.1029535999987274,2,16500,5
42,5,odd,truth,correct,correct,500,-3,3,open,3.4990925999591127,3,17000,6
43,1,odd,lie,correct,wrong,-500,-3,3,open,1.4994147999677807,-3,16500,0
44,5,odd,truth,correct,correct,500,-3,2,open,0.9298173000570387,2,17000,5
45,5,even,lie,wrong,correct,500,-1,2,not_open,1.423882900038734,-1,17500,3
46,2,even,truth,correct,correct,500,-2,1,open,0.9223601000849158,1,18000,4
47,4,odd,lie,wrong,correct,500,-1,1,not_open,0.9752211000304669,-1,18500,3
48,2,odd,lie,wrong,correct,500,-3,1,open,1.2731177000096068,-3,19000,0
49,1,odd,truth,correct,correct,500,-1,3,not_open,1.316687099984847,-1,19500,3
50,3,odd,lie,correct,wrong,-500,-2,1,not_open,0.5418724999763072,-1,19000,3
51,2,even,truth,correct,correct,500,-1,1,open,2.2727717000525445,1,19500,4
52,4,even,lie,correct,wrong,-500,-1,3,not_open,1.5965851999353617,-1,19000,3
53,4,even,truth,correct,correct,500,-1,2,not_open,1.9696129000512883,-1,19500,3
54,6,even,lie,correct,wrong,-500,-3,2,open,1.8238897999981418,-3,19000,0
