trials,dice,user_choice_odd-even,whether_to_lie,actual_answer,dealer_answer,initial_reward,open_reward,open_penalty,user_response_open,choice_rt,choice_reward,balance
1,5,odd,truth,correct,correct,500,28,-21,not_open,16.71237890003249,-1,10500
2,1,odd,truth,correct,correct,500,21,-21,not_open,1.398105900036171,-1,11000
3,1,odd,truth,correct,correct,500,21,-21,not_open,1.5247775000752881,-1,11500
4,1,even,lie,wrong,correct,500,28,-28,not_open,1.0064944999758154,-1,12000
5,4,odd,truth,wrong,wrong,-500,28,-21,open,12.648776500020176,-21,11479
6,2,even,lie,correct,wrong,-500,21,-21,open,2.1545395998982713,21,11000
7,3,even,lie,wrong,correct,500,21,-28,not_open,1.0534804000053555,-1,11500
8,5,even,lie,wrong,correct,500,21,-21,not_open,0.5142926999833435,-1,12000
9,6,odd,truth,wrong,wrong,-500,21,-21,open,2.19457729998976,-21,11479
10,1,even,truth,wrong,wrong,-500,28,-21,open,2.532660000026226,-21,10958
11,4,even,truth,correct,correct,500,28,-21,not_open,0.40625030000228435,-1,11458
12,6,even,truth,correct,correct,500,28,-21,not_open,0.23633570002857596,-1,11958
13,2,even,lie,correct,wrong,-500,28,-28,open,3.2240491000702605,28,11486
14,4,odd,truth,wrong,wrong,-500,28,-21,open,1.6864798000315204,-21,10965
15,2,odd,lie,wrong,correct,500,28,-21,not_open,0.3498373000184074,-1,11465
16,6,odd,truth,wrong,wrong,-500,28,-21,open,1.2334474000381306,-21,10944
17,6,even,lie,correct,wrong,-500,21,-28,open,1.323941700044088,21,10465
18,5,even,truth,wrong,wrong,-500,28,-28,open,0.8114892999874428,-28,9937
19,6,even,truth,correct,correct,500,21,-21,not_open,4.017221299931407,-1,10437
20,1,even,truth,wrong,wrong,-500,21,-28,not_open,3.488835299969651,-1,9937
21,5,even,truth,wrong,wrong,-500,21,-21,open,2.0821660000365227,-21,9416
22,1,odd,truth,correct,correct,500,21,-28,not_open,0.22447209991514683,-1,9916
23,3,odd,truth,correct,correct,500,21,-21,not_open,0.26469370000995696,-1,10416
24,6,even,truth,correct,correct,500,21,-21,not_open,0.27975380001589656,-1,10916
25,6,odd,lie,wrong,correct,500,21,-21,not_open,0.22941500006709248,-1,11416
26,3,even,truth,wrong,wrong,-500,21,-21,open,0.806455000070855,-21,10895
27,4,odd,lie,wrong,correct,500,21,-21,not_open,0.3448185999877751,-1,11395
28,6,odd,truth,wrong,wrong,-500,21,-28,open,2.8101020000176504,-28,10867
29,1,odd,truth,correct,correct,500,21,-21,not_open,0.21897089993581176,-1,11367
30,2,odd,lie,wrong,correct,500,21,-21,not_open,0.27607309992890805,-1,11867
31,2,even,truth,correct,correct,500,28,-28,not_open,0.3330771999899298,-1,12367
32,6,even,truth,correct,correct,500,21,-21,not_open,0.27275969996117055,-1,12867
33,6,odd,lie,wrong,correct,500,21,-21,not_open,0.21208979992661625,-1,13367
34,2,even,truth,correct,correct,500,21,-28,not_open,0.31551200000103563,-1,13867
35,1,odd,lie,correct,wrong,-500,28,-21,open,0.44856599997729063,28,13395
36,5,odd,truth,correct,correct,500,21,-21,not_open,0.3038253999548033,-1,13895
37,3,even,lie,wrong,correct,500,21,-21,not_open,0.30737940000835806,-1,14395
38,5,odd,truth,correct,correct,500,21,-21,not_open,0.28739900002256036,-1,14895
39,5,odd,truth,correct,correct,500,21,-21,not_open,0.3623995000962168,-1,15395
40,3,even,truth,wrong,wrong,-500,21,-28,open,0.5770165999419987,-28,14867
41,5,odd,truth,correct,correct,500,21,-28,not_open,0.31683760008309036,-1,15367
42,3,odd,truth,correct,correct,500,21,-21,not_open,0.2703117000637576,-1,15867
43,4,even,truth,correct,correct,500,28,-28,not_open,0.23896869993768632,-1,16367
44,2,even,truth,correct,correct,500,28,-21,not_open,0.5047521000960842,-1,16867
45,6,odd,lie,wrong,correct,500,21,-28,not_open,0.22188870003446937,-1,17367
46,3,odd,lie,correct,wrong,-500,21,-21,open,1.0063022000249475,21,16888
47,6,even,truth,correct,correct,500,21,-28,not_open,0.2243603999959305,-1,17388
48,1,even,lie,wrong,correct,500,28,-21,not_open,0.5946153000695631,-1,17888
49,4,even,lie,correct,wrong,-500,21,-21,open,0.4336780000012368,21,17409
50,2,even,truth,correct,correct,500,28,-21,not_open,0.25577779999002814,-1,17909
51,1,odd,lie,correct,wrong,-500,21,-21,open,0.4757326999679208,21,17430
52,1,even,lie,wrong,correct,500,28,-28,not_open,1.0113040000433102,-1,17930
53,1,even,truth,wrong,wrong,-500,21,-28,open,1.3587641000049189,-28,17402
54,3,even,lie,wrong,correct,500,21,-28,not_open,2.196473399992101,-1,17902
