trials,dice,user_choice_odd-even,whether_to_lie,actual_answer,dealer_answer,initial_reward,open_reward,open_penalty,user_response_open,choice_rt,choice_reward,balance
1,5,odd,lie,correct,wrong,-500,4,-2,open,9.45339929999318,4,9504
2,5,odd,lie,correct,wrong,-500,2,-8,not_open,2.4154050999932224,-1,9004
3,3,odd,truth,correct,correct,500,4,-4,not_open,2.387268899998162,-1,9504
4,3,even,lie,wrong,correct,500,2,-4,not_open,0.9854928999993717,-1,10004
5,5,odd,truth,correct,correct,500,4,-8,not_open,0.5376569000072777,-1,10504
6,3,even,lie,wrong,correct,500,4,-4,not_open,1.0598919000040041,-1,11004
7,4,odd,lie,wrong,correct,500,4,-8,not_open,0.9201679999969201,-1,11504
8,6,odd,lie,wrong,correct,500,8,-8,not_open,1.0854230999975698,-1,12004
9,4,odd,truth,wrong,wrong,-500,2,-8,open,1.9551904999971157,-8,11496
10,5,odd,lie,correct,wrong,-500,2,-2,not_open,2.024906699996791,-1,10996
11,6,odd,lie,wrong,correct,500,2,-2,not_open,0.7806867000035709,-1,11496
12,5,odd,lie,correct,wrong,-500,8,-2,not_open,0.9290195999928983,-1,10996
13,4,even,lie,correct,wrong,-500,8,-2,open,2.240940599993337,8,10504
14,6,odd,lie,wrong,correct,500,2,-4,not_open,1.2277349999931175,-1,11004
15,6,odd,lie,wrong,correct,500,2,-8,not_open,0.6923289999976987,-1,11504
16,6,odd,truth,wrong,wrong,-500,2,-4,open,2.540427299987641,-4,11000
17,5,odd,truth,correct,correct,500,4,-2,open,1.9270225999935064,-2,11498
18,2,even,truth,correct,correct,500,8,-4,open,3.8401585999963572,-4,11994
19,4,odd,lie,wrong,correct,500,8,-8,not_open,1.6398044999950798,-1,12494
20,5,odd,truth,correct,correct,500,2,-2,open,2.127582599991001,-2,12992
21,4,even,truth,correct,correct,500,4,-4,not_open,2.2596723000024213,-1,13492
22,2,even,truth,correct,correct,500,8,-8,not_open,1.31711859999632,-1,13992
23,4,even,lie,correct,wrong,-500,8,-4,open,1.9207195000053616,8,13500
24,1,odd,lie,correct,wrong,-500,8,-4,open,3.352906100000837,8,13008
25,5,odd,lie,correct,wrong,-500,2,-8,not_open,1.750769999998738,-1,12508
26,5,odd,lie,correct,wrong,-500,4,-2,open,2.794394900003681,4,12012
27,4,even,lie,correct,wrong,-500,2,-4,not_open,1.6140592000010656,-1,11512
28,3,odd,truth,correct,correct,500,8,-2,open,1.3595736000133911,-2,12010
29,3,even,lie,wrong,correct,500,8,-8,not_open,1.713027300007525,-1,12510
30,3,odd,truth,correct,correct,500,4,-2,open,2.078837900000508,-2,13008
31,4,odd,truth,wrong,wrong,-500,8,-4,open,2.5931134999991627,-4,12504
32,3,even,lie,wrong,correct,500,2,-8,not_open,1.8628748000046471,-1,13004
33,3,odd,truth,correct,correct,500,8,-4,open,1.6842633000051137,-4,13500
34,4,odd,truth,wrong,wrong,-500,4,-8,not_open,1.3874561999982689,-1,13000
35,4,even,truth,correct,correct,500,8,-4,open,2.6407349000073737,-4,13496
36,4,odd,lie,wrong,correct,500,2,-2,open,1.2564319000084652,2,13998
37,1,odd,truth,correct,correct,500,8,-2,open,1.2258732999907807,-2,14496
38,2,odd,truth,wrong,wrong,-500,8,-8,not_open,1.805319100007182,-1,13996
39,3,odd,truth,correct,correct,500,2,-4,not_open,2.2610344999993686,-1,14496
40,3,odd,truth,correct,correct,500,8,-2,open,1.3707490999950096,-2,14994
41,2,even,lie,correct,wrong,-500,2,-2,open,1.0507597999967402,2,14496
42,2,even,truth,correct,correct,500,4,-4,not_open,1.674196399995708,-1,14996
43,5,odd,truth,correct,correct,500,2,-8,not_open,1.5840753999946173,-1,15496
44,2,even,lie,correct,wrong,-500,4,-4,not_open,1.3811765999998897,-1,14996
45,1,odd,lie,correct,wrong,-500,2,-2,open,1.4095842999959132,2,14498
46,4,even,lie,correct,wrong,-500,4,-2,open,1.258275300002424,4,14002
47,6,even,truth,correct,correct,500,8,-2,open,2.070958199998131,-2,14500
48,5,even,truth,wrong,wrong,-500,8,-8,open,2.1200608999934047,-8,13992
49,4,even,lie,correct,wrong,-500,4,-2,open,1.2459273999993457,4,13496
50,2,odd,truth,wrong,wrong,-500,4,-8,not_open,1.3292996999953175,-1,12996
51,5,odd,lie,correct,wrong,-500,4,-8,not_open,1.2888794000027701,-1,12496
52,3,even,lie,wrong,correct,500,4,-8,not_open,2.2839665999927092,-1,12996
53,6,even,truth,correct,correct,500,4,-4,not_open,1.299358200005372,-1,13496
54,2,even,truth,correct,correct,500,2,-4,not_open,1.4260251999949105,-1,13996
