trials,dice,user_choice_odd-even,whether_to_lie,actual_answer,dealer_answer,initial_reward,open_reward,open_penalty,user_response_open,choice_rt,choice_reward,balance,peg_balance
1,4,even,lie,correct,wrong,-500,-1,2,open,4.210770299992873,-1,9500,2
2,4,even,truth,correct,correct,500,-1,2,not_open,6.454206599999452,-1,10000,3
3,3,even,lie,wrong,correct,500,-3,1,open,2.941976000001887,-3,10500,0
4,1,odd,truth,correct,correct,500,-3,2,not_open,2.9147044999990612,-1,11000,3
5,4,even,truth,correct,correct,500,-1,3,not_open,3.7913518999994267,-1,11500,3
6,3,odd,lie,correct,wrong,-500,-2,3,open,2.132366199992248,-2,11000,1
7,1,even,truth,wrong,wrong,-500,-1,3,not_open,1.9910328999976628,-1,10500,3
8,6,even,lie,correct,wrong,-500,-2,3,open,2.5891250999993645,-2,10000,1
9,3,odd,truth,correct,correct,500,-3,3,not_open,2.1682285999995656,-1,10500,3
10,3,odd,truth,correct,correct,500,-3,1,open,2.51729790000536,1,11000,4
11,2,even,lie,correct,wrong,-500,-1,1,open,2.360875300000771,-1,10500,2
12,6,odd,lie,wrong,correct,500,-1,2,open,3.861820899997838,-1,11000,2
13,6,even,truth,correct,correct,500,-2,1,open,1.9638312999886693,1,11500,4
14,6,even,truth,correct,correct,500,-3,3,open,1.9609134000056656,3,12000,6
15,1,even,lie,wrong,correct,500,-2,1,open,3.0275789000006625,-2,12500,1
16,2,odd,truth,wrong,wrong,-500,-3,2,open,2.117301399994176,2,12000,5
17,1,even,lie,wrong,correct,500,-2,2,open,2.309596599996439,-2,12500,1
18,6,even,lie,correct,wrong,-500,-1,3,not_open,1.8625238999957219,-1,12000,3
19,3,odd,truth,correct,correct,500,-2,1,open,2.1399014000053285,1,12500,4
20,1,odd,lie,correct,wrong,-500,-3,2,open,1.7089194000000134,-3,12000,0
21,3,odd,truth,correct,correct,500,-2,2,not_open,3.961378699998022,-1,12500,3
22,3,odd,lie,correct,wrong,-500,-2,1,not_open,1.8453900000022259,-1,12000,3
23,5,even,lie,wrong,correct,500,-1,2,not_open,2.17810940000345,-1,12500,3
24,4,even,truth,correct,correct,500,-3,3,open,1.4889658000029158,3,13000,6
25,4,even,lie,correct,wrong,-500,-2,1,open,3.118486000006669,-2,12500,1
26,1,even,truth,wrong,wrong,-500,-3,1,not_open,2.442015000007814,-1,12000,3
27,5,even,lie,wrong,correct,500,-3,2,open,1.6288476000045193,-3,12500,0
28,5,odd,truth,correct,correct,500,-1,3,not_open,1.1978108000039356,-1,13000,3
29,6,even,lie,correct,wrong,-500,-3,3,open,2.1896059999999125,-3,12500,0
30,6,odd,truth,wrong,wrong,-500,-1,1,open,1.5738383999996586,1,12000,4
31,4,even,truth,correct,correct,500,-2,3,open,1.6257198000093922,3,12500,6
32,5,even,lie,wrong,correct,500,-2,2,open,2.1886630000080913,-2,13000,1
33,1,odd,lie,correct,wrong,-500,-1,3,not_open,2.104185799995321,-1,12500,3
34,6,odd,truth,wrong,wrong,-500,-3,3,not_open,2.0290065000008326,-1,12000,3
35,4,odd,truth,wrong,wrong,-500,-2,2,not_open,1.8637298999965424,-1,11500,3
36,3,even,lie,wrong,correct,500,-2,2,open,1.4657480000023497,-2,12000,1
37,4,odd,truth,wrong,wrong,-500,-3,3,not_open,1.5130190999916522,-1,11500,3
38,1,even,truth,wrong,wrong,-500,-3,2,not_open,2.0021705999970436,-1,11000,3
39,1,even,truth,wrong,wrong,-500,-2,1,open,1.5235094999952707,1,10500,4
40,4,even,lie,correct,wrong,-500,-1,1,open,1.5766999999905238,-1,10000,2
41,1,even,lie,wrong,correct,500,-3,1,not_open,1.8057426999876043,-1,10500,3
42,5,even,truth,wrong,wrong,-500,-3,2,open,1.7598355000081938,2,10000,5
43,5,even,lie,wrong,correct,500,-3,1,open,1.6936442000005627,-3,10500,0
44,2,odd,lie,wrong,correct,500,-3,1,not_open,2.2984521000034874,-1,11000,3
45,6,odd,lie,wrong,correct,500,-1,3,open,1.398270000005141,-1,11500,2
46,3,odd,lie,correct,wrong,-500,-2,3,open,1.4055143000005046,-2,11000,1
47,3,odd,truth,correct,correct,500,-1,2,not_open,1.243637600011425,-1,11500,3
48,4,odd,lie,wrong,correct,500,-1,2,open,1.4764254999900004,-1,12000,2
49,1,odd,lie,correct,wrong,-500,-2,2,not_open,1.4608701999968616,-1,11500,3
50,3,even,truth,wrong,wrong,-500,-1,1,open,2.7690347000025213,1,11000,4
51,6,even,truth,correct,correct,500,-2,3,open,0.772112599996035,3,11500,6
52,5,even,truth,wrong,wrong,-500,-1,1,open,1.1344146999908844,1,11000,4
53,3,even,truth,wrong,wrong,-500,-1,1,open,1.5935782000015024,1,10500,4
54,4,even,lie,correct,wrong,-500,-2,3,open,1.2028715999913402,-2,10000,1
