trials,dice,user_choice_odd-even,whether_to_lie,actual_answer,dealer_answer,initial_reward,open_reward,open_penalty,user_response_open,choice_rt,choice_reward,balance
1,1,even,lie,wrong,correct,500,1,-1,not_open,33.81637159999809,-1,10500
2,4,odd,truth,wrong,wrong,-500,1,-1,open,3.703784800018184,-1,9999
3,5,odd,lie,correct,wrong,-500,1,-1,open,0.37284580001141876,1,9500
4,6,even,truth,correct,correct,500,1,-1,not_open,0.9344747999857645,-1,10000
5,3,odd,lie,correct,wrong,-500,1,-1,open,4.36877140001161,1,9501
6,4,odd,lie,wrong,correct,500,1,-1,not_open,1.1355027999961749,-1,10001
7,1,even,truth,wrong,wrong,-500,1,-1,open,0.5721041999931913,-1,9500
8,4,even,truth,correct,correct,500,1,-1,open,0.7515797000087332,-1,9999
9,6,odd,truth,wrong,wrong,-500,1,-1,not_open,3.3768347000004724,-1,9499
10,6,even,lie,correct,wrong,-500,1,-1,open,1.5028743000002578,1,9000
11,1,odd,lie,correct,wrong,-500,1,-1,not_open,0.29770570000982843,-1,8500
12,6,odd,truth,wrong,wrong,-500,1,-1,open,0.25364469998748973,-1,7999
13,2,even,truth,correct,correct,500,1,-1,not_open,2.6931918999762274,-1,8499
14,1,even,lie,wrong,correct,500,1,-1,not_open,1.597739199991338,-1,8999
15,4,even,truth,correct,correct,500,1,-1,open,2.057711700006621,-1,9498
16,5,odd,truth,correct,correct,500,1,-1,not_open,1.0320924000116065,-1,9998
17,5,even,lie,wrong,correct,500,1,-1,not_open,0.9709305000142194,-1,10498
18,4,odd,truth,wrong,wrong,-500,1,-1,open,1.2730168999987654,-1,9997
19,4,odd,truth,wrong,wrong,-500,1,-1,open,0.42357270000502467,-1,9496
20,2,even,truth,correct,correct,500,1,-1,not_open,1.2606062999984715,-1,9996
21,2,even,lie,correct,wrong,-500,1,-1,open,0.3303367999906186,1,9497
22,2,odd,lie,wrong,correct,500,1,-1,open,0.9036720999865793,1,9998
23,6,odd,truth,wrong,wrong,-500,1,-1,open,1.878577800001949,-1,9497
24,6,even,truth,correct,correct,500,1,-1,not_open,1.4953372000018135,-1,9997
25,4,even,truth,correct,correct,500,1,-1,not_open,1.04384620001656,-1,10497
26,6,even,truth,correct,correct,500,1,-1,not_open,0.5022887000232004,-1,10997
27,3,even,truth,wrong,wrong,-500,1,-1,open,0.8438316000101622,-1,10496
28,2,even,truth,correct,correct,500,1,-1,not_open,0.7307915999845136,-1,10996
29,2,even,lie,correct,wrong,-500,1,-1,not_open,0.3043914999871049,-1,10496
30,2,even,lie,correct,wrong,-500,1,-1,open,1.200920600007521,1,9997
31,4,even,lie,correct,wrong,-500,1,-1,open,0.24162729998352006,1,9498
32,4,odd,truth,wrong,wrong,-500,1,-1,open,0.3490418999863323,-1,8997
33,2,even,truth,correct,correct,500,1,-1,not_open,0.5573687999858521,-1,9497
34,5,even,truth,wrong,wrong,-500,1,-1,open,0.2428308999806177,-1,8996
35,1,even,lie,wrong,correct,500,1,-1,not_open,0.5212355000257958,-1,9496
36,2,even,lie,correct,wrong,-500,1,-1,open,0.313085100002354,1,8997
37,3,odd,truth,correct,correct,500,1,-1,not_open,0.32353610001155175,-1,9497
38,4,even,lie,correct,wrong,-500,1,-1,open,0.3446327999990899,1,8998
39,1,even,lie,wrong,correct,500,1,-1,not_open,0.8552082999958657,-1,9498
40,3,odd,truth,correct,correct,500,1,-1,not_open,0.7777970999886747,-1,9998
41,4,even,lie,correct,wrong,-500,1,-1,open,0.2240587999986019,1,9499
42,5,odd,lie,correct,wrong,-500,1,-1,not_open,0.7097880000073928,-1,8999
43,3,odd,truth,correct,correct,500,1,-1,open,0.7864618999883533,-1,9498
44,2,odd,truth,wrong,wrong,-500,1,-1,open,1.1100439000001643,-1,8997
45,5,even,lie,wrong,correct,500,1,-1,not_open,0.9098607999912929,-1,9497
46,3,even,truth,wrong,wrong,-500,1,-1,open,0.5206106999830808,-1,8996
47,5,even,truth,wrong,wrong,-500,1,-1,open,0.3520974999992177,-1,8495
48,1,odd,truth,correct,correct,500,1,-1,not_open,0.26058559998637065,-1,8995
49,4,even,lie,correct,wrong,-500,1,-1,open,0.47783519999939017,1,8496
50,5,even,truth,wrong,wrong,-500,1,-1,not_open,0.49096759999520145,-1,7996
51,6,odd,lie,wrong,correct,500,1,-1,open,1.5212139999784995,1,8497
52,5,even,truth,wrong,wrong,-500,1,-1,open,2.0299706000078004,-1,7996
53,2,odd,lie,wrong,correct,500,1,-1,not_open,0.36548199999378994,-1,8496
54,6,odd,truth,wrong,wrong,-500,1,-1,open,0.8521096000040416,-1,7995
