trials,dice,user_choice_odd-even,whether_to_lie,actual_answer,dealer_answer,initial_reward,open_reward,open_penalty,user_response_open,choice_rt,choice_reward,balance,peg_balance
1,6,even,lie,correct,wrong,-500,-2,1,open,4.3055418000149075,-2,9500,1
2,6,odd,truth,wrong,wrong,-500,-1,2,not_open,2.731571200012695,-1,9000,3
3,1,even,truth,wrong,wrong,-500,-1,1,open,1.9149732000078075,1,8500,4
4,5,even,lie,wrong,correct,500,-1,1,open,4.420046899991576,-1,9000,2
5,6,odd,truth,wrong,wrong,-500,-3,3,not_open,1.0008700999896973,-1,8500,3
6,1,even,truth,wrong,wrong,-500,-2,2,open,1.748010899988003,2,8000,5
7,2,even,lie,correct,wrong,-500,-1,1,open,0.37314640000113286,-1,7500,2
8,4,odd,truth,wrong,wrong,-500,-1,3,open,0.20887849997961894,3,7000,6
9,2,odd,truth,wrong,wrong,-500,-1,1,not_open,2.4802417999890167,-1,6500,3
10,3,even,truth,wrong,wrong,-500,-1,2,open,0.3169247999903746,2,6000,5
11,2,odd,truth,wrong,wrong,-500,-2,3,not_open,1.1923798999923747,-1,5500,3
12,3,even,lie,wrong,correct,500,-3,2,not_open,2.4213714000070468,-1,6000,3
13,6,even,lie,correct,wrong,-500,-1,2,open,1.6738454999867827,-1,5500,2
14,4,odd,lie,wrong,correct,500,-3,2,not_open,2.8901908000116237,-1,6000,3
15,4,odd,truth,wrong,wrong,-500,-3,1,not_open,7.264650500001153,-1,5500,3
16,3,even,lie,wrong,correct,500,-3,2,not_open,2.9840452000207733,-1,6000,3
17,3,odd,truth,correct,correct,500,-3,3,not_open,2.341370399983134,-1,6500,3
18,4,odd,lie,wrong,correct,500,-3,2,not_open,2.093685799976811,-1,7000,3
19,5,even,lie,wrong,correct,500,-2,2,not_open,1.5175138000049628,-1,7500,3
20,5,odd,lie,correct,wrong,-500,-1,3,not_open,6.886069900006987,-1,7000,3
21,3,even,lie,wrong,correct,500,-1,3,not_open,1.518257599993376,-1,7500,3
22,5,odd,lie,correct,wrong,-500,-2,1,open,1.7486075999913737,-2,7000,1
23,2,even,lie,correct,wrong,-500,-3,1,open,1.1911036999954376,-3,6500,0
24,3,odd,lie,correct,wrong,-500,-2,1,open,1.5556018000061158,-2,6000,1
25,4,even,lie,correct,wrong,-500,-2,3,not_open,0.74604779999936,-1,5500,3
26,3,odd,lie,correct,wrong,-500,-1,1,open,1.2890611000184435,-1,5000,2
27,1,odd,truth,correct,correct,500,-3,2,not_open,0.873311500006821,-1,5500,3
28,6,even,truth,correct,correct,500,-2,2,not_open,0.8184914999874309,-1,6000,3
29,6,odd,truth,wrong,wrong,-500,-1,3,open,2.400734900002135,3,5500,6
30,4,even,truth,correct,correct,500,-2,1,open,1.7588924000156112,1,6000,4
31,6,odd,lie,wrong,correct,500,-2,3,not_open,0.6368854000174906,-1,6500,3
32,2,even,lie,correct,wrong,-500,-3,3,open,1.2019830000062939,-3,6000,0
33,6,odd,truth,wrong,wrong,-500,-3,3,not_open,1.3866605999937747,-1,5500,3
34,4,odd,lie,wrong,correct,500,-2,1,open,2.640767999982927,-2,6000,1
35,5,even,truth,wrong,wrong,-500,-1,2,not_open,2.473132999992231,-1,5500,3
36,1,odd,truth,correct,correct,500,-1,3,not_open,0.9238972000021022,-1,6000,3
37,1,odd,truth,correct,correct,500,-1,2,not_open,1.4176651999878231,-1,6500,3
38,1,even,truth,wrong,wrong,-500,-2,3,not_open,1.446954499988351,-1,6000,3
39,1,odd,truth,correct,correct,500,-1,1,open,1.347876300016651,1,6500,4
40,5,even,truth,wrong,wrong,-500,-3,3,not_open,1.4174750999954995,-1,6000,3
41,4,odd,truth,wrong,wrong,-500,-2,2,open,1.3037865000078455,2,5500,5
42,3,even,lie,wrong,correct,500,-3,1,open,4.884939500014298,-3,6000,0
43,2,odd,truth,wrong,wrong,-500,-2,3,not_open,1.0297589999972843,-1,5500,3
44,5,odd,lie,correct,wrong,-500,-2,2,open,1.5263172000122722,-2,5000,1
45,6,odd,lie,wrong,correct,500,-1,3,not_open,0.4788190000108443,-1,5500,3
46,4,even,lie,correct,wrong,-500,-3,2,open,2.19446890000836,-3,5000,0
47,4,odd,truth,wrong,wrong,-500,-2,3,not_open,1.6177989999996498,-1,4500,3
48,5,odd,lie,correct,wrong,-500,-3,1,open,1.4425700999854598,-3,4000,0
49,3,even,lie,wrong,correct,500,-1,2,not_open,1.0358431999920867,-1,4500,3
50,4,odd,lie,wrong,correct,500,-2,1,open,0.8420079000061378,-2,5000,1
51,3,even,lie,wrong,correct,500,-3,3,not_open,0.5523743999947328,-1,5500,3
52,1,even,truth,wrong,wrong,-500,-3,1,open,1.2636609999754,1,5000,4
53,2,even,truth,correct,correct,500,-2,2,not_open,1.8301909000147134,-1,5500,3
54,6,odd,truth,wrong,wrong,-500,-3,1,open,1.419228300015675,1,5000,4
