trials,dice,user_choice_odd-even,whether_to_lie,actual_answer,dealer_answer,initial_reward,open_reward,open_penalty,user_response_open,choice_rt,choice_reward,balance,peg_balance
1,3,even,lie,wrong,correct,500,-3,1,open,13.439667199985706,-3,10500,0
2,4,odd,lie,wrong,correct,500,-1,1,open,3.085106200000155,-1,11000,2
3,4,odd,lie,wrong,correct,500,-1,2,not_open,2.258497199989506,-1,11500,3
4,2,even,lie,correct,wrong,-500,-2,1,open,1.825363500000094,-2,11000,1
5,4,odd,lie,wrong,correct,500,-1,3,not_open,5.809243299998343,-1,11500,3
6,5,even,lie,wrong,correct,500,-2,2,open,4.199144400001387,-2,12000,1
7,3,odd,lie,correct,wrong,-500,-3,2,open,1.8778304999868851,-3,11500,0
8,1,even,lie,wrong,correct,500,-2,1,open,1.5603908999910345,-2,12000,1
9,3,odd,truth,correct,correct,500,-1,1,not_open,2.8532510999939404,-1,12500,3
10,4,odd,lie,wrong,correct,500,-1,3,not_open,1.415947600005893,-1,13000,3
11,2,odd,truth,wrong,wrong,-500,-2,2,not_open,1.871383000005153,-1,12500,3
12,1,even,truth,wrong,wrong,-500,-1,3,not_open,2.749285299985786,-1,12000,3
13,3,odd,truth,correct,correct,500,-2,2,open,1.4614358999970136,2,12500,5
14,4,even,lie,correct,wrong,-500,-2,2,not_open,1.5143846999999369,-1,12000,3
15,5,odd,truth,correct,correct,500,-2,1,open,1.7116884999995818,1,12500,4
16,2,even,lie,correct,wrong,-500,-1,1,open,0.8236876000009943,-1,12000,2
17,2,odd,truth,wrong,wrong,-500,-3,2,not_open,2.809438999989652,-1,11500,3
18,4,odd,truth,wrong,wrong,-500,-3,1,open,1.2882526000030339,1,11000,4
19,5,even,truth,wrong,wrong,-500,-3,3,not_open,1.169059699997888,-1,10500,3
20,2,odd,lie,wrong,correct,500,-2,1,open,1.6381552999955602,-2,11000,1
21,5,odd,lie,correct,wrong,-500,-2,3,not_open,1.1915815999964252,-1,10500,3
22,3,odd,truth,correct,correct,500,-1,2,not_open,2.179613200001768,-1,11000,3
23,2,odd,lie,wrong,correct,500,-2,3,not_open,1.436074400000507,-1,11500,3
24,4,even,truth,correct,correct,500,-2,3,not_open,1.169543199997861,-1,12000,3
25,2,odd,truth,wrong,wrong,-500,-2,3,not_open,2.7223460000095656,-1,11500,3
26,5,odd,truth,correct,correct,500,-2,3,not_open,2.2628194999997504,-1,12000,3
27,2,even,truth,correct,correct,500,-3,3,open,3.0210282999905758,3,12500,6
28,1,even,lie,wrong,correct,500,-3,2,open,5.054391999990912,-3,13000,0
29,2,even,truth,correct,correct,500,-1,2,open,1.207904499999131,2,13500,5
30,5,odd,truth,correct,correct,500,-3,1,open,1.6701839000015752,1,14000,4
31,2,even,truth,correct,correct,500,-2,2,not_open,1.1250696999923093,-1,14500,3
32,1,odd,lie,correct,wrong,-500,-1,3,not_open,1.055502000002889,-1,14000,3
33,4,odd,lie,wrong,correct,500,-3,1,open,1.3930147000064608,-3,14500,0
34,4,even,truth,correct,correct,500,-1,3,not_open,0.8768039999995381,-1,15000,3
35,2,odd,lie,wrong,correct,500,-3,3,not_open,1.1884675999899628,-1,15500,3
36,2,odd,truth,wrong,wrong,-500,-2,1,open,1.7320004999928642,1,15000,4
37,6,odd,truth,wrong,wrong,-500,-2,2,not_open,1.8388679999916349,-1,14500,3
38,5,odd,lie,correct,wrong,-500,-1,2,not_open,1.0668803000007756,-1,14000,3
39,5,even,truth,wrong,wrong,-500,-1,1,open,1.0426475999993272,1,13500,4
40,2,odd,lie,wrong,correct,500,-3,1,open,1.2732605000055628,-3,14000,0
41,1,odd,truth,correct,correct,500,-1,1,open,2.729150799990748,1,14500,4
42,2,even,truth,correct,correct,500,-3,2,not_open,1.667429799999809,-1,15000,3
43,1,even,truth,wrong,wrong,-500,-3,3,not_open,0.928406700011692,-1,14500,3
44,6,odd,truth,wrong,wrong,-500,-1,1,not_open,2.2768981999979587,-1,14000,3
45,1,even,lie,wrong,correct,500,-3,2,not_open,1.2959391000040341,-1,14500,3
46,2,odd,lie,wrong,correct,500,-3,2,not_open,0.7890680000127759,-1,15000,3
47,4,odd,truth,wrong,wrong,-500,-1,3,not_open,1.1551627000008011,-1,14500,3
48,6,even,lie,correct,wrong,-500,-3,1,open,1.2176917999895522,-3,14000,0
49,4,odd,lie,wrong,correct,500,-2,1,open,1.3926133999921149,-2,14500,1
50,3,even,truth,wrong,wrong,-500,-2,3,not_open,0.9962444999982836,-1,14000,3
51,5,even,truth,wrong,wrong,-500,-1,2,not_open,1.4036761999886949,-1,13500,3
52,1,even,truth,wrong,wrong,-500,-3,3,not_open,0.8410908999940148,-1,13000,3
53,5,even,truth,wrong,wrong,-500,-3,3,not_open,0.9091392000118503,-1,12500,3
54,3,even,truth,wrong,wrong,-500,-1,2,not_open,1.4461007999925641,-1,12000,3
