trials,dice,user_choice_odd-even,whether_to_lie,actual_answer,dealer_answer,initial_reward,open_reward,open_penalty,user_response_open,choice_rt,choice_reward,balance
1,2,odd,lie,wrong,correct,500,142,-94,not_open,7.2647846000036225,-1,10500
2,1,even,lie,wrong,correct,500,126,-126,not_open,7.160066800002824,-1,11000
3,2,odd,lie,wrong,correct,500,142,-94,open,1.6869200999935856,142,11642
4,3,even,lie,wrong,correct,500,94,-94,open,2.0209622999973362,94,12236
5,1,odd,lie,correct,wrong,-500,142,-94,open,1.5802057000109926,142,11878
6,2,odd,lie,wrong,correct,500,94,-126,not_open,5.0189261000050465,-1,12378
7,5,even,truth,wrong,wrong,-500,94,-126,open,1.4578817000001436,-126,11752
8,4,odd,lie,wrong,correct,500,142,-94,open,2.6279687999922317,142,12394
9,2,even,lie,correct,wrong,-500,142,-142,open,4.511280599996098,142,12036
10,4,odd,truth,wrong,wrong,-500,142,-126,open,1.6120196999982,-126,11410
11,1,even,lie,wrong,correct,500,142,-142,not_open,1.1871683000063058,-1,11910
12,3,odd,truth,correct,correct,500,126,-126,not_open,1.9148703000100795,-1,12410
13,4,odd,truth,wrong,wrong,-500,126,-126,open,3.899673099993379,-126,11784
14,2,odd,truth,wrong,wrong,-500,142,-126,open,2.5226686999958474,-126,11158
15,3,even,truth,wrong,wrong,-500,126,-142,not_open,0.810779100007494,-1,10658
16,3,even,truth,wrong,wrong,-500,94,-126,not_open,1.4406698999955552,-1,10158
17,4,odd,truth,wrong,wrong,-500,94,-142,not_open,1.1054438000137452,-1,9658
18,6,odd,truth,wrong,wrong,-500,94,-126,open,1.0816430999984732,-126,9032
19,1,odd,lie,correct,wrong,-500,142,-126,open,2.264151800001855,142,8674
20,6,odd,truth,wrong,wrong,-500,94,-94,open,1.7363337999995565,-94,8080
21,3,even,lie,wrong,correct,500,142,-142,not_open,0.646455700014485,-1,8580
22,4,even,lie,correct,wrong,-500,126,-94,not_open,0.5307262999995146,-1,8080
23,3,odd,truth,correct,correct,500,94,-94,not_open,0.8433212999952957,-1,8580
24,3,even,lie,wrong,correct,500,126,-94,not_open,0.4561176000133855,-1,9080
25,1,even,lie,wrong,correct,500,126,-94,not_open,0.49504339999111835,-1,9580
26,4,odd,lie,wrong,correct,500,94,-126,not_open,0.48563840000133496,-1,10080
27,4,even,truth,correct,correct,500,126,-142,not_open,0.6645776000077603,-1,10580
28,5,odd,truth,correct,correct,500,94,-94,not_open,0.44560930000443477,-1,11080
29,5,even,lie,wrong,correct,500,126,-126,not_open,0.5465914999949746,-1,11580
30,1,even,lie,wrong,correct,500,142,-126,not_open,0.6215564000012819,-1,12080
31,5,even,lie,wrong,correct,500,126,-126,not_open,0.5162409999902593,-1,12580
32,1,odd,truth,correct,correct,500,142,-142,not_open,0.5751880000025267,-1,13080
33,4,even,truth,correct,correct,500,142,-142,not_open,0.7238856999902055,-1,13580
34,2,even,lie,correct,wrong,-500,94,-94,not_open,0.6772877999901539,-1,13080
35,5,even,lie,wrong,correct,500,142,-142,not_open,0.4468129000015324,-1,13580
36,4,even,truth,correct,correct,500,126,-94,not_open,0.8903465999901528,-1,14080
37,2,odd,truth,wrong,wrong,-500,94,-142,not_open,0.7171857999928761,-1,13580
38,5,odd,truth,correct,correct,500,94,-142,not_open,0.7367328999971505,-1,14080
39,2,even,lie,correct,wrong,-500,126,-94,open,1.3960392000008142,126,13706
40,3,odd,lie,correct,wrong,-500,142,-126,open,1.0785939999914262,142,13348
41,6,even,truth,correct,correct,500,94,-142,not_open,0.7770308999897679,-1,13848
42,1,odd,lie,correct,wrong,-500,142,-94,open,0.7812685000099009,142,13490
43,5,even,truth,wrong,wrong,-500,126,-142,not_open,1.772348400001647,-1,12990
44,2,even,truth,correct,correct,500,94,-142,not_open,0.25236020000011194,-1,13490
45,2,odd,lie,wrong,correct,500,94,-126,not_open,0.23289110000769142,-1,13990
46,2,even,truth,correct,correct,500,94,-142,not_open,0.7484718000050634,-1,14490
47,4,even,truth,correct,correct,500,142,-94,not_open,0.6070120000076713,-1,14990
48,5,even,lie,wrong,correct,500,126,-94,not_open,0.6372119000006933,-1,15490
49,4,even,lie,correct,wrong,-500,126,-142,open,0.80073529999936,126,15116
50,6,odd,lie,wrong,correct,500,94,-94,not_open,0.5228891000006115,-1,15616
51,1,even,truth,wrong,wrong,-500,126,-142,open,0.5626065999967977,-142,14974
52,5,even,truth,wrong,wrong,-500,142,-126,open,0.7697507999982918,-126,14348
53,4,odd,lie,wrong,correct,500,126,-142,not_open,0.21976350000477396,-1,14848
54,1,even,truth,wrong,wrong,-500,126,-126,open,1.1879904000088573,-126,14222
