trials,dice,user_choice_odd-even,whether_to_lie,actual_answer,dealer_answer,initial_reward,open_reward,open_penalty,user_response_open,choice_rt,choice_reward,balance,peg_balance
1,4,even,truth,correct,correct,500,-3,3,not_open,3.9056357000081334,-1,10500,3
2,1,even,truth,wrong,wrong,-500,-3,2,open,6.677121699991403,2,10000,5
3,4,odd,lie,wrong,correct,500,-3,3,not_open,1.3850466000149027,-1,10500,3
4,6,odd,lie,wrong,correct,500,-3,2,open,10.575838700024178,-3,11000,0
5,3,even,truth,wrong,wrong,-500,-3,1,open,1.1995829999796115,1,10500,4
6,5,odd,lie,correct,wrong,-500,-2,2,open,2.0826951000199188,-2,10000,1
7,6,odd,lie,wrong,correct,500,-2,1,open,6.204074999986915,-2,10500,1
8,3,odd,lie,correct,wrong,-500,-1,3,open,0.8879495000001043,-1,10000,2
9,3,odd,truth,correct,correct,500,-2,3,open,0.9880241999926511,3,10500,6
10,2,odd,lie,wrong,correct,500,-2,3,not_open,1.792491300002439,-1,11000,3
11,5,even,lie,wrong,correct,500,-3,2,open,3.7259185000148136,-3,11500,0
12,1,odd,lie,correct,wrong,-500,-2,2,open,1.5032863999949768,-2,11000,1
13,4,even,truth,correct,correct,500,-1,3,not_open,5.395587000006344,-1,11500,3
14,6,odd,lie,wrong,correct,500,-2,3,open,2.5848543000174686,-2,12000,1
15,1,even,truth,wrong,wrong,-500,-2,3,open,4.9494172999984585,3,11500,6
16,6,odd,lie,wrong,correct,500,-2,3,not_open,1.4191844000015408,-1,12000,3
17,2,odd,lie,wrong,correct,500,-2,2,open,0.8123234999948181,-2,12500,1
18,3,odd,truth,correct,correct,500,-1,3,not_open,1.764588999998523,-1,13000,3
19,5,odd,lie,correct,wrong,-500,-1,3,not_open,2.429042500007199,-1,12500,3
20,5,even,truth,wrong,wrong,-500,-1,3,not_open,2.62207079998916,-1,12000,3
21,6,odd,truth,wrong,wrong,-500,-3,2,open,1.7276926999911666,2,11500,5
22,2,odd,truth,wrong,wrong,-500,-3,2,open,1.8804986999894027,2,11000,5
23,4,odd,truth,wrong,wrong,-500,-2,1,open,2.432262099988293,1,10500,4
24,4,even,truth,correct,correct,500,-1,2,not_open,1.8116535999870393,-1,11000,3
25,4,odd,truth,wrong,wrong,-500,-3,3,open,1.1065544000011869,3,10500,6
26,3,odd,truth,correct,correct,500,-2,3,not_open,7.374606199999107,-1,11000,3
27,2,odd,truth,wrong,wrong,-500,-3,1,open,1.5580108000140171,1,10500,4
28,1,odd,truth,correct,correct,500,-2,2,open,2.423940499982564,2,11000,5
29,2,even,lie,correct,wrong,-500,-2,2,not_open,0.6734496999997646,-1,10500,3
30,1,odd,lie,correct,wrong,-500,-1,1,open,1.442564199998742,-1,10000,2
31,3,odd,truth,correct,correct,500,-2,1,open,1.314408000005642,1,10500,4
32,2,even,lie,correct,wrong,-500,-2,1,open,1.3652122000057716,-2,10000,1
33,4,even,lie,correct,wrong,-500,-2,1,open,0.9145955000130925,-2,9500,1
34,3,even,lie,wrong,correct,500,-3,1,open,1.552165300003253,-3,10000,0
35,3,even,lie,wrong,correct,500,-3,1,open,0.7916830999893136,-3,10500,0
36,4,even,truth,correct,correct,500,-2,1,open,1.6870233999798074,1,11000,4
37,4,even,truth,correct,correct,500,-3,3,not_open,1.3524624000128824,-1,11500,3
38,3,even,truth,wrong,wrong,-500,-3,2,open,0.9977634999959264,2,11000,5
39,4,even,truth,correct,correct,500,-1,2,not_open,2.0903628999949433,-1,11500,3
40,1,even,lie,wrong,correct,500,-1,1,open,1.2229935000068508,-1,12000,2
41,1,even,truth,wrong,wrong,-500,-1,1,open,1.315659499989124,1,11500,4
42,5,even,lie,wrong,correct,500,-3,3,open,1.7265863999782596,-3,12000,0
43,2,even,truth,correct,correct,500,-2,2,not_open,1.5066833999881055,-1,12500,3
44,6,even,truth,correct,correct,500,-1,1,open,1.20626030000858,1,13000,4
45,4,even,truth,correct,correct,500,-1,2,not_open,1.5772299999953248,-1,13500,3
46,2,even,truth,correct,correct,500,-3,1,open,1.3077948999998625,1,14000,4
47,3,even,lie,wrong,correct,500,-1,2,not_open,1.0047897000040393,-1,14500,3
48,4,even,truth,correct,correct,500,-1,2,not_open,0.7465700000175275,-1,15000,3
49,5,even,truth,wrong,wrong,-500,-1,1,open,0.88468279998051,1,14500,4
50,2,even,truth,correct,correct,500,-1,1,open,1.7714608000242151,1,15000,4
51,5,odd,lie,correct,wrong,-500,-3,3,open,1.0411603999964427,-3,14500,0
52,5,even,truth,wrong,wrong,-500,-3,1,open,1.3865277000004426,1,14000,4
53,6,even,truth,correct,correct,500,-1,2,not_open,2.0554193000134546,-1,14500,3
54,2,odd,truth,wrong,wrong,-500,-1,3,open,1.481977099989308,3,14000,6
