trials,dice,user_choice_odd-even,whether_to_lie,actual_answer,dealer_answer,initial_reward,open_reward,open_penalty,user_response_open,choice_rt,choice_reward,balance
1,4,even,lie,correct,wrong,-500,18,-18,open,4.682410200010054,18,9518
2,2,odd,truth,wrong,wrong,-500,56,-18,open,2.08257590001449,-18,9000
3,5,even,lie,wrong,correct,500,38,-38,not_open,2.499448199989274,-1,9500
4,3,even,truth,wrong,wrong,-500,38,-56,open,0.8012714000069536,-56,8944
5,6,even,lie,correct,wrong,-500,38,-56,open,1.0377566000097431,38,8482
6,1,even,truth,wrong,wrong,-500,18,-18,open,1.3196084999945015,-18,7964
7,6,even,lie,correct,wrong,-500,56,-56,open,1.7096206999849528,56,7520
8,6,odd,lie,wrong,correct,500,56,-56,not_open,2.085481100017205,-1,8020
9,3,odd,lie,correct,wrong,-500,56,-38,open,0.7318518999963999,56,7576
10,2,even,lie,correct,wrong,-500,56,-18,open,0.42584419998456724,56,7132
11,6,even,lie,correct,wrong,-500,56,-38,open,0.3760543999960646,56,6688
12,4,even,lie,correct,wrong,-500,38,-18,open,0.3892541000095662,38,6226
13,2,even,truth,correct,correct,500,38,-56,not_open,0.5708235999918543,-1,6726
14,4,even,lie,correct,wrong,-500,38,-56,open,0.23571360000642017,38,6264
15,1,even,lie,wrong,correct,500,56,-18,open,0.2273742000106722,56,6820
16,3,even,truth,wrong,wrong,-500,38,-38,open,0.3987499999930151,-38,6282
17,6,even,lie,correct,wrong,-500,18,-18,open,0.6323057000117842,18,5800
18,2,even,truth,correct,correct,500,38,-38,open,0.4215198000019882,-38,6262
19,3,even,truth,wrong,wrong,-500,18,-56,open,0.5209258000249974,-56,5706
20,6,even,truth,correct,correct,500,38,-18,open,1.4646623999869917,-18,6188
21,5,even,truth,wrong,wrong,-500,18,-56,open,0.7316617000033148,-56,5632
22,6,even,truth,correct,correct,500,18,-56,not_open,1.944373500009533,-1,6132
23,4,even,truth,correct,correct,500,18,-38,not_open,0.4746411999803968,-1,6632
24,1,even,lie,wrong,correct,500,18,-18,not_open,0.36144530001911335,-1,7132
25,3,even,lie,wrong,correct,500,18,-38,not_open,0.7082993999938481,-1,7632
26,5,even,lie,wrong,correct,500,56,-56,not_open,1.050132800010033,-1,8132
27,3,even,lie,wrong,correct,500,38,-38,not_open,1.2760394000215456,-1,8632
28,3,even,truth,wrong,wrong,-500,18,-38,open,0.2534680000098888,-38,8094
29,6,even,truth,correct,correct,500,18,-56,not_open,1.728389199997764,-1,8594
30,3,even,truth,wrong,wrong,-500,18,-56,open,0.33990940000512637,-56,8038
31,5,even,lie,wrong,correct,500,18,-38,not_open,1.113987900025677,-1,8538
32,2,even,truth,correct,correct,500,56,-56,not_open,1.0142419000039808,-1,9038
33,6,even,lie,correct,wrong,-500,56,-18,not_open,0.3558037999900989,-1,8538
34,1,even,truth,wrong,wrong,-500,56,-56,open,0.29281000001356006,-56,7982
35,1,even,truth,wrong,wrong,-500,56,-38,open,0.30092909999075346,-38,7444
36,3,even,truth,wrong,wrong,-500,18,-38,open,1.1439285000087693,-38,6906
37,4,even,truth,correct,correct,500,18,-18,not_open,0.5329681999864988,-1,7406
38,3,even,truth,wrong,wrong,-500,38,-56,open,1.4926741999806836,-56,6850
39,1,even,lie,wrong,correct,500,18,-18,not_open,0.7310438000131398,-1,7350
40,6,even,truth,correct,correct,500,18,-38,not_open,0.6607760000042617,-1,7850
41,3,even,truth,wrong,wrong,-500,56,-38,open,0.37067689999821596,-38,7312
42,3,even,lie,wrong,correct,500,18,-56,not_open,0.580768200015882,-1,7812
43,3,even,truth,wrong,wrong,-500,56,-18,open,0.20751460001338273,-18,7294
44,1,even,truth,wrong,wrong,-500,38,-38,open,0.5821732000040356,-38,6756
45,6,even,lie,correct,wrong,-500,56,-56,not_open,0.4038299999956507,-1,6256
46,1,odd,truth,correct,correct,500,38,-18,open,1.1766812000132632,-18,6738
47,2,odd,truth,wrong,wrong,-500,56,-38,open,0.048089400021126494,-38,6200
48,2,odd,lie,wrong,correct,500,38,-18,not_open,0.21714270001393743,-1,6700
49,3,odd,lie,correct,wrong,-500,38,-38,not_open,0.7551911000045948,-1,6200
50,1,odd,truth,correct,correct,500,56,-38,open,1.1461560999741778,-38,6662
51,3,even,truth,wrong,wrong,-500,38,-18,open,0.6869019999867305,-18,6144
52,2,even,lie,correct,wrong,-500,56,-18,open,0.828964399988763,56,5700
53,3,even,lie,wrong,correct,500,38,-56,not_open,0.4261048999906052,-1,6200
54,3,even,lie,wrong,correct,500,38,-18,not_open,0.4343304999929387,-1,6700
