trials,dice,user_choice_odd-even,whether_to_lie,actual_answer,dealer_answer,initial_reward,open_reward,open_penalty,user_response_open,choice_rt,choice_reward,balance,peg_balance
1,1,odd,lie,correct,wrong,-500,-1,2,open,9.043000700010452,-1,9500,2
2,3,odd,lie,correct,wrong,-500,-3,2,open,12.837148800026625,-3,9000,0
3,3,odd,truth,correct,correct,500,-1,2,not_open,20.606267200026195,-1,9500,3
4,2,odd,lie,wrong,correct,500,-2,2,not_open,13.101540000003297,-1,10000,3
5,6,odd,lie,wrong,correct,500,-1,2,not_open,6.320198200002778,-1,10500,3
6,2,odd,lie,wrong,correct,500,-2,2,open,1.0259012000169605,-2,11000,1
7,4,odd,lie,wrong,correct,500,-3,1,open,7.540579899970908,-3,11500,0
8,6,odd,truth,wrong,wrong,-500,-1,3,open,1.2117319999961182,3,11000,6
9,3,odd,lie,correct,wrong,-500,-3,2,open,1.456488800002262,-3,10500,0
10,2,odd,lie,wrong,correct,500,-1,1,not_open,2.476679499959573,-1,11000,3
11,4,odd,truth,wrong,wrong,-500,-1,2,open,1.4908501000027172,2,10500,5
12,3,odd,truth,correct,correct,500,-1,3,open,2.13534769997932,3,11000,6
13,3,odd,truth,correct,correct,500,-1,2,open,2.640014800010249,2,11500,5
14,4,odd,lie,wrong,correct,500,-3,3,not_open,2.55744569998933,-1,12000,3
15,3,odd,truth,correct,correct,500,-1,3,not_open,6.282952099980321,-1,12500,3
16,4,odd,truth,wrong,wrong,-500,-2,1,open,0.4555795000051148,1,12000,4
17,5,odd,lie,correct,wrong,-500,-3,1,open,0.5602045000414364,-3,11500,0
18,2,odd,lie,wrong,correct,500,-3,2,not_open,0.1662530999747105,-1,12000,3
19,5,odd,truth,correct,correct,500,-1,1,not_open,1.2741715000011027,-1,12500,3
20,3,odd,truth,correct,correct,500,-2,3,not_open,2.0092210000148043,-1,13000,3
21,6,odd,truth,wrong,wrong,-500,-3,1,open,1.6410168000147678,1,12500,4
22,3,odd,truth,correct,correct,500,-1,1,open,3.808122300019022,1,13000,4
23,1,odd,truth,correct,correct,500,-3,1,open,5.068531600001734,1,13500,4
24,3,odd,lie,correct,wrong,-500,-3,2,open,2.1304626999772154,-3,13000,0
25,1,odd,truth,correct,correct,500,-2,1,open,4.402638399973512,1,13500,4
26,5,odd,lie,correct,wrong,-500,-2,1,open,4.707344900001772,-2,13000,1
27,4,odd,truth,wrong,wrong,-500,-1,1,open,8.028736700012814,1,12500,4
28,2,odd,lie,wrong,correct,500,-3,3,not_open,2.950408300035633,-1,13000,3
29,1,odd,lie,correct,wrong,-500,-3,2,open,1.2011956999776885,-3,12500,0
30,3,odd,lie,correct,wrong,-500,-1,3,not_open,1.703794899978675,-1,12000,3
31,5,odd,truth,correct,correct,500,-2,3,not_open,5.2261539999744855,-1,12500,3
32,4,odd,lie,wrong,correct,500,-3,3,open,1.198240600002464,-3,13000,0
33,6,odd,lie,wrong,correct,500,-2,2,not_open,2.187781599990558,-1,13500,3
34,1,odd,truth,correct,correct,500,-3,1,open,3.1182697999756783,1,14000,4
35,4,odd,lie,wrong,correct,500,-1,3,not_open,2.5175940999761224,-1,14500,3
36,3,odd,lie,correct,wrong,-500,-1,3,open,1.782935599971097,-1,14000,2
37,1,odd,truth,correct,correct,500,-2,3,not_open,2.507380499970168,-1,14500,3
38,5,odd,truth,correct,correct,500,-2,2,open,0.9891744999913499,2,15000,5
39,1,odd,truth,correct,correct,500,-1,1,open,2.4017869999515824,1,15500,4
40,5,odd,truth,correct,correct,500,-3,3,open,2.7032431999687105,3,16000,6
41,3,odd,truth,correct,correct,500,-1,1,not_open,1.4852213999838568,-1,16500,3
42,3,odd,lie,correct,wrong,-500,-2,1,open,1.6130986000061966,-2,16000,1
43,1,odd,lie,correct,wrong,-500,-3,3,open,2.696871899999678,-3,15500,0
44,5,odd,truth,correct,correct,500,-2,1,open,1.8933311000000685,1,16000,4
45,2,odd,lie,wrong,correct,500,-2,2,open,1.9051171999890357,-2,16500,1
46,3,odd,truth,correct,correct,500,-2,3,not_open,1.2108153000008315,-1,17000,3
47,3,odd,truth,correct,correct,500,-2,3,open,0.9241996000055224,3,17500,6
48,3,odd,lie,correct,wrong,-500,-3,3,open,0.9830871999729425,-3,17000,0
49,2,odd,lie,wrong,correct,500,-1,2,not_open,0.699674999981653,-1,17500,3
50,3,odd,truth,correct,correct,500,-2,3,not_open,1.4103120000218041,-1,18000,3
51,5,odd,lie,correct,wrong,-500,-3,2,open,0.9411196000291966,-3,17500,0
52,6,odd,lie,wrong,correct,500,-2,1,open,3.359164400026202,-2,18000,1
53,6,odd,lie,wrong,correct,500,-2,2,open,1.3219143000314943,-2,18500,1
54,1,odd,lie,correct,wrong,-500,-3,1,open,1.4667997999931686,-3,18000,0
