trials,dice,user_choice_odd-even,whether_to_lie,actual_answer,dealer_answer,initial_reward,open_reward,open_penalty,user_response_open,choice_rt,choice_reward,balance
1,1,odd,lie,correct,wrong,-500,1012,-1012,open,5.236909899977036,1012,10512
2,5,odd,lie,correct,wrong,-500,507,-1518,open,6.005538300029002,507,10519
3,4,odd,lie,wrong,correct,500,1518,-1012,not_open,2.5769109000102617,-1,11019
4,1,odd,truth,correct,correct,500,1012,-1518,not_open,7.154060499975458,-1,11519
5,3,odd,truth,correct,correct,500,1518,-507,open,4.098459600005299,-507,11512
6,2,odd,lie,wrong,correct,500,507,-1012,not_open,1.9021683999453671,-1,12012
7,4,odd,lie,wrong,correct,500,507,-1012,not_open,0.6545766000053845,-1,12512
8,4,odd,lie,wrong,correct,500,1012,-1012,not_open,0.4752483000047505,-1,13012
9,2,odd,truth,wrong,wrong,-500,1012,-507,open,1.5149773000157438,-507,12005
10,4,odd,lie,wrong,correct,500,1012,-507,open,2.043361699965317,1012,13517
11,4,odd,truth,wrong,wrong,-500,1012,-507,open,1.8436583000002429,-507,12510
12,6,odd,truth,wrong,wrong,-500,507,-507,open,2.0238229000242427,-507,11503
13,3,odd,truth,correct,correct,500,1518,-507,open,2.926598099991679,-507,11496
14,2,odd,lie,wrong,correct,500,507,-1012,not_open,0.496264900022652,-1,11996
15,6,odd,truth,wrong,wrong,-500,1518,-1518,open,0.966553499980364,-1518,9978
16,3,odd,truth,correct,correct,500,507,-1518,not_open,1.3196786000044085,-1,10478
17,6,odd,lie,wrong,correct,500,1518,-1012,open,2.844874800008256,1518,12496
18,6,odd,truth,wrong,wrong,-500,1518,-1518,open,2.996627200045623,-1518,10478
19,4,odd,lie,wrong,correct,500,1518,-507,open,2.6194917000248097,1518,12496
20,6,odd,truth,wrong,wrong,-500,1012,-507,open,1.4393771999748424,-507,11489
21,1,odd,truth,correct,correct,500,1518,-1012,open,2.2210458999616094,-1012,10977
22,3,odd,truth,correct,correct,500,507,-507,open,1.614608199975919,-507,10970
23,3,odd,lie,correct,wrong,-500,1012,-1518,open,1.5273372000083327,1012,11482
24,5,odd,lie,correct,wrong,-500,1518,-1012,open,1.415984400024172,1518,12500
25,4,odd,lie,wrong,correct,500,1012,-1012,not_open,1.192678099963814,-1,13000
26,1,odd,truth,correct,correct,500,1518,-1518,not_open,1.1309595999773592,-1,13500
27,2,odd,lie,wrong,correct,500,1518,-507,open,1.4511764000053518,1518,15518
28,2,odd,lie,wrong,correct,500,1012,-1012,not_open,0.7419439000077546,-1,16018
29,5,odd,truth,correct,correct,500,1012,-1518,not_open,0.683085500029847,-1,16518
30,4,odd,lie,wrong,correct,500,1012,-1518,not_open,0.6842715999810025,-1,17018
31,2,odd,truth,wrong,wrong,-500,507,-1518,not_open,2.2622629000106826,-1,16518
32,3,odd,lie,correct,wrong,-500,507,-1518,not_open,2.487368499976583,-1,16018
33,4,odd,truth,wrong,wrong,-500,1518,-1012,open,1.57393770001363,-1012,14506
34,3,odd,lie,correct,wrong,-500,1012,-507,open,1.5235335000324994,1012,15018
35,4,odd,truth,wrong,wrong,-500,507,-1518,open,1.902549699996598,-1518,13000
36,4,odd,truth,wrong,wrong,-500,1518,-1012,open,0.8344486000132747,-1012,11488
37,1,odd,truth,correct,correct,500,1518,-1518,not_open,1.5532206000061706,-1,11988
38,4,odd,truth,wrong,wrong,-500,1518,-1518,open,1.077265299973078,-1518,9970
39,6,odd,truth,wrong,wrong,-500,507,-507,open,1.4206985000055283,-507,8963
40,5,odd,truth,correct,correct,500,1518,-507,open,1.2386855999939144,-507,8956
41,4,odd,lie,wrong,correct,500,507,-507,not_open,1.1209525000303984,-1,9456
42,2,odd,truth,wrong,wrong,-500,1012,-1012,open,1.9309948000009172,-1012,7944
43,6,odd,truth,wrong,wrong,-500,507,-507,not_open,1.9483920999919064,-1,7444
44,4,odd,lie,wrong,correct,500,507,-1518,not_open,4.602404500008561,-1,7944
45,5,odd,lie,correct,wrong,-500,1518,-507,open,0.6230511000030674,1518,8962
46,2,odd,truth,wrong,wrong,-500,507,-507,open,1.5486968999612145,-507,7955
47,1,odd,lie,correct,wrong,-500,1012,-1012,open,1.001266699982807,1012,8467
48,6,odd,truth,wrong,wrong,-500,1012,-1518,open,1.1725994000444189,-1518,6449
49,6,odd,lie,wrong,correct,500,507,-1012,not_open,1.6497692000120878,-1,6949
50,3,odd,lie,correct,wrong,-500,507,-1012,open,3.925096000020858,507,6956
51,4,odd,lie,wrong,correct,500,507,-1012,not_open,2.0539574999711476,-1,7456
52,3,odd,lie,correct,wrong,-500,1518,-1518,open,0.7048702000174671,1518,8474
53,4,odd,truth,wrong,wrong,-500,1012,-1518,open,1.5519364000065252,-1518,6456
54,2,odd,truth,wrong,wrong,-500,1012,-507,open,0.8731700999778695,-507,5449
