trials,dice,user_choice_odd-even,whether_to_lie,actual_answer,dealer_answer,initial_reward,open_reward,open_penalty,user_response_open,choice_rt,choice_reward,balance,peg_balance
1,4,even,truth,correct,correct,500,-1,1,not_open,4.552293800050393,-1,10500,3
2,5,odd,lie,correct,wrong,-500,-3,3,open,3.6104230999480933,-3,10000,0
3,3,odd,lie,correct,wrong,-500,-1,2,open,1.848037000047043,-1,9500,2
4,3,odd,truth,correct,correct,500,-3,2,open,2.8593350001610816,2,10000,5
5,3,odd,lie,correct,wrong,-500,-1,3,open,1.892146399943158,-1,9500,2
6,5,even,lie,wrong,correct,500,-3,2,not_open,3.3929453000891954,-1,10000,3
7,2,even,lie,correct,wrong,-500,-2,1,open,3.6942423000000417,-2,9500,1
8,1,odd,lie,correct,wrong,-500,-3,3,open,4.012817499926314,-3,9000,0
9,6,even,truth,correct,correct,500,-3,1,not_open,3.522508799796924,-1,9500,3
10,3,odd,truth,correct,correct,500,-1,1,open,2.2724584999959916,1,10000,4
11,1,even,truth,wrong,wrong,-500,-1,2,open,2.6958793001249433,2,9500,5
12,1,odd,lie,correct,wrong,-500,-2,2,open,1.5330737000331283,-2,9000,1
13,6,even,lie,correct,wrong,-500,-1,3,open,1.1218652999959886,-1,8500,2
14,6,even,lie,correct,wrong,-500,-3,1,open,1.9001662998925894,-3,8000,0
15,6,even,truth,correct,correct,500,-1,2,not_open,1.6784944001119584,-1,8500,3
16,5,odd,lie,correct,wrong,-500,-3,3,not_open,1.8007590998895466,-1,8000,3
17,1,odd,lie,correct,wrong,-500,-1,3,not_open,3.033438399899751,-1,7500,3
18,1,odd,truth,correct,correct,500,-1,3,not_open,2.9633424999192357,-1,8000,3
19,1,odd,truth,correct,correct,500,-2,3,open,6.266951899975538,3,8500,6
20,2,even,lie,correct,wrong,-500,-3,2,open,4.011907600099221,-3,8000,0
21,1,even,lie,wrong,correct,500,-1,3,not_open,3.256843199953437,-1,8500,3
22,1,odd,lie,correct,wrong,-500,-3,1,open,2.8714635998476297,-3,8000,0
23,3,even,truth,wrong,wrong,-500,-2,1,open,3.124864500015974,1,7500,4
24,4,even,truth,correct,correct,500,-2,3,not_open,5.671449500136077,-1,8000,3
25,1,even,truth,wrong,wrong,-500,-2,2,open,2.1001758000347763,2,7500,5
26,4,odd,lie,wrong,correct,500,-3,2,open,2.7600782001391053,-3,8000,0
27,2,even,lie,correct,wrong,-500,-2,3,open,3.137033300008625,-2,7500,1
28,1,odd,lie,correct,wrong,-500,-1,3,not_open,3.161463600117713,-1,7000,3
29,4,even,truth,correct,correct,500,-1,2,open,1.779015899868682,2,7500,5
30,4,odd,truth,wrong,wrong,-500,-2,2,open,1.2346428001765162,2,7000,5
31,5,odd,lie,correct,wrong,-500,-1,2,open,1.8727869000285864,-1,6500,2
32,1,odd,lie,correct,wrong,-500,-3,3,not_open,3.049509899923578,-1,6000,3
33,4,even,lie,correct,wrong,-500,-2,2,open,1.0670941998250782,-2,5500,1
34,4,odd,truth,wrong,wrong,-500,-2,1,open,1.6136022999417037,1,5000,4
35,3,even,lie,wrong,correct,500,-2,1,open,2.4149038998875767,-2,5500,1
36,4,even,truth,correct,correct,500,-2,3,not_open,2.3763947000261396,-1,6000,3
37,3,odd,truth,correct,correct,500,-2,2,open,1.8586327999364585,2,6500,5
38,3,odd,truth,correct,correct,500,-3,3,not_open,1.4810736998915672,-1,7000,3
39,6,odd,truth,wrong,wrong,-500,-1,2,open,2.0519393999129534,2,6500,5
40,6,even,truth,correct,correct,500,-3,2,open,1.6204691999591887,2,7000,5
41,3,odd,lie,correct,wrong,-500,-3,1,open,1.6706513999961317,-3,6500,0
42,6,even,truth,correct,correct,500,-1,1,open,1.1777291998732835,1,7000,4
43,1,odd,truth,correct,correct,500,-2,3,not_open,1.3664617999456823,-1,7500,3
44,5,odd,lie,correct,wrong,-500,-1,1,open,1.0666682000737637,-1,7000,2
45,2,odd,truth,wrong,wrong,-500,-2,3,not_open,2.051883399952203,-1,6500,3
46,5,even,truth,wrong,wrong,-500,-3,1,open,1.7447329999413341,1,6000,4
47,4,odd,truth,wrong,wrong,-500,-3,1,open,1.2173481998033822,1,5500,4
48,6,even,lie,correct,wrong,-500,-2,1,open,1.2546499001327902,-2,5000,1
49,1,odd,lie,correct,wrong,-500,-2,1,open,1.381962499814108,-2,4500,1
50,4,even,lie,correct,wrong,-500,-3,2,open,1.8075776000041515,-3,4000,0
51,2,odd,truth,wrong,wrong,-500,-1,1,open,1.6730334998574108,1,3500,4
52,3,even,truth,wrong,wrong,-500,-1,1,open,0.9842903001699597,1,3000,4
53,4,odd,truth,wrong,wrong,-500,-3,3,open,1.8459464001934975,3,2500,6
54,5,even,truth,wrong,wrong,-500,-2,2,open,1.5768926998134702,2,2000,5
