trials,dice,user_choice_odd-even,whether_to_lie,actual_answer,dealer_answer,initial_reward,open_reward,open_penalty,user_response_open,choice_rt,choice_reward,balance
1,3,odd,truth,correct,correct,500,100,-112,not_open,5.292365799890831,-1,10500
2,5,odd,lie,correct,wrong,-500,112,-100,not_open,1.3829230000264943,-1,10000
3,3,even,lie,wrong,correct,500,100,-112,not_open,1.7527749000582844,-1,10500
4,6,even,lie,correct,wrong,-500,112,-32,not_open,1.1111007002182305,-1,10000
5,6,even,lie,correct,wrong,-500,112,-100,not_open,1.0995705998502672,-1,9500
6,2,even,truth,correct,correct,500,100,-100,not_open,1.1196989000309259,-1,10000
7,6,odd,truth,wrong,wrong,-500,112,-32,open,3.5815119999460876,-32,9468
8,3,even,lie,wrong,correct,500,112,-100,open,3.46645319997333,112,10080
9,1,even,truth,wrong,wrong,-500,100,-100,open,4.147911200067028,-100,9480
10,3,odd,truth,correct,correct,500,32,-112,not_open,3.107152699958533,-1,9980
11,4,even,lie,correct,wrong,-500,112,-100,open,3.7447174000553787,112,9592
12,6,odd,truth,wrong,wrong,-500,100,-32,open,3.923354900209233,-32,9060
13,2,even,truth,correct,correct,500,32,-112,open,2.4784848999697715,-112,9448
14,1,odd,truth,correct,correct,500,32,-100,not_open,1.0968474999535829,-1,9948
15,6,even,lie,correct,wrong,-500,112,-112,not_open,1.3011326999403536,-1,9448
16,1,even,truth,wrong,wrong,-500,112,-32,not_open,0.9154372001066804,-1,8948
17,1,even,truth,wrong,wrong,-500,32,-32,not_open,0.6874569999054074,-1,8448
18,1,even,lie,wrong,correct,500,100,-112,not_open,1.2499075999949127,-1,8948
19,4,even,lie,correct,wrong,-500,100,-32,not_open,0.7587087000720203,-1,8448
20,3,even,lie,wrong,correct,500,32,-32,not_open,1.0969066999386996,-1,8948
21,5,odd,truth,correct,correct,500,32,-112,not_open,2.5227740998379886,-1,9448
22,2,odd,lie,wrong,correct,500,112,-112,not_open,2.508106900146231,-1,9948
23,5,odd,lie,correct,wrong,-500,32,-32,open,1.6026235001627356,32,9480
24,4,even,truth,correct,correct,500,112,-112,not_open,1.601845599943772,-1,9980
25,5,odd,lie,correct,wrong,-500,32,-100,not_open,0.6985111001413316,-1,9480
26,2,odd,truth,wrong,wrong,-500,32,-32,open,1.4055526999291033,-32,8948
27,3,even,lie,wrong,correct,500,32,-112,not_open,1.7016618000343442,-1,9448
28,4,odd,truth,wrong,wrong,-500,100,-32,open,2.1338361999951303,-32,8916
29,5,even,lie,wrong,correct,500,112,-100,not_open,2.003533500013873,-1,9416
30,6,even,truth,correct,correct,500,112,-100,not_open,1.0991061001550406,-1,9916
31,3,odd,lie,correct,wrong,-500,100,-100,not_open,0.43431989988312125,-1,9416
32,2,even,truth,correct,correct,500,112,-112,not_open,0.9239350000862032,-1,9916
33,1,odd,truth,correct,correct,500,32,-112,not_open,1.6884973999112844,-1,10416
34,2,odd,truth,wrong,wrong,-500,32,-100,open,2.140452900202945,-100,9816
35,5,even,truth,wrong,wrong,-500,100,-100,open,1.8814515999983996,-100,9216
36,4,even,truth,correct,correct,500,100,-100,open,1.5493705000262707,-100,9616
37,5,even,lie,wrong,correct,500,100,-100,open,2.692365000024438,100,10216
38,3,even,lie,wrong,correct,500,32,-32,open,2.3479814999736845,32,10748
39,1,even,truth,wrong,wrong,-500,112,-112,open,2.3657309000846,-112,10136
40,4,even,truth,correct,correct,500,112,-32,open,2.451307199895382,-32,10604
41,5,even,lie,wrong,correct,500,100,-112,open,2.4583318000659347,100,11204
42,5,odd,truth,correct,correct,500,32,-100,open,2.9652767998632044,-100,11604
43,6,even,truth,correct,correct,500,112,-32,open,2.6935495000798255,-32,12072
44,5,even,truth,wrong,wrong,-500,100,-32,open,1.7928369999863207,-32,11540
45,3,even,truth,wrong,wrong,-500,100,-112,open,1.5673685998190194,-112,10928
46,5,odd,truth,correct,correct,500,32,-112,open,2.9325267001986504,-112,11316
47,6,even,truth,correct,correct,500,100,-112,open,2.4645520001649857,-112,11704
48,5,even,lie,wrong,correct,500,100,-32,open,2.3930274001322687,100,12304
49,4,even,truth,correct,correct,500,32,-100,open,1.8553281999193132,-100,12704
50,2,odd,truth,wrong,wrong,-500,32,-32,not_open,2.289815300144255,-1,12204
51,3,odd,lie,correct,wrong,-500,112,-32,open,2.3995111000258476,112,11816
52,3,even,lie,wrong,correct,500,112,-112,open,1.4881799998693168,112,12428
53,1,even,truth,wrong,wrong,-500,32,-100,open,1.920666699996218,-100,11828
54,6,odd,truth,wrong,wrong,-500,100,-32,open,1.609471700154245,-32,11296
