trials,dice,user_choice_odd-even,whether_to_lie,actual_answer,dealer_answer,initial_reward,open_reward,open_penalty,user_response_open,choice_rt,choice_reward,balance
1,6,even,truth,correct,correct,500,94,-189,not_open,8.381187599996338,-1,10500
2,2,odd,lie,wrong,correct,500,286,-286,open,2.6450889999978244,286,11286
3,4,odd,truth,wrong,wrong,-500,286,-286,open,1.7561395999946399,-286,10500
4,1,even,lie,wrong,correct,500,286,-94,open,4.235493600004702,286,11286
5,5,odd,truth,correct,correct,500,189,-189,not_open,1.581177400003071,-1,11786
6,4,even,lie,correct,wrong,-500,94,-94,open,4.409616399992956,94,11380
7,6,odd,truth,wrong,wrong,-500,189,-286,open,5.042614600009983,-286,10594
8,6,odd,lie,wrong,correct,500,286,-94,not_open,2.8102060000092024,-1,11094
9,4,odd,truth,wrong,wrong,-500,94,-286,open,2.621942700003274,-286,10308
10,1,odd,lie,correct,wrong,-500,94,-189,open,1.75067080000008,94,9902
11,1,odd,truth,correct,correct,500,189,-94,open,1.4351628000003984,-94,10308
12,1,odd,truth,correct,correct,500,189,-286,open,2.110574699996505,-286,10522
13,6,odd,truth,wrong,wrong,-500,286,-189,open,1.5425784000108251,-189,9833
14,1,odd,truth,correct,correct,500,94,-94,open,1.1412137000006624,-94,10239
15,2,even,lie,correct,wrong,-500,189,-286,not_open,3.3136783999943873,-1,9739
16,6,even,lie,correct,wrong,-500,286,-286,open,3.8009897000010824,286,9525
17,4,odd,lie,wrong,correct,500,94,-94,not_open,5.412069800004247,-1,10025
18,6,even,lie,correct,wrong,-500,286,-189,open,1.5732829999906244,286,9811
19,4,even,lie,correct,wrong,-500,286,-286,open,1.3284199999907287,286,9597
20,2,odd,truth,wrong,wrong,-500,94,-286,open,3.4220045000110986,-286,8811
21,6,odd,lie,wrong,correct,500,189,-94,not_open,2.2807028999959584,-1,9311
22,6,even,lie,correct,wrong,-500,94,-189,open,2.7431843999947887,94,8905
23,3,even,truth,wrong,wrong,-500,286,-189,open,1.8334116000041831,-189,8216
24,3,odd,truth,correct,correct,500,94,-286,not_open,2.679223200000706,-1,8716
25,3,odd,lie,correct,wrong,-500,286,-94,open,2.2857734999997774,286,8502
26,1,even,truth,wrong,wrong,-500,189,-286,open,2.6387273000000278,-286,7716
27,1,even,lie,wrong,correct,500,286,-189,not_open,2.9061326999944868,-1,8216
28,5,even,truth,wrong,wrong,-500,94,-94,open,1.1740222000080394,-94,7622
29,3,even,truth,wrong,wrong,-500,94,-286,open,3.5918028999876697,-286,6836
30,3,odd,lie,correct,wrong,-500,189,-189,open,1.411351000002469,189,6525
31,1,even,lie,wrong,correct,500,94,-189,open,3.2525032999983523,94,7119
32,4,odd,truth,wrong,wrong,-500,94,-286,not_open,1.6392043999949237,-1,6619
33,5,odd,lie,correct,wrong,-500,189,-94,open,1.7302600999973947,189,6308
34,2,even,lie,correct,wrong,-500,189,-94,open,2.833547100002761,189,5997
35,6,even,truth,correct,correct,500,189,-189,not_open,4.272359800001141,-1,6497
36,3,odd,lie,correct,wrong,-500,286,-94,open,2.9496183000010205,286,6283
37,6,odd,lie,wrong,correct,500,94,-94,not_open,1.5290710000117542,-1,6783
38,1,odd,lie,correct,wrong,-500,189,-286,open,1.8617208000068786,189,6472
39,4,even,truth,correct,correct,500,189,-189,not_open,1.3770763000065926,-1,6972
40,2,even,truth,correct,correct,500,286,-94,open,2.3618782999983523,-94,7378
41,1,even,lie,wrong,correct,500,189,-94,not_open,2.4546991999959573,-1,7878
42,2,even,lie,correct,wrong,-500,286,-286,open,1.3271366999979364,286,7664
43,5,odd,truth,correct,correct,500,189,-94,not_open,3.117708000005223,-1,8164
44,6,odd,lie,wrong,correct,500,94,-286,not_open,3.3321785000007367,-1,8664
45,4,odd,lie,wrong,correct,500,286,-189,not_open,3.759114300002693,-1,9164
46,3,even,truth,wrong,wrong,-500,94,-94,open,1.4884707000019262,-94,8570
47,5,odd,lie,correct,wrong,-500,189,-189,open,1.064723999996204,189,8259
48,1,even,truth,wrong,wrong,-500,94,-189,open,1.3586285000055796,-189,7570
49,3,even,truth,wrong,wrong,-500,286,-286,not_open,3.511185299998033,-1,7070
50,6,odd,truth,wrong,wrong,-500,94,-189,open,2.843294699996477,-189,6381
51,5,even,truth,wrong,wrong,-500,286,-94,open,1.9686303000053158,-94,5787
52,6,even,truth,correct,correct,500,286,-189,not_open,2.2041040000040084,-1,6287
53,1,even,lie,wrong,correct,500,189,-286,not_open,2.1124462000007043,-1,6787
54,2,even,lie,correct,wrong,-500,189,-189,open,1.1489920000021812,189,6476
