trials,dice,user_choice_odd-even,whether_to_lie,actual_answer,dealer_answer,initial_reward,open_reward,open_penalty,user_response_open,choice_rt,choice_reward,balance,peg_balance
1,1,even,truth,wrong,wrong,-500,-3,3,not_open,18.993564399992465,-1,9500,3
2,3,odd,truth,correct,correct,500,-2,2,not_open,12.03524519999337,-1,10000,3
3,5,odd,truth,correct,correct,500,-3,1,not_open,9.256207500002347,-1,10500,3
4,4,even,truth,correct,correct,500,-3,3,not_open,1.842835700008436,-1,11000,3
5,3,even,truth,wrong,wrong,-500,-3,2,not_open,3.3294239999959245,-1,10500,3
6,1,even,lie,wrong,correct,500,-2,3,not_open,0.9607810000015888,-1,11000,3
7,4,even,lie,correct,wrong,-500,-3,1,open,12.253974999999627,-3,10500,0
8,2,even,truth,correct,correct,500,-1,3,not_open,2.6157949000044027,-1,11000,3
9,5,odd,lie,correct,wrong,-500,-3,3,not_open,0.997859499999322,-1,10500,3
10,5,even,truth,wrong,wrong,-500,-1,1,not_open,1.037475799996173,-1,10000,3
11,5,even,truth,wrong,wrong,-500,-1,2,not_open,7.941872600000352,-1,9500,3
12,6,odd,lie,wrong,correct,500,-2,2,not_open,2.110453500004951,-1,10000,3
13,1,odd,truth,correct,correct,500,-1,3,open,11.774169399999664,3,10500,6
14,5,odd,truth,correct,correct,500,-1,3,not_open,1.2767316000099527,-1,11000,3
15,2,odd,truth,wrong,wrong,-500,-2,1,not_open,0.30931450000207406,-1,10500,3
16,4,even,truth,correct,correct,500,-3,2,not_open,0.30280960000527557,-1,11000,3
17,4,even,truth,correct,correct,500,-2,2,not_open,0.2767026000074111,-1,11500,3
18,1,even,lie,wrong,correct,500,-1,1,not_open,0.23444349999772385,-1,12000,3
19,1,odd,truth,correct,correct,500,-1,2,not_open,0.9333761000016239,-1,12500,3
20,2,even,lie,correct,wrong,-500,-1,1,not_open,1.2044674000062514,-1,12000,3
21,1,odd,lie,correct,wrong,-500,-1,3,not_open,1.0392855000100099,-1,11500,3
22,4,even,lie,correct,wrong,-500,-3,3,not_open,2.0358317000063835,-1,11000,3
23,5,odd,truth,correct,correct,500,-2,3,not_open,0.2395847000007052,-1,11500,3
24,2,odd,truth,wrong,wrong,-500,-1,2,open,0.9060029000102077,2,11000,5
25,1,even,lie,wrong,correct,500,-3,2,not_open,0.21529770000779536,-1,11500,3
26,3,even,truth,wrong,wrong,-500,-3,3,not_open,0.3273122999962652,-1,11000,3
27,4,odd,truth,wrong,wrong,-500,-1,1,not_open,0.552092600002652,-1,10500,3
28,4,odd,truth,wrong,wrong,-500,-1,2,open,1.669794199988246,2,10000,5
29,2,odd,truth,wrong,wrong,-500,-3,2,not_open,0.3157530000025872,-1,9500,3
30,6,odd,lie,wrong,correct,500,-3,2,not_open,1.184381500002928,-1,10000,3
31,1,even,truth,wrong,wrong,-500,-3,1,open,2.5591130000102567,1,9500,4
32,1,even,lie,wrong,correct,500,-2,1,not_open,0.34615179999673273,-1,10000,3
33,3,odd,truth,correct,correct,500,-3,1,not_open,0.9512245999940205,-1,10500,3
34,4,odd,lie,wrong,correct,500,-1,2,not_open,0.6429485999979079,-1,11000,3
35,5,odd,truth,correct,correct,500,-2,3,not_open,0.8720632000040496,-1,11500,3
36,5,even,lie,wrong,correct,500,-2,2,not_open,0.539283100006287,-1,12000,3
37,6,even,truth,correct,correct,500,-2,3,not_open,0.774227299989434,-1,12500,3
38,1,odd,lie,correct,wrong,-500,-2,3,not_open,0.24800839999807067,-1,12000,3
39,4,odd,lie,wrong,correct,500,-2,2,not_open,0.30314519999956246,-1,12500,3
40,3,odd,lie,correct,wrong,-500,-1,3,not_open,0.28388299999642186,-1,12000,3
41,4,even,truth,correct,correct,500,-2,1,not_open,0.22497739999380428,-1,12500,3
42,4,even,truth,correct,correct,500,-3,3,not_open,0.2762230000080308,-1,13000,3
43,6,even,truth,correct,correct,500,-2,3,not_open,0.4640610999922501,-1,13500,3
44,1,odd,truth,correct,correct,500,-3,1,not_open,0.24332730000605807,-1,14000,3
45,2,odd,truth,wrong,wrong,-500,-2,1,not_open,0.2195588000031421,-1,13500,3
46,1,even,truth,wrong,wrong,-500,-1,2,open,2.339872700002161,2,13000,5
47,1,odd,truth,correct,correct,500,-1,1,not_open,0.18484370000078343,-1,13500,3
48,1,odd,truth,correct,correct,500,-2,2,not_open,0.6783630999998422,-1,14000,3
49,1,even,lie,wrong,correct,500,-2,1,not_open,0.6448139999993145,-1,14500,3
50,6,odd,lie,wrong,correct,500,-1,1,not_open,1.0111092000006465,-1,15000,3
51,1,odd,lie,correct,wrong,-500,-3,2,not_open,0.6358104000100866,-1,14500,3
52,2,odd,lie,wrong,correct,500,-1,3,not_open,0.8190990000002785,-1,15000,3
53,3,even,truth,wrong,wrong,-500,-3,1,open,2.256702500002575,1,14500,4
54,3,odd,truth,correct,correct,500,-2,1,not_open,0.2646323999942979,-1,15000,3
