trials,dice,user_choice_odd-even,whether_to_lie,actual_answer,dealer_answer,initial_reward,open_reward,open_penalty,user_response_open,choice_rt,choice_reward,balance,peg_balance
1,3,odd,truth,correct,correct,500,-1,3,not_open,3.719225799999549,-1,10500,3
2,5,even,lie,wrong,correct,500,-1,3,not_open,3.5715984999987995,-1,11000,3
3,1,even,lie,wrong,correct,500,-3,3,open,7.033695000005537,-3,11500,0
4,5,even,truth,wrong,wrong,-500,-1,1,not_open,3.5988427999982378,-1,11000,3
5,5,even,lie,wrong,correct,500,-1,1,not_open,2.4130164999951376,-1,11500,3
6,6,odd,truth,wrong,wrong,-500,-2,1,open,2.8001734999998007,1,11000,4
7,4,odd,lie,wrong,correct,500,-2,1,not_open,0.44065029999183025,-1,11500,3
8,3,even,lie,wrong,correct,500,-2,1,open,1.2308560999954352,-2,12000,1
9,1,even,lie,wrong,correct,500,-1,2,not_open,2.203824199998053,-1,12500,3
10,1,even,truth,wrong,wrong,-500,-2,3,not_open,2.125143500001286,-1,12000,3
11,2,even,lie,correct,wrong,-500,-3,2,open,1.8364356000092812,-3,11500,0
12,5,even,truth,wrong,wrong,-500,-3,2,open,7.367288000008557,2,11000,5
13,6,even,lie,correct,wrong,-500,-2,2,not_open,3.8752019999956246,-1,10500,3
14,1,odd,lie,correct,wrong,-500,-2,3,not_open,1.3929636999964714,-1,10000,3
15,3,even,lie,wrong,correct,500,-2,3,not_open,0.7646912999916822,-1,10500,3
16,6,even,lie,correct,wrong,-500,-1,2,not_open,1.430281399996602,-1,10000,3
17,3,even,lie,wrong,correct,500,-1,3,not_open,1.263864399996237,-1,10500,3
18,1,odd,lie,correct,wrong,-500,-3,2,open,1.7736535000003641,-3,10000,0
19,1,even,truth,wrong,wrong,-500,-2,3,not_open,0.681414799997583,-1,9500,3
20,3,even,lie,wrong,correct,500,-3,2,open,1.059867200005101,-3,10000,0
21,4,odd,truth,wrong,wrong,-500,-1,3,not_open,1.1199718999996549,-1,9500,3
22,5,odd,lie,correct,wrong,-500,-3,3,open,1.1031438000063645,-3,9000,0
23,5,even,lie,wrong,correct,500,-1,1,not_open,1.5442226999875857,-1,9500,3
24,2,even,lie,correct,wrong,-500,-3,1,open,1.0741453999944497,-3,9000,0
25,3,even,truth,wrong,wrong,-500,-2,1,not_open,1.8913782000017818,-1,8500,3
26,3,even,truth,wrong,wrong,-500,-2,2,not_open,1.5753601000033086,-1,8000,3
27,5,even,truth,wrong,wrong,-500,-2,2,not_open,1.6572574000019813,-1,7500,3
28,3,even,lie,wrong,correct,500,-3,3,open,2.563644599998952,-3,8000,0
29,4,even,lie,correct,wrong,-500,-3,2,open,1.2514977999962866,-3,7500,0
30,1,odd,lie,correct,wrong,-500,-2,2,open,1.458605499996338,-2,7000,1
31,1,odd,truth,correct,correct,500,-3,3,not_open,3.2474688999936916,-1,7500,3
32,4,odd,truth,wrong,wrong,-500,-3,1,open,1.6328637999977218,1,7000,4
33,2,odd,lie,wrong,correct,500,-2,2,not_open,1.3665997999924002,-1,7500,3
34,5,odd,truth,correct,correct,500,-1,2,not_open,0.49043670001265127,-1,8000,3
35,1,even,truth,wrong,wrong,-500,-3,3,open,1.7409744000033243,3,7500,6
36,3,even,truth,wrong,wrong,-500,-2,2,not_open,1.2113212999975076,-1,7000,3
37,5,even,lie,wrong,correct,500,-2,1,not_open,0.4491526000056183,-1,7500,3
38,1,odd,truth,correct,correct,500,-1,1,not_open,1.297288199988543,-1,8000,3
39,1,odd,truth,correct,correct,500,-2,3,not_open,0.484649799996987,-1,8500,3
40,6,odd,lie,wrong,correct,500,-3,1,open,1.3579114000021946,-3,9000,0
41,2,even,truth,correct,correct,500,-3,1,open,0.9040881000109948,1,9500,4
42,2,odd,lie,wrong,correct,500,-1,2,not_open,0.9327439999906346,-1,10000,3
43,3,even,lie,wrong,correct,500,-1,2,not_open,0.5121283000044059,-1,10500,3
44,3,even,truth,wrong,wrong,-500,-1,3,not_open,0.8985642000043299,-1,10000,3
45,4,even,truth,correct,correct,500,-2,1,not_open,1.3806693999940762,-1,10500,3
46,4,odd,lie,wrong,correct,500,-3,1,open,1.2645926999975927,-3,11000,0
47,2,even,truth,correct,correct,500,-1,1,not_open,1.210039500001585,-1,11500,3
48,2,even,lie,correct,wrong,-500,-3,2,open,0.9607233999995515,-3,11000,0
49,6,even,truth,correct,correct,500,-3,1,open,0.8421989000053145,1,11500,4
50,1,even,truth,wrong,wrong,-500,-1,3,not_open,3.074288100004196,-1,11000,3
51,3,odd,lie,correct,wrong,-500,-1,1,not_open,1.7453744999947958,-1,10500,3
52,6,even,truth,correct,correct,500,-2,3,not_open,2.7361698000022443,-1,11000,3
53,3,odd,truth,correct,correct,500,-3,3,open,1.1749299000075553,3,11500,6
54,1,even,truth,wrong,wrong,-500,-1,2,not_open,0.6773192000109702,-1,11000,3
