trials,dice,user_choice_odd-even,whether_to_lie,actual_answer,dealer_answer,initial_reward,open_reward,open_penalty,user_response_open,choice_rt,choice_reward,balance
1,1,odd,truth,correct,correct,500,100,-141,not_open,21.93117820000043,-1,10500
2,5,even,truth,wrong,wrong,-500,50,-100,not_open,5.07256139999663,-1,10000
3,4,even,truth,correct,correct,500,50,-141,not_open,4.4686991999915335,-1,10500
4,6,odd,lie,wrong,correct,500,100,-141,open,2.1921845999895595,100,11100
5,1,even,truth,wrong,wrong,-500,141,-50,open,3.992579500001739,-50,10550
6,3,even,lie,wrong,correct,500,100,-141,open,1.9389714999997523,100,11150
7,6,odd,truth,wrong,wrong,-500,141,-141,open,2.2380097999994177,-141,10509
8,4,even,truth,correct,correct,500,141,-100,open,2.5283519999939017,-100,10909
9,4,even,truth,correct,correct,500,100,-50,open,1.034944600003655,-50,11359
10,5,even,lie,wrong,correct,500,141,-100,not_open,2.5827161999914097,-1,11859
11,3,even,truth,wrong,wrong,-500,141,-141,not_open,1.980734199998551,-1,11359
12,3,even,truth,wrong,wrong,-500,50,-141,open,3.0572425999998813,-141,10718
13,3,even,lie,wrong,correct,500,50,-100,not_open,3.509495699996478,-1,11218
14,1,even,lie,wrong,correct,500,50,-50,not_open,0.9522353999927873,-1,11718
15,5,even,lie,wrong,correct,500,50,-100,not_open,1.744932500005234,-1,12218
16,3,even,truth,wrong,wrong,-500,50,-50,open,1.2866152999922633,-50,11668
17,2,odd,lie,wrong,correct,500,50,-141,not_open,0.4439444000017829,-1,12168
18,2,even,truth,correct,correct,500,100,-50,not_open,0.2612568000040483,-1,12668
19,4,even,lie,correct,wrong,-500,50,-50,not_open,0.4164163999957964,-1,12168
20,5,even,truth,wrong,wrong,-500,100,-50,open,1.3412572999950498,-50,11618
21,1,odd,truth,correct,correct,500,141,-50,not_open,0.2609517999953823,-1,12118
22,4,odd,lie,wrong,correct,500,100,-141,not_open,0.4109762000007322,-1,12618
23,6,even,truth,correct,correct,500,141,-141,not_open,1.0199357999954373,-1,13118
24,3,even,lie,wrong,correct,500,100,-141,open,0.18904789999942295,100,13718
25,2,even,truth,correct,correct,500,100,-100,not_open,0.37605760000587907,-1,14218
26,6,odd,truth,wrong,wrong,-500,141,-141,not_open,0.29747910000151023,-1,13718
27,6,even,truth,correct,correct,500,141,-50,not_open,2.622962199995527,-1,14218
28,6,odd,truth,wrong,wrong,-500,141,-100,not_open,1.570468300007633,-1,13718
29,1,odd,truth,correct,correct,500,50,-50,not_open,7.021029199997429,-1,14218
30,3,even,lie,wrong,correct,500,50,-50,not_open,2.376312300009886,-1,14718
31,1,even,lie,wrong,correct,500,50,-141,not_open,0.3564437999884831,-1,15218
32,5,odd,truth,correct,correct,500,100,-50,not_open,0.29399209999246523,-1,15718
33,1,odd,lie,correct,wrong,-500,50,-100,not_open,0.5549585999979172,-1,15218
34,1,even,lie,wrong,correct,500,100,-100,not_open,0.5758230999927036,-1,15718
35,5,odd,lie,correct,wrong,-500,141,-141,not_open,1.1517747000034433,-1,15218
36,4,even,truth,correct,correct,500,141,-100,not_open,0.42252939999161754,-1,15718
37,1,even,truth,wrong,wrong,-500,50,-141,open,1.9689002000086475,-141,15077
38,2,even,lie,correct,wrong,-500,141,-100,open,1.571726399997715,141,14718
39,4,even,lie,correct,wrong,-500,100,-50,not_open,2.3659131999884266,-1,14218
40,6,odd,lie,wrong,correct,500,100,-100,not_open,0.7374260999931721,-1,14718
41,1,even,truth,wrong,wrong,-500,141,-50,open,1.532439999995404,-50,14168
42,3,even,truth,wrong,wrong,-500,50,-50,not_open,1.479836600003182,-1,13668
43,5,odd,lie,correct,wrong,-500,100,-100,not_open,0.3627773000043817,-1,13168
44,3,even,truth,wrong,wrong,-500,100,-100,not_open,0.9956848000001628,-1,12668
45,1,even,lie,wrong,correct,500,100,-50,not_open,0.5685539000114659,-1,13168
46,4,even,lie,correct,wrong,-500,100,-141,not_open,0.28110440001182724,-1,12668
47,3,even,truth,wrong,wrong,-500,141,-50,not_open,0.5644248000025982,-1,12168
48,1,odd,truth,correct,correct,500,141,-50,open,0.6383344000059878,-50,12618
49,1,even,lie,wrong,correct,500,50,-100,not_open,0.2919841999973869,-1,13118
50,4,even,lie,correct,wrong,-500,50,-141,not_open,1.0556326000078116,-1,12618
51,3,odd,truth,correct,correct,500,141,-100,not_open,0.5212999999930616,-1,13118
52,1,odd,truth,correct,correct,500,50,-100,not_open,0.3381265999923926,-1,13618
53,2,even,truth,correct,correct,500,100,-100,not_open,0.5501060999959009,-1,14118
54,4,odd,lie,wrong,correct,500,141,-141,not_open,0.2773839000001317,-1,14618
