trials,dice,user_choice_odd-even,whether_to_lie,actual_answer,dealer_answer,initial_reward,open_reward,open_penalty,user_response_open,choice_rt,choice_reward,balance,peg_balance
1,6,odd,truth,wrong,wrong,-500,-1,3,not_open,27.155385500052944,-1,9500,3
2,3,odd,truth,correct,correct,500,-2,3,not_open,1.7041565999388695,-1,10000,3
3,5,even,truth,wrong,wrong,-500,-1,2,not_open,3.8330746998544782,-1,9500,3
4,6,even,truth,correct,correct,500,-3,3,open,14.331517699873075,3,10000,6
5,2,odd,lie,wrong,correct,500,-2,2,open,7.169553499901667,-2,10500,1
6,4,even,lie,correct,wrong,-500,-3,2,open,4.796345500042662,-3,10000,0
7,2,odd,truth,wrong,wrong,-500,-1,1,not_open,3.116963799810037,-1,9500,3
8,2,odd,truth,wrong,wrong,-500,-3,1,open,0.8673866000026464,1,9000,4
9,5,even,lie,wrong,correct,500,-2,3,not_open,3.6524825000669807,-1,9500,3
10,1,odd,truth,correct,correct,500,-2,2,not_open,2.694513800088316,-1,10000,3
11,1,odd,lie,correct,wrong,-500,-2,2,open,1.2642868000548333,-2,9500,1
12,3,odd,lie,correct,wrong,-500,-2,1,open,1.67860440001823,-2,9000,1
13,2,even,lie,correct,wrong,-500,-1,1,open,0.8213897000532597,-1,8500,2
14,2,odd,truth,wrong,wrong,-500,-2,1,open,1.4753068999852985,1,8000,4
15,2,even,lie,correct,wrong,-500,-1,2,open,2.8446818001102656,-1,7500,2
16,3,odd,lie,correct,wrong,-500,-1,3,open,1.3743836998473853,-1,7000,2
17,5,even,lie,wrong,correct,500,-3,1,open,3.0769831999205053,-3,7500,0
18,2,odd,truth,wrong,wrong,-500,-2,3,open,0.5411459999158978,3,7000,6
19,2,odd,truth,wrong,wrong,-500,-3,2,open,0.6205019000917673,2,6500,5
20,5,even,lie,wrong,correct,500,-2,2,not_open,4.5143349000718445,-1,7000,3
21,1,odd,truth,correct,correct,500,-3,3,not_open,4.104001399828121,-1,7500,3
22,5,odd,truth,correct,correct,500,-3,1,open,6.074355700053275,1,8000,4
23,2,odd,lie,wrong,correct,500,-3,1,open,5.51712720002979,-3,8500,0
24,4,even,truth,correct,correct,500,-1,3,open,1.325689199846238,3,9000,6
25,6,even,truth,correct,correct,500,-1,2,open,2.5423364001326263,2,9500,5
26,3,odd,lie,correct,wrong,-500,-1,1,not_open,1.1885585999116302,-1,9000,3
27,5,odd,lie,correct,wrong,-500,-3,3,not_open,1.9786650999449193,-1,8500,3
28,4,even,lie,correct,wrong,-500,-1,1,not_open,1.5202224999666214,-1,8000,3
29,1,odd,truth,correct,correct,500,-2,1,not_open,1.5716786000411958,-1,8500,3
30,6,odd,lie,wrong,correct,500,-1,2,not_open,1.039698600070551,-1,9000,3
31,6,even,truth,correct,correct,500,-2,3,not_open,2.11375889996998,-1,9500,3
32,1,odd,lie,correct,wrong,-500,-3,1,not_open,0.9274073999840766,-1,9000,3
33,2,even,truth,correct,correct,500,-3,2,open,2.2426432000938803,2,9500,5
34,3,even,truth,wrong,wrong,-500,-2,3,open,1.6661431000102311,3,9000,6
35,2,even,lie,correct,wrong,-500,-2,1,not_open,1.2508131000213325,-1,8500,3
36,3,even,truth,wrong,wrong,-500,-1,3,not_open,1.3042776000220329,-1,8000,3
37,6,even,lie,correct,wrong,-500,-1,3,open,1.6993635999970138,-1,7500,2
38,5,odd,truth,correct,correct,500,-1,3,not_open,0.7485140999779105,-1,8000,3
39,2,odd,lie,wrong,correct,500,-2,1,not_open,0.2940996000543237,-1,8500,3
40,2,odd,truth,wrong,wrong,-500,-2,2,open,1.6743021998554468,2,8000,5
41,5,odd,truth,correct,correct,500,-3,1,not_open,0.2279594000428915,-1,8500,3
42,4,even,truth,correct,correct,500,-3,2,not_open,0.21379540022462606,-1,9000,3
43,3,odd,truth,correct,correct,500,-3,2,not_open,0.4166113000828773,-1,9500,3
44,3,odd,lie,correct,wrong,-500,-1,2,not_open,0.2393259999807924,-1,9000,3
45,5,odd,truth,correct,correct,500,-1,1,not_open,2.085033900104463,-1,9500,3
46,1,odd,truth,correct,correct,500,-1,1,not_open,1.0625362999271601,-1,10000,3
47,3,odd,lie,correct,wrong,-500,-3,2,open,4.750793999992311,-3,9500,0
48,4,even,truth,correct,correct,500,-1,2,not_open,1.0661840001121163,-1,10000,3
49,1,odd,truth,correct,correct,500,-3,3,open,1.7154008001089096,3,10500,6
50,1,even,lie,wrong,correct,500,-2,3,open,2.5227734001819044,-2,11000,1
51,4,odd,truth,wrong,wrong,-500,-2,1,not_open,1.738934800028801,-1,10500,3
52,1,odd,lie,correct,wrong,-500,-3,3,open,1.2825523999053985,-3,10000,0
53,2,even,truth,correct,correct,500,-3,3,not_open,0.4521836000494659,-1,10500,3
54,2,odd,truth,wrong,wrong,-500,-2,2,not_open,1.0284223000053316,-1,10000,3
