trials,dice,user_choice_odd-even,whether_to_lie,actual_answer,dealer_answer,initial_reward,open_reward,open_penalty,user_response_open,choice_rt,choice_reward,balance
1,6,odd,lie,wrong,correct,500,75,-75,open,7.792670499999076,75,10575
2,4,even,lie,correct,wrong,-500,94,-94,open,1.6435058999340981,94,10169
3,6,odd,truth,wrong,wrong,-500,75,-94,not_open,2.156209000153467,-1,9669
4,1,even,truth,wrong,wrong,-500,94,-94,open,0.7310550999827683,-94,9075
5,1,odd,lie,correct,wrong,-500,94,-94,open,0.9127606998663396,94,8669
6,1,odd,lie,correct,wrong,-500,94,-75,open,1.0881449000444263,94,8263
7,1,odd,lie,correct,wrong,-500,94,-75,not_open,6.124316199915484,-1,7763
8,6,odd,lie,wrong,correct,500,94,-94,not_open,1.604482299881056,-1,8263
9,3,even,truth,wrong,wrong,-500,75,-75,open,0.7088005999103189,-75,7688
10,3,even,lie,wrong,correct,500,94,-75,not_open,1.0925972000695765,-1,8188
11,2,odd,lie,wrong,correct,500,75,-75,not_open,0.7809196999296546,-1,8688
12,1,odd,lie,correct,wrong,-500,94,-94,open,3.00855979998596,94,8282
13,3,odd,truth,correct,correct,500,94,-94,open,1.0172222000546753,-94,8688
14,1,even,truth,wrong,wrong,-500,94,-75,open,1.1089690998196602,-75,8113
15,3,odd,truth,correct,correct,500,75,-94,not_open,1.0766420001164079,-1,8613
16,5,odd,lie,correct,wrong,-500,94,-75,open,0.4062731999438256,94,8207
17,6,even,lie,correct,wrong,-500,75,-94,open,0.6311632001306862,75,7782
18,2,odd,truth,wrong,wrong,-500,94,-75,open,1.5271840000059456,-75,7207
19,4,even,lie,correct,wrong,-500,75,-94,open,0.6034243998583406,75,6782
20,6,even,lie,correct,wrong,-500,75,-75,open,1.2776940998155624,75,6357
21,5,odd,lie,correct,wrong,-500,94,-94,open,0.28963180002756417,94,5951
22,4,odd,lie,wrong,correct,500,94,-94,not_open,1.8553275999147445,-1,6451
23,6,odd,lie,wrong,correct,500,94,-94,not_open,2.43960989988409,-1,6951
24,2,odd,truth,wrong,wrong,-500,94,-75,open,0.8114560001995414,-75,6376
25,1,even,lie,wrong,correct,500,94,-94,open,0.21992840012535453,94,6970
26,3,odd,lie,correct,wrong,-500,94,-94,not_open,0.5077396999113262,-1,6470
27,6,odd,truth,wrong,wrong,-500,75,-75,not_open,1.1643116001505405,-1,5970
28,2,even,truth,correct,correct,500,94,-94,not_open,0.8389108998235315,-1,6470
29,6,odd,lie,wrong,correct,500,94,-94,not_open,0.530975200003013,-1,6970
30,3,odd,lie,correct,wrong,-500,75,-94,open,0.22668319987133145,75,6545
31,2,odd,lie,wrong,correct,500,94,-75,not_open,4.284104100195691,-1,7045
32,3,even,truth,wrong,wrong,-500,94,-94,open,0.4011109999846667,-94,6451
33,5,odd,truth,correct,correct,500,94,-94,not_open,1.067186800064519,-1,6951
34,2,odd,lie,wrong,correct,500,94,-75,not_open,0.9894443999510258,-1,7451
35,2,even,truth,correct,correct,500,75,-94,not_open,0.7122161998413503,-1,7951
36,3,odd,lie,correct,wrong,-500,75,-94,open,0.3844074001535773,75,7526
37,6,odd,lie,wrong,correct,500,75,-75,not_open,0.949110799934715,-1,8026
38,4,even,truth,correct,correct,500,94,-94,not_open,0.8230266999453306,-1,8526
39,2,odd,truth,wrong,wrong,-500,94,-94,open,0.3735130000859499,-94,7932
40,4,odd,lie,wrong,correct,500,94,-75,not_open,0.6160984002053738,-1,8432
41,4,even,lie,correct,wrong,-500,75,-94,not_open,1.6193034001626074,-1,7932
42,1,odd,truth,correct,correct,500,94,-94,not_open,0.29345949995331466,-1,8432
43,2,even,truth,correct,correct,500,94,-94,not_open,0.34725949983112514,-1,8932
44,3,odd,truth,correct,correct,500,94,-75,not_open,0.3416172999422997,-1,9432
45,5,even,lie,wrong,correct,500,94,-94,not_open,0.40508820000104606,-1,9932
46,3,odd,truth,correct,correct,500,75,-94,not_open,0.4824977999087423,-1,10432
47,6,even,lie,correct,wrong,-500,94,-75,open,0.34545070002786815,94,10026
48,1,odd,truth,correct,correct,500,75,-94,not_open,0.4274905000347644,-1,10526
49,5,odd,truth,correct,correct,500,75,-94,not_open,0.3497425001114607,-1,11026
50,2,odd,truth,wrong,wrong,-500,94,-94,open,1.1130031000357121,-94,10432
51,2,even,truth,correct,correct,500,94,-94,not_open,0.42326240008696914,-1,10932
52,1,odd,lie,correct,wrong,-500,94,-94,open,0.39106740010902286,94,10526
53,6,even,lie,correct,wrong,-500,94,-94,open,1.0126475999131799,94,10120
54,2,even,lie,correct,wrong,-500,75,-94,open,1.9001203998923302,75,9695
