trials,dice,user_choice_odd-even,whether_to_lie,actual_answer,dealer_answer,initial_reward,open_reward,open_penalty,user_response_open,choice_rt,choice_reward,balance
1,3,odd,truth,correct,correct,500,94,-94,open,5.565357800020138,-94,10406
2,6,odd,lie,wrong,correct,500,47,-94,open,2.752506799995899,47,10953
3,1,even,lie,wrong,correct,500,94,-94,open,3.3317850999883376,94,11547
4,5,even,lie,wrong,correct,500,94,-94,open,0.7199854999780655,94,12141
5,5,even,lie,wrong,correct,500,94,-94,not_open,1.1425373000092804,-1,12641
6,2,odd,truth,wrong,wrong,-500,47,-94,open,1.2539819999947213,-94,12047
7,2,odd,lie,wrong,correct,500,94,-47,open,0.31027349998475984,94,12641
8,1,odd,lie,correct,wrong,-500,94,-94,open,0.8087158999987878,94,12235
9,2,odd,truth,wrong,wrong,-500,47,-47,open,0.46845509999548085,-47,11688
10,5,odd,lie,correct,wrong,-500,94,-94,open,1.014069600001676,94,11282
11,4,odd,truth,wrong,wrong,-500,47,-94,open,0.678040200000396,-94,10688
12,5,odd,truth,correct,correct,500,94,-94,not_open,2.4417023999849334,-1,11188
13,6,odd,lie,wrong,correct,500,94,-47,open,0.47813699999824166,94,11782
14,1,even,lie,wrong,correct,500,94,-94,not_open,2.2671672999858856,-1,12282
15,6,odd,lie,wrong,correct,500,94,-47,open,0.47607639999478124,94,12876
16,3,even,truth,wrong,wrong,-500,94,-47,open,0.4075291999906767,-47,12329
17,4,even,truth,correct,correct,500,47,-47,open,0.8827504000219051,-47,12782
18,3,odd,lie,correct,wrong,-500,47,-94,not_open,1.4803089999768417,-1,12282
19,6,odd,truth,wrong,wrong,-500,94,-94,open,0.23211849998915568,-94,11688
20,1,odd,lie,correct,wrong,-500,94,-47,open,1.6104737000132445,94,11282
21,3,odd,truth,correct,correct,500,94,-94,open,0.6326239999907557,-94,11688
22,6,even,lie,correct,wrong,-500,47,-47,open,2.5115892000030726,47,11235
23,6,odd,truth,wrong,wrong,-500,94,-47,open,4.325462500011781,-47,10688
24,5,even,lie,wrong,correct,500,47,-94,not_open,4.705085099994903,-1,11188
25,5,odd,truth,correct,correct,500,94,-47,not_open,0.6119077999901492,-1,11688
26,3,even,lie,wrong,correct,500,94,-94,not_open,0.8344891000015195,-1,12188
27,5,odd,truth,correct,correct,500,94,-94,not_open,0.2806742000102531,-1,12688
28,1,odd,lie,correct,wrong,-500,47,-47,open,0.4194093999976758,47,12235
29,4,odd,lie,wrong,correct,500,47,-94,not_open,0.17515309998998418,-1,12735
30,5,even,lie,wrong,correct,500,94,-94,not_open,0.1696325000084471,-1,13235
31,1,odd,lie,correct,wrong,-500,94,-94,open,1.2689031999907456,94,12829
32,4,odd,lie,wrong,correct,500,94,-94,not_open,0.31897289998596534,-1,13329
33,4,even,truth,correct,correct,500,94,-94,not_open,0.30369990001781844,-1,13829
34,4,odd,lie,wrong,correct,500,47,-94,not_open,0.16807469999184832,-1,14329
35,3,odd,lie,correct,wrong,-500,94,-47,open,1.1159690000058617,94,13923
36,1,even,truth,wrong,wrong,-500,94,-94,open,1.484087199991336,-94,13329
37,5,even,lie,wrong,correct,500,94,-94,not_open,0.21347369998693466,-1,13829
38,3,odd,lie,correct,wrong,-500,94,-94,open,1.0794061000051443,94,13423
39,5,even,truth,wrong,wrong,-500,47,-94,not_open,2.7243743000144605,-1,12923
40,5,even,truth,wrong,wrong,-500,94,-47,open,0.4141018000082113,-47,12376
41,4,even,truth,correct,correct,500,94,-94,not_open,0.4829518999904394,-1,12876
42,2,odd,truth,wrong,wrong,-500,94,-94,not_open,0.6684401000093203,-1,12376
43,4,even,lie,correct,wrong,-500,47,-47,open,0.8515832000121009,47,11923
44,5,even,lie,wrong,correct,500,94,-47,not_open,0.2500947999942582,-1,12423
45,6,odd,lie,wrong,correct,500,94,-47,not_open,0.2990939999872353,-1,12923
46,3,odd,truth,correct,correct,500,94,-47,not_open,0.15877670000190847,-1,13423
47,1,odd,truth,correct,correct,500,47,-94,not_open,0.07345379999605939,-1,13923
48,2,odd,truth,wrong,wrong,-500,47,-94,open,1.027618199994322,-94,13329
49,5,even,lie,wrong,correct,500,47,-47,not_open,1.025308699987363,-1,13829
50,3,even,truth,wrong,wrong,-500,47,-94,not_open,1.055871099990327,-1,13329
51,6,odd,lie,wrong,correct,500,47,-94,not_open,1.107733000011649,-1,13829
52,5,odd,lie,correct,wrong,-500,94,-94,open,0.9821389999997336,94,13423
53,2,odd,lie,wrong,correct,500,94,-94,open,0.6622592000057921,94,14017
54,3,even,lie,wrong,correct,500,94,-94,not_open,0.6556479999853764,-1,14517
