trials,dice,user_choice_odd-even,whether_to_lie,actual_answer,dealer_answer,initial_reward,open_reward,open_penalty,user_response_open,choice_rt,choice_reward,balance,peg_balance
1,6,odd,truth,wrong,wrong,-500,-3,2,open,2.7067318000190426,2,9500,5
2,4,odd,truth,wrong,wrong,-500,-3,3,open,4.3359657999826595,3,9000,6
3,2,odd,lie,wrong,correct,500,-1,2,not_open,1.1569560000207275,-1,9500,3
4,1,even,truth,wrong,wrong,-500,-1,1,not_open,1.2208772999874782,-1,9000,3
5,1,odd,truth,correct,correct,500,-3,2,open,3.461704000015743,2,9500,5
6,2,odd,truth,wrong,wrong,-500,-2,2,not_open,2.022695699997712,-1,9000,3
7,6,odd,lie,wrong,correct,500,-3,3,not_open,1.1682792000065092,-1,9500,3
8,6,odd,truth,wrong,wrong,-500,-1,1,open,1.546803400007775,1,9000,4
9,4,odd,lie,wrong,correct,500,-1,3,not_open,1.7192039999936242,-1,9500,3
10,2,even,lie,correct,wrong,-500,-2,2,open,5.2563902999972925,-2,9000,1
11,3,odd,lie,correct,wrong,-500,-2,2,open,1.5324766999983694,-2,8500,1
12,6,odd,truth,wrong,wrong,-500,-1,3,not_open,1.5782705000019632,-1,8000,3
13,3,even,lie,wrong,correct,500,-2,3,not_open,1.5919292999897152,-1,8500,3
14,1,odd,truth,correct,correct,500,-3,1,open,2.6225310000008903,1,9000,4
15,5,odd,truth,correct,correct,500,-2,3,not_open,1.2728178999968804,-1,9500,3
16,2,even,lie,correct,wrong,-500,-2,1,open,1.0890335000003688,-2,9000,1
17,6,odd,truth,wrong,wrong,-500,-1,2,open,1.3464417999784928,2,8500,5
18,6,even,lie,correct,wrong,-500,-1,3,not_open,2.0310885999933816,-1,8000,3
19,3,odd,truth,correct,correct,500,-2,2,open,1.970166999992216,2,8500,5
20,5,odd,lie,correct,wrong,-500,-3,1,open,1.3789924000157043,-3,8000,0
21,2,odd,lie,wrong,correct,500,-1,2,not_open,1.0716472000058275,-1,8500,3
22,3,odd,lie,correct,wrong,-500,-2,2,open,2.213225399988005,-2,8000,1
23,1,even,truth,wrong,wrong,-500,-3,2,open,3.0399164999835193,2,7500,5
24,3,odd,lie,correct,wrong,-500,-1,2,not_open,1.5502016999816988,-1,7000,3
25,6,odd,truth,wrong,wrong,-500,-1,2,not_open,3.939202799985651,-1,6500,3
26,1,odd,lie,correct,wrong,-500,-1,1,open,1.6941162000002805,-1,6000,2
27,4,odd,lie,wrong,correct,500,-2,1,open,1.7516591000021435,-2,6500,1
28,4,even,truth,correct,correct,500,-1,1,open,2.2097397999896202,1,7000,4
29,1,odd,truth,correct,correct,500,-3,2,open,1.996610000001965,2,7500,5
30,2,odd,truth,wrong,wrong,-500,-1,3,not_open,1.5208379999967292,-1,7000,3
31,1,odd,truth,correct,correct,500,-2,3,not_open,2.045719400019152,-1,7500,3
32,5,odd,truth,correct,correct,500,-2,2,open,2.153266100009205,2,8000,5
33,1,odd,truth,correct,correct,500,-2,1,open,4.051094599999487,1,8500,4
34,5,odd,truth,correct,correct,500,-1,2,not_open,1.2454220000072382,-1,9000,3
35,4,odd,truth,wrong,wrong,-500,-3,3,not_open,1.1441482999944128,-1,8500,3
36,2,odd,lie,wrong,correct,500,-3,3,not_open,0.9641770999878645,-1,9000,3
37,1,odd,lie,correct,wrong,-500,-1,3,not_open,1.7316562000196427,-1,8500,3
38,3,odd,truth,correct,correct,500,-2,3,not_open,1.306266500003403,-1,9000,3
39,1,even,truth,wrong,wrong,-500,-3,1,open,1.0814102999866009,1,8500,4
40,6,odd,lie,wrong,correct,500,-3,1,open,1.4277727000007872,-3,9000,0
41,4,even,lie,correct,wrong,-500,-2,1,open,1.78938690002542,-2,8500,1
42,5,odd,lie,correct,wrong,-500,-3,2,open,3.538435499998741,-3,8000,0
43,3,odd,lie,correct,wrong,-500,-3,1,open,1.7990272999741137,-3,7500,0
44,2,odd,lie,wrong,correct,500,-1,1,open,1.1197860999964178,-1,8000,2
45,2,even,truth,correct,correct,500,-3,3,not_open,1.306958700006362,-1,8500,3
46,2,odd,truth,wrong,wrong,-500,-2,3,not_open,1.2923990999988746,-1,8000,3
47,2,even,truth,correct,correct,500,-3,1,open,1.040757400012808,1,8500,4
48,3,odd,lie,correct,wrong,-500,-2,1,open,1.155718699999852,-2,8000,1
49,5,odd,lie,correct,wrong,-500,-1,3,not_open,1.0803944999934174,-1,7500,3
50,4,odd,lie,wrong,correct,500,-2,1,open,1.4659815999912098,-2,8000,1
51,1,odd,lie,correct,wrong,-500,-2,3,not_open,0.905190199991921,-1,7500,3
52,5,odd,lie,correct,wrong,-500,-3,2,open,1.7235067000146955,-3,7000,0
53,2,even,lie,correct,wrong,-500,-1,1,open,0.9186589999881107,-1,6500,2
54,4,odd,truth,wrong,wrong,-500,-3,3,not_open,0.6312703000148758,-1,6000,3
