trials,dice,user_choice_odd-even,whether_to_lie,actual_answer,dealer_answer,initial_reward,open_reward,open_penalty,user_response_open,choice_rt,choice_reward,balance,peg_balance
1,4,odd,truth,wrong,wrong,-500,-1,1,open,0.12884700007271022,1,9500,4
2,6,even,truth,correct,correct,500,-2,2,not_open,6.388493700069375,-1,10000,3
3,2,even,truth,correct,correct,500,-2,3,not_open,4.654420700040646,-1,10500,3
4,6,odd,lie,wrong,correct,500,-2,2,open,1.516241900040768,-2,11000,1
5,1,even,lie,wrong,correct,500,-2,2,open,1.2209735999349505,-2,11500,1
6,3,even,truth,wrong,wrong,-500,-3,1,open,2.652683899970725,1,11000,4
7,2,odd,truth,wrong,wrong,-500,-1,2,not_open,2.170032700058073,-1,10500,3
8,5,odd,lie,correct,wrong,-500,-2,2,open,1.2432990999659523,-2,10000,1
9,3,even,truth,wrong,wrong,-500,-3,3,not_open,1.9664333999389783,-1,9500,3
10,4,odd,truth,wrong,wrong,-500,-1,2,not_open,2.198099499917589,-1,9000,3
11,2,odd,truth,wrong,wrong,-500,-3,1,open,1.9076957000652328,1,8500,4
12,2,even,lie,correct,wrong,-500,-3,2,open,1.6731238999636844,-3,8000,0
13,6,odd,lie,wrong,correct,500,-2,1,open,4.817248000064865,-2,8500,1
14,2,even,truth,correct,correct,500,-1,3,not_open,1.2220546000171453,-1,9000,3
15,2,odd,truth,wrong,wrong,-500,-3,1,open,1.5045161999296397,1,8500,4
16,5,even,truth,wrong,wrong,-500,-2,1,open,1.4080641999607906,1,8000,4
17,5,odd,truth,correct,correct,500,-2,1,open,1.8318964999634773,1,8500,4
18,4,even,lie,correct,wrong,-500,-3,2,open,1.6992812000680715,-3,8000,0
19,5,odd,lie,correct,wrong,-500,-1,1,not_open,1.4549830000614747,-1,7500,3
20,5,even,lie,wrong,correct,500,-1,3,not_open,0.8165111999260262,-1,8000,3
21,2,odd,truth,wrong,wrong,-500,-1,1,not_open,1.15930479997769,-1,7500,3
22,2,even,lie,correct,wrong,-500,-2,3,not_open,0.956295800046064,-1,7000,3
23,4,odd,truth,wrong,wrong,-500,-3,3,not_open,1.2954824999906123,-1,6500,3
24,4,odd,truth,wrong,wrong,-500,-3,2,open,1.9385838999878615,2,6000,5
25,2,odd,truth,wrong,wrong,-500,-1,2,not_open,1.1021501999348402,-1,5500,3
26,3,odd,lie,correct,wrong,-500,-3,2,open,2.1038506000768393,-3,5000,0
27,5,odd,lie,correct,wrong,-500,-2,3,not_open,0.9630710000637919,-1,4500,3
28,3,odd,truth,correct,correct,500,-2,3,not_open,0.8635505000129342,-1,5000,3
29,1,even,lie,wrong,correct,500,-1,1,open,0.4870672000106424,-1,5500,2
30,5,odd,lie,correct,wrong,-500,-3,2,open,1.2144020000705495,-3,5000,0
31,3,even,lie,wrong,correct,500,-2,1,open,1.019914299948141,-2,5500,1
32,3,odd,truth,correct,correct,500,-3,3,not_open,0.8274520999984816,-1,6000,3
33,1,even,lie,wrong,correct,500,-3,3,not_open,1.3116300998954102,-1,6500,3
34,6,odd,truth,wrong,wrong,-500,-1,3,not_open,0.9216006000060588,-1,6000,3
35,4,even,lie,correct,wrong,-500,-2,3,not_open,0.7927822000347078,-1,5500,3
36,5,odd,truth,correct,correct,500,-1,1,open,0.9887436999706551,1,6000,4
37,3,even,truth,wrong,wrong,-500,-1,3,not_open,0.7698628000216559,-1,5500,3
38,6,even,truth,correct,correct,500,-3,1,open,1.1852225000038743,1,6000,4
39,2,even,truth,correct,correct,500,-1,3,not_open,0.8963415999896824,-1,6500,3
40,1,odd,lie,correct,wrong,-500,-3,1,open,1.2573927000630647,-3,6000,0
41,1,odd,truth,correct,correct,500,-1,2,not_open,1.1856268000556156,-1,6500,3
42,5,even,lie,wrong,correct,500,-2,1,open,1.4719085999531671,-2,7000,1
43,6,even,truth,correct,correct,500,-2,2,not_open,0.7798906998941675,-1,7500,3
44,4,even,lie,correct,wrong,-500,-1,2,not_open,0.85137869999744,-1,7000,3
45,3,odd,lie,correct,wrong,-500,-3,3,open,1.409236800041981,-3,6500,0
