trials,dice,user_choice_odd-even,whether_to_lie,actual_answer,dealer_answer,initial_reward,open_reward,open_penalty,user_response_open,choice_rt,choice_reward,balance
1,4,odd,truth,wrong,wrong,-500,100,-48,open,9.185259399935603,-48,9452
2,5,odd,lie,correct,wrong,-500,141,-48,open,2.443308199988678,141,9093
3,1,even,truth,wrong,wrong,-500,100,-141,not_open,6.590582799981348,-1,8593
4,1,odd,lie,correct,wrong,-500,100,-48,open,1.7395655000582337,100,8193
5,6,odd,lie,wrong,correct,500,48,-48,not_open,1.3058501000050455,-1,8693
6,5,even,truth,wrong,wrong,-500,48,-100,open,0.28264130000025034,-100,8093
7,6,odd,truth,wrong,wrong,-500,48,-141,open,1.222724899998866,-141,7452
8,1,even,lie,wrong,correct,500,100,-48,not_open,1.5712149000028148,-1,7952
9,3,even,truth,wrong,wrong,-500,100,-100,not_open,1.5078620000276715,-1,7452
10,4,odd,lie,wrong,correct,500,141,-100,not_open,0.5725313000148162,-1,7952
11,4,odd,truth,wrong,wrong,-500,141,-48,open,0.3715873999753967,-48,7404
12,3,even,truth,wrong,wrong,-500,100,-48,open,0.5565601999405771,-48,6856
13,6,odd,truth,wrong,wrong,-500,48,-100,open,1.0943523000460118,-100,6256
14,3,odd,truth,correct,correct,500,141,-100,not_open,0.7551478000823408,-1,6756
15,6,odd,truth,wrong,wrong,-500,48,-141,not_open,1.3995370999909937,-1,6256
16,1,odd,truth,correct,correct,500,141,-141,not_open,0.9550856000278145,-1,6756
17,5,odd,lie,correct,wrong,-500,100,-48,open,0.5403337000170723,100,6356
18,6,even,truth,correct,correct,500,100,-141,not_open,0.3621700999792665,-1,6856
19,6,even,lie,correct,wrong,-500,48,-48,not_open,1.211781100020744,-1,6356
20,3,even,truth,wrong,wrong,-500,100,-100,open,0.3718689000234008,-100,5756
21,5,even,truth,wrong,wrong,-500,141,-141,open,0.471315799979493,-141,5115
22,1,even,truth,wrong,wrong,-500,100,-141,open,0.46069330000318587,-141,4474
23,4,even,lie,correct,wrong,-500,100,-100,open,0.48109279992058873,100,4074
24,2,even,lie,correct,wrong,-500,48,-48,not_open,1.3140832000644878,-1,3574
25,3,even,truth,wrong,wrong,-500,141,-141,not_open,2.4234508000081405,-1,3074
26,4,even,lie,correct,wrong,-500,141,-100,open,1.3471309000160545,141,2715
27,1,even,lie,wrong,correct,500,48,-100,not_open,0.7762476000934839,-1,3215
28,5,odd,truth,correct,correct,500,48,-141,not_open,0.8199010000098497,-1,3715
29,2,odd,lie,wrong,correct,500,141,-100,open,2.63410600007046,141,4356
30,4,odd,truth,wrong,wrong,-500,48,-141,not_open,0.6919462999794632,-1,3856
31,4,even,lie,correct,wrong,-500,100,-141,open,3.4204718000255525,100,3456
32,2,even,truth,correct,correct,500,141,-48,not_open,0.38545900001190603,-1,3956
33,5,even,lie,wrong,correct,500,141,-141,not_open,0.851768699940294,-1,4456
34,2,even,truth,correct,correct,500,48,-141,not_open,0.8207000000402331,-1,4956
35,5,odd,lie,correct,wrong,-500,100,-100,open,1.729220399982296,100,4556
36,1,odd,lie,correct,wrong,-500,48,-48,not_open,0.7196020000847057,-1,4056
37,4,even,lie,correct,wrong,-500,141,-48,open,0.983466700068675,141,3697
38,3,even,lie,wrong,correct,500,48,-100,not_open,0.7833018000237644,-1,4197
39,3,even,truth,wrong,wrong,-500,100,-100,not_open,0.8748383999336511,-1,3697
40,2,odd,lie,wrong,correct,500,48,-100,not_open,0.5840082999784499,-1,4197
41,4,odd,truth,wrong,wrong,-500,141,-141,not_open,0.711907000048086,-1,3697
42,1,odd,lie,correct,wrong,-500,48,-48,not_open,0.837222300004214,-1,3197
43,6,even,truth,correct,correct,500,141,-100,open,0.7751830999040976,-100,3597
44,3,even,truth,wrong,wrong,-500,100,-141,not_open,0.7283495999872684,-1,3097
45,5,odd,truth,correct,correct,500,141,-48,open,0.8157545999856666,-48,3549
