trials,dice,user_choice_odd-even,whether_to_lie,actual_answer,dealer_answer,initial_reward,open_reward,open_penalty,user_response_open,choice_rt,choice_reward,balance
1,5,even,truth,wrong,wrong,-500,75,-28,open,6.6055924000102095,-28,9472
2,1,even,truth,wrong,wrong,-500,28,-75,not_open,1.644428399973549,-1,8972
3,5,even,truth,wrong,wrong,-500,75,-75,open,1.729253500001505,-75,8397
4,3,odd,lie,correct,wrong,-500,75,-75,not_open,1.0709448999841698,-1,7897
5,3,even,truth,wrong,wrong,-500,75,-28,not_open,0.4996606999775395,-1,7397
6,4,odd,truth,wrong,wrong,-500,28,-28,not_open,0.22360420000040904,-1,6897
7,4,even,truth,correct,correct,500,28,-28,not_open,0.8396494999760762,-1,7397
8,4,even,lie,correct,wrong,-500,28,-28,not_open,0.33589519996894524,-1,6897
9,5,odd,truth,correct,correct,500,75,-28,not_open,0.550936300016474,-1,7397
10,1,odd,lie,correct,wrong,-500,75,-75,open,0.9313211000408046,75,6972
11,3,even,lie,wrong,correct,500,28,-75,not_open,0.35799700004281476,-1,7472
12,5,odd,truth,correct,correct,500,75,-75,not_open,0.35213349998230115,-1,7972
13,2,odd,truth,wrong,wrong,-500,75,-28,not_open,0.39825219998601824,-1,7472
14,5,even,lie,wrong,correct,500,75,-75,not_open,0.49880399997346103,-1,7972
15,1,even,truth,wrong,wrong,-500,75,-75,not_open,0.5261393999680877,-1,7472
16,5,odd,lie,correct,wrong,-500,75,-75,not_open,0.38291330001084134,-1,6972
17,4,even,lie,correct,wrong,-500,28,-75,open,0.06300710001960397,28,6500
18,2,odd,truth,wrong,wrong,-500,75,-28,not_open,0.40698700002394617,-1,6000
19,5,odd,truth,correct,correct,500,75,-75,not_open,1.8060878000105731,-1,6500
20,3,odd,truth,correct,correct,500,75,-28,not_open,0.6326864000293426,-1,7000
21,1,odd,lie,correct,wrong,-500,75,-75,not_open,0.32383259997004643,-1,6500
22,5,odd,lie,correct,wrong,-500,75,-28,not_open,0.4208917999640107,-1,6000
23,5,even,truth,wrong,wrong,-500,28,-75,not_open,1.5815651000011712,-1,5500
24,6,even,lie,correct,wrong,-500,75,-28,not_open,0.13785910001024604,-1,5000
25,4,odd,lie,wrong,correct,500,75,-28,not_open,0.5042024999856949,-1,5500
26,5,even,truth,wrong,wrong,-500,75,-28,not_open,0.3842593999579549,-1,5000
27,3,odd,truth,correct,correct,500,75,-75,not_open,0.44675539998570457,-1,5500
28,6,odd,truth,wrong,wrong,-500,75,-75,not_open,0.15448319999268278,-1,5000
29,1,even,truth,wrong,wrong,-500,75,-75,not_open,0.18371300003491342,-1,4500
30,2,odd,truth,wrong,wrong,-500,28,-28,not_open,0.002602800028398633,-1,4000
31,5,odd,lie,correct,wrong,-500,75,-75,not_open,0.1889966999879107,-1,3500
32,3,even,lie,wrong,correct,500,75,-75,not_open,0.11297960003139451,-1,4000
33,6,even,lie,correct,wrong,-500,75,-75,not_open,0.07820550003089011,-1,3500
34,1,even,lie,wrong,correct,500,28,-75,not_open,0.20901749999029562,-1,4000
35,6,even,truth,correct,correct,500,28,-75,not_open,0.09600929997395724,-1,4500
36,4,even,truth,correct,correct,500,28,-28,not_open,0.0872475000214763,-1,5000
37,6,odd,truth,wrong,wrong,-500,75,-75,not_open,0.07901380001567304,-1,4500
38,2,even,lie,correct,wrong,-500,28,-75,not_open,0.2092380999820307,-1,4000
39,6,even,truth,correct,correct,500,75,-75,not_open,0.055802199989557266,-1,4500
40,5,even,truth,wrong,wrong,-500,28,-75,not_open,0.13713380001718178,-1,4000
41,1,odd,lie,correct,wrong,-500,75,-28,not_open,0.19420010002795607,-1,3500
42,1,even,truth,wrong,wrong,-500,75,-75,not_open,0.06773299997439608,-1,3000
43,1,even,truth,wrong,wrong,-500,28,-28,not_open,0.21595670003443956,-1,2500
44,1,even,lie,wrong,correct,500,75,-75,not_open,0.13969739997992292,-1,3000
45,3,odd,lie,correct,wrong,-500,75,-28,not_open,0.09283290000166744,-1,2500
46,5,odd,lie,correct,wrong,-500,75,-75,not_open,0.3708139000227675,-1,2000
47,6,even,lie,correct,wrong,-500,28,-75,not_open,0.008737900003325194,-1,1500
48,5,even,truth,wrong,wrong,-500,75,-75,not_open,0.1513363000121899,-1,1000
49,4,even,truth,correct,correct,500,75,-75,not_open,0.1428606000263244,-1,1500
50,3,even,truth,wrong,wrong,-500,28,-75,not_open,0.026086000027135015,-1,1000
51,6,even,truth,correct,correct,500,75,-75,not_open,0.06022119999397546,-1,1500
52,5,even,truth,wrong,wrong,-500,28,-75,not_open,0.07425519998650998,-1,1000
53,6,even,lie,correct,wrong,-500,28,-75,not_open,0.11406029999488965,-1,500
54,6,even,truth,correct,correct,500,75,-75,not_open,0.8537223000312224,-1,1000
