trials,dice,user_choice_odd-even,whether_to_lie,actual_answer,dealer_answer,initial_reward,open_reward,open_penalty,user_response_open,choice_rt,choice_reward,balance,peg_balance
1,5,odd,truth,correct,correct,500,-1,2,open,7.285648400022183,2,10500,5
2,6,even,truth,correct,correct,500,-2,1,not_open,11.226778499956708,-1,11000,3
3,4,even,truth,correct,correct,500,-2,1,not_open,1.4833712000399828,-1,11500,3
4,1,odd,lie,correct,wrong,-500,-1,1,not_open,1.7764195000054315,-1,11000,3
5,4,odd,truth,wrong,wrong,-500,-3,2,not_open,5.944832700013649,-1,10500,3
6,1,odd,truth,correct,correct,500,-1,3,not_open,1.8952460000291467,-1,11000,3
7,2,even,truth,correct,correct,500,-2,3,not_open,1.1864781999611296,-1,11500,3
8,5,even,truth,wrong,wrong,-500,-2,1,not_open,0.9419186000013724,-1,11000,3
9,2,odd,truth,wrong,wrong,-500,-3,2,not_open,0.9423207999789156,-1,10500,3
10,5,odd,truth,correct,correct,500,-1,1,not_open,0.7907668999978341,-1,11000,3
11,5,even,lie,wrong,correct,500,-1,1,not_open,0.7708120999741368,-1,11500,3
12,6,even,lie,correct,wrong,-500,-3,1,not_open,0.944552700035274,-1,11000,3
13,4,even,truth,correct,correct,500,-1,2,not_open,0.8313667000038549,-1,11500,3
14,6,even,truth,correct,correct,500,-1,1,not_open,1.0050193999777548,-1,12000,3
15,1,odd,lie,correct,wrong,-500,-3,1,not_open,1.018365299969446,-1,11500,3
16,2,odd,truth,wrong,wrong,-500,-3,1,not_open,0.8281598999747075,-1,11000,3
17,6,odd,lie,wrong,correct,500,-1,2,not_open,0.9154586000367999,-1,11500,3
18,3,odd,truth,correct,correct,500,-2,2,not_open,0.9029870000085793,-1,12000,3
19,4,odd,truth,wrong,wrong,-500,-3,2,not_open,0.5645875000045635,-1,11500,3
20,5,odd,truth,correct,correct,500,-3,2,not_open,0.7429415000369772,-1,12000,3
21,4,even,truth,correct,correct,500,-3,3,not_open,0.7137302999617532,-1,12500,3
22,2,even,truth,correct,correct,500,-2,1,not_open,1.3392625999986194,-1,13000,3
23,3,odd,truth,correct,correct,500,-2,3,not_open,0.5951739000156522,-1,13500,3
24,5,odd,truth,correct,correct,500,-3,2,not_open,0.6502094000461511,-1,14000,3
25,6,even,lie,correct,wrong,-500,-2,2,not_open,0.6954802999971434,-1,13500,3
26,3,even,truth,wrong,wrong,-500,-1,3,not_open,3.8313439000048675,-1,13000,3
27,4,even,lie,correct,wrong,-500,-3,3,not_open,0.7277102000080049,-1,12500,3
28,4,even,lie,correct,wrong,-500,-1,2,not_open,0.6064190999604762,-1,12000,3
29,5,even,truth,wrong,wrong,-500,-3,3,not_open,0.6092869000276551,-1,11500,3
30,6,even,lie,correct,wrong,-500,-3,1,not_open,1.9654259999515489,-1,11000,3
31,6,odd,truth,wrong,wrong,-500,-2,3,not_open,0.5967855000053532,-1,10500,3
32,6,even,lie,correct,wrong,-500,-1,3,not_open,0.5350332999951206,-1,10000,3
33,5,even,truth,wrong,wrong,-500,-1,1,not_open,0.6906116000027396,-1,9500,3
34,1,odd,lie,correct,wrong,-500,-2,2,not_open,0.5545160000328906,-1,9000,3
35,1,odd,lie,correct,wrong,-500,-2,2,open,2.9427292000036687,-2,8500,1
36,2,even,lie,correct,wrong,-500,-3,3,not_open,4.602623599988874,-1,8000,3
37,2,even,truth,correct,correct,500,-3,1,not_open,2.1539918999769725,-1,8500,3
38,3,even,lie,wrong,correct,500,-1,2,open,2.6416185999987647,-1,9000,2
39,4,even,truth,correct,correct,500,-1,3,not_open,0.8283284000353888,-1,9500,3
40,6,even,truth,correct,correct,500,-1,1,not_open,1.6145101999863982,-1,10000,3
41,2,even,truth,correct,correct,500,-3,1,not_open,0.8785815000301227,-1,10500,3
42,3,even,truth,wrong,wrong,-500,-2,3,not_open,0.6067748999921605,-1,10000,3
43,6,odd,truth,wrong,wrong,-500,-2,2,not_open,0.9092274000286125,-1,9500,3
44,3,even,truth,wrong,wrong,-500,-3,3,not_open,0.8453279999666847,-1,9000,3
45,3,even,truth,wrong,wrong,-500,-2,1,not_open,0.5984718999825418,-1,8500,3
46,2,odd,lie,wrong,correct,500,-3,3,not_open,0.5083733999636024,-1,9000,3
47,3,odd,lie,correct,wrong,-500,-2,3,not_open,0.5762150999507867,-1,8500,3
48,3,even,truth,wrong,wrong,-500,-1,2,not_open,0.5493626000243239,-1,8000,3
49,5,odd,lie,correct,wrong,-500,-1,3,open,1.7334567999932915,-1,7500,2
50,3,even,truth,wrong,wrong,-500,-2,2,open,0.43170409998856485,2,7000,5
51,6,even,lie,correct,wrong,-500,-1,3,not_open,0.6297456999891438,-1,6500,3
52,1,even,lie,wrong,correct,500,-3,2,not_open,0.7738449000171386,-1,7000,3
53,6,odd,lie,wrong,correct,500,-2,1,not_open,0.5466719000251032,-1,7500,3
54,1,odd,truth,correct,correct,500,-2,3,not_open,1.1890134999994189,-1,8000,3
