trials,dice,user_choice_odd-even,whether_to_lie,actual_answer,dealer_answer,initial_reward,open_reward,open_penalty,user_response_open,choice_rt,choice_reward,balance
1,6,odd,lie,wrong,correct,500,75,-84,not_open,7.195822699985001,-1,10500
2,1,even,lie,wrong,correct,500,75,-84,not_open,1.4053259000065736,-1,11000
3,3,even,truth,wrong,wrong,-500,225,-225,open,3.987702599988552,-225,10275
4,6,odd,truth,wrong,wrong,-500,84,-84,open,5.5149519000260625,-84,9691
5,5,odd,lie,correct,wrong,-500,225,-84,open,3.0327131999947596,225,9416
6,6,odd,lie,wrong,correct,500,84,-84,not_open,1.583096399990609,-1,9916
7,6,even,truth,correct,correct,500,84,-84,not_open,0.8350441999791656,-1,10416
8,5,even,lie,wrong,correct,500,75,-84,not_open,0.3566036999982316,-1,10916
9,2,even,lie,correct,wrong,-500,75,-225,not_open,3.2215110999823082,-1,10416
10,3,odd,truth,correct,correct,500,75,-225,not_open,1.8036573000135832,-1,10916
11,5,even,lie,wrong,correct,500,225,-225,not_open,1.382897800009232,-1,11416
12,1,even,truth,wrong,wrong,-500,84,-75,open,2.0978230999899097,-75,10841
13,3,odd,truth,correct,correct,500,75,-225,not_open,1.2832223000004888,-1,11341
14,6,even,lie,correct,wrong,-500,225,-84,open,1.6736966999887954,225,11066
15,3,odd,truth,correct,correct,500,75,-84,not_open,1.334365799993975,-1,11566
16,6,even,truth,correct,correct,500,84,-84,not_open,0.8634678999951575,-1,12066
17,5,even,truth,wrong,wrong,-500,225,-75,open,1.812654699984705,-75,11491
18,6,odd,lie,wrong,correct,500,75,-75,not_open,0.9840746999834664,-1,11991
19,1,odd,truth,correct,correct,500,225,-225,not_open,1.6590107000083663,-1,12491
20,3,even,truth,wrong,wrong,-500,75,-225,not_open,1.6481665000028443,-1,11991
21,6,odd,truth,wrong,wrong,-500,84,-75,open,1.4514316999993753,-75,11416
22,4,odd,lie,wrong,correct,500,225,-225,not_open,1.0784435000095982,-1,11916
23,2,odd,lie,wrong,correct,500,225,-84,open,3.849439200013876,225,12641
24,4,odd,truth,wrong,wrong,-500,84,-75,not_open,3.8163190000050236,-1,12141
25,5,odd,lie,correct,wrong,-500,225,-75,open,1.019808799988823,225,11866
26,3,odd,truth,correct,correct,500,225,-84,open,1.108682799997041,-84,12282
27,2,odd,truth,wrong,wrong,-500,84,-225,not_open,2.2496336000040174,-1,11782
28,2,even,truth,correct,correct,500,225,-75,open,0.8107449999952223,-75,12207
29,5,even,truth,wrong,wrong,-500,225,-84,open,0.9229343000042718,-84,11623
30,1,odd,lie,correct,wrong,-500,75,-75,not_open,1.032609699992463,-1,11123
31,4,odd,truth,wrong,wrong,-500,225,-75,open,0.7765506999858189,-75,10548
32,5,even,lie,wrong,correct,500,225,-225,not_open,1.5911901000072248,-1,11048
33,5,even,lie,wrong,correct,500,75,-75,not_open,0.8292010000150185,-1,11548
34,2,even,lie,correct,wrong,-500,75,-225,not_open,0.8695640999940224,-1,11048
35,4,odd,truth,wrong,wrong,-500,84,-225,not_open,1.9419896000181325,-1,10548
36,1,odd,lie,correct,wrong,-500,84,-75,open,1.2758533000014722,84,10132
37,3,even,truth,wrong,wrong,-500,225,-84,open,0.7195636999967974,-84,9548
38,3,odd,lie,correct,wrong,-500,84,-84,not_open,0.8862037000071723,-1,9048
39,3,even,truth,wrong,wrong,-500,84,-225,not_open,0.9840946999902371,-1,8548
40,3,even,lie,wrong,correct,500,84,-225,not_open,0.7258407000044826,-1,9048
41,3,even,lie,wrong,correct,500,75,-75,not_open,0.776627000013832,-1,9548
42,6,even,truth,correct,correct,500,84,-225,not_open,0.9952025999955367,-1,10048
43,3,even,lie,wrong,correct,500,84,-84,not_open,0.8376016000111122,-1,10548
44,5,even,lie,wrong,correct,500,84,-225,not_open,0.8222800999938045,-1,11048
45,2,even,lie,correct,wrong,-500,75,-75,not_open,5.799594200012507,-1,10548
46,3,even,truth,wrong,wrong,-500,75,-75,not_open,0.644835899991449,-1,10048
47,1,even,truth,wrong,wrong,-500,84,-75,not_open,0.3358499000023585,-1,9548
48,1,odd,truth,correct,correct,500,84,-75,not_open,0.9091274999955203,-1,10048
49,6,even,truth,correct,correct,500,75,-84,not_open,0.5895069999969564,-1,10548
50,4,odd,lie,wrong,correct,500,225,-75,not_open,0.4514962999965064,-1,11048
51,5,even,truth,wrong,wrong,-500,225,-225,not_open,0.48228029999881983,-1,10548
52,5,odd,lie,correct,wrong,-500,75,-225,not_open,0.9666234999895096,-1,10048
53,3,even,truth,wrong,wrong,-500,225,-75,open,1.5584327999968082,-75,9473
54,2,odd,truth,wrong,wrong,-500,75,-84,not_open,0.9984395999927074,-1,8973
