trials,dice,user_choice_odd-even,whether_to_lie,actual_answer,dealer_answer,initial_reward,open_reward,open_penalty,user_response_open,choice_rt,choice_reward,balance,peg_balance
1,5,odd,truth,correct,correct,500,-3,2,open,12.337469899997814,2,10500,5
2,3,even,lie,wrong,correct,500,-1,3,not_open,2.43952879999415,-1,11000,3
3,1,odd,truth,correct,correct,500,-3,1,open,3.1145177999860607,1,11500,4
4,5,even,lie,wrong,correct,500,-1,2,not_open,3.791342899989104,-1,12000,3
5,4,even,truth,correct,correct,500,-1,2,not_open,2.1306399000168312,-1,12500,3
6,4,odd,truth,wrong,wrong,-500,-2,1,not_open,2.0377420999866445,-1,12000,3
7,4,even,truth,correct,correct,500,-2,3,not_open,2.71923620000598,-1,12500,3
8,1,even,truth,wrong,wrong,-500,-3,3,not_open,1.9941335000039544,-1,12000,3
9,2,even,lie,correct,wrong,-500,-3,2,open,2.1531917999964207,-3,11500,0
10,6,even,lie,correct,wrong,-500,-1,3,not_open,1.5146296999882907,-1,11000,3
11,3,even,lie,wrong,correct,500,-3,2,open,2.490913300018292,-3,11500,0
12,3,even,lie,wrong,correct,500,-2,3,not_open,1.296546400000807,-1,12000,3
13,6,even,lie,correct,wrong,-500,-2,1,open,1.2682381000195164,-2,11500,1
14,2,odd,lie,wrong,correct,500,-3,3,not_open,2.2148101000057068,-1,12000,3
15,4,odd,lie,wrong,correct,500,-1,1,open,1.4671734000148717,-1,12500,2
16,6,even,lie,correct,wrong,-500,-3,1,open,1.1449474999972153,-3,12000,0
17,6,even,truth,correct,correct,500,-2,3,not_open,1.1590834000089671,-1,12500,3
18,5,even,lie,wrong,correct,500,-2,1,open,2.7693633000017144,-2,13000,1
19,4,even,truth,correct,correct,500,-2,3,not_open,1.1326700999925379,-1,13500,3
20,2,even,lie,correct,wrong,-500,-3,1,open,1.2595618999912404,-3,13000,0
21,4,odd,truth,wrong,wrong,-500,-1,3,not_open,1.1944996999809518,-1,12500,3
22,1,even,lie,wrong,correct,500,-2,2,not_open,0.5094626999925822,-1,13000,3
23,3,even,truth,wrong,wrong,-500,-1,2,not_open,1.3955260000075214,-1,12500,3
24,1,even,truth,wrong,wrong,-500,-3,1,open,0.9340179999999236,1,12000,4
25,5,even,truth,wrong,wrong,-500,-2,1,open,0.9830558999965433,1,11500,4
26,3,odd,truth,correct,correct,500,-3,3,not_open,2.3487350000068545,-1,12000,3
27,2,even,lie,correct,wrong,-500,-1,3,not_open,2.5220667999819852,-1,11500,3
28,6,even,lie,correct,wrong,-500,-1,2,not_open,1.1736311999848112,-1,11000,3
29,1,even,lie,wrong,correct,500,-1,1,not_open,1.0983170999970753,-1,11500,3
30,1,even,lie,wrong,correct,500,-3,1,open,1.6332022999995388,-3,12000,0
31,2,even,lie,correct,wrong,-500,-2,1,open,1.0084360000037123,-2,11500,1
32,3,even,lie,wrong,correct,500,-1,1,not_open,1.0268278000003193,-1,12000,3
33,4,odd,lie,wrong,correct,500,-3,3,not_open,1.429550200002268,-1,12500,3
34,6,odd,lie,wrong,correct,500,-2,2,not_open,1.4259693000058178,-1,13000,3
35,1,even,truth,wrong,wrong,-500,-3,3,not_open,1.4028839999809861,-1,12500,3
36,2,odd,truth,wrong,wrong,-500,-1,1,not_open,1.0468967000197154,-1,12000,3
37,4,odd,lie,wrong,correct,500,-1,2,not_open,1.0586243999714497,-1,12500,3
38,4,odd,lie,wrong,correct,500,-2,1,open,2.0020079000096302,-2,13000,1
39,4,odd,truth,wrong,wrong,-500,-2,3,not_open,1.2423267999838572,-1,12500,3
40,2,even,truth,correct,correct,500,-1,3,not_open,1.6550838999974076,-1,13000,3
41,1,even,lie,wrong,correct,500,-1,1,not_open,1.6382481000036933,-1,13500,3
42,2,even,lie,correct,wrong,-500,-3,2,open,0.8087199000001419,-3,13000,0
43,2,even,truth,correct,correct,500,-2,3,not_open,0.9575949000136461,-1,13500,3
44,3,even,truth,wrong,wrong,-500,-3,1,open,0.9615386000077706,1,13000,4
45,3,even,lie,wrong,correct,500,-1,1,not_open,0.9845483000099193,-1,13500,3
46,6,even,lie,correct,wrong,-500,-3,2,open,0.9962651999958325,-3,13000,0
47,3,even,lie,wrong,correct,500,-2,2,not_open,0.9117938000126742,-1,13500,3
48,4,even,lie,correct,wrong,-500,-2,2,not_open,1.1816667999955826,-1,13000,3
49,6,odd,lie,wrong,correct,500,-1,3,not_open,1.3411390999972355,-1,13500,3
50,5,even,lie,wrong,correct,500,-3,2,open,1.1902793000044767,-3,14000,0
51,3,odd,lie,correct,wrong,-500,-1,2,not_open,0.9470735999930184,-1,13500,3
52,2,even,truth,correct,correct,500,-3,3,not_open,2.2093144999817014,-1,14000,3
53,3,even,truth,wrong,wrong,-500,-2,2,not_open,1.620842599979369,-1,13500,3
54,5,even,truth,wrong,wrong,-500,-2,2,not_open,1.0028679999813903,-1,13000,3
