trials,dice,user_choice_odd-even,whether_to_lie,actual_answer,dealer_answer,initial_reward,open_reward,open_penalty,user_response_open,choice_rt,choice_reward,balance
1,4,even,lie,correct,wrong,-500,57,-94,open,4.749399399996037,57,9557
2,3,odd,lie,correct,wrong,-500,57,-57,open,10.810738900006982,57,9114
3,3,odd,lie,correct,wrong,-500,94,-57,open,7.437473199999658,94,8708
4,6,odd,lie,wrong,correct,500,57,-94,not_open,1.6936297000211198,-1,9208
5,2,even,lie,correct,wrong,-500,32,-94,not_open,7.322812300000805,-1,8708
6,3,odd,truth,correct,correct,500,32,-32,not_open,2.61313969999901,-1,9208
7,3,even,truth,wrong,wrong,-500,94,-94,open,3.4838578999915626,-94,8614
8,2,odd,truth,wrong,wrong,-500,57,-57,not_open,1.5464120999968145,-1,8114
9,3,even,lie,wrong,correct,500,57,-94,not_open,0.930880799976876,-1,8614
10,1,even,lie,wrong,correct,500,32,-57,not_open,0.8917010999866761,-1,9114
11,6,odd,lie,wrong,correct,500,94,-57,not_open,1.8349081000196747,-1,9614
12,5,odd,lie,correct,wrong,-500,57,-32,open,3.259787100018002,57,9171
13,5,odd,truth,correct,correct,500,32,-32,not_open,0.771282199973939,-1,9671
14,4,even,lie,correct,wrong,-500,94,-94,open,1.539446400012821,94,9265
15,5,odd,truth,correct,correct,500,32,-57,not_open,1.3321417999977712,-1,9765
16,3,even,lie,wrong,correct,500,32,-32,not_open,0.9737457000010181,-1,10265
17,4,odd,truth,wrong,wrong,-500,32,-94,not_open,2.0628434999962337,-1,9765
18,1,odd,truth,correct,correct,500,32,-57,not_open,1.2235690999950748,-1,10265
19,2,even,truth,correct,correct,500,57,-57,not_open,0.8547908999898937,-1,10765
20,2,odd,truth,wrong,wrong,-500,57,-32,open,1.5304080999922007,-32,10233
21,4,even,truth,correct,correct,500,57,-94,not_open,1.3038939000107348,-1,10733
22,2,odd,lie,wrong,correct,500,94,-32,not_open,1.1316588000045158,-1,11233
23,5,odd,truth,correct,correct,500,57,-32,not_open,1.3812781000160612,-1,11733
24,3,odd,truth,correct,correct,500,94,-57,not_open,0.6855329999816604,-1,12233
25,1,even,truth,wrong,wrong,-500,94,-32,open,0.8902572999941185,-32,11701
26,3,odd,lie,correct,wrong,-500,32,-32,open,1.3869563000043854,32,11233
27,4,even,lie,correct,wrong,-500,32,-94,not_open,0.972074999997858,-1,10733
28,3,odd,truth,correct,correct,500,94,-32,open,2.230740400002105,-32,11201
29,5,even,truth,wrong,wrong,-500,32,-57,not_open,1.0197348000074271,-1,10701
30,3,odd,truth,correct,correct,500,94,-94,not_open,1.6992694000073243,-1,11201
31,2,even,truth,correct,correct,500,57,-94,not_open,1.4616659999883268,-1,11701
32,1,odd,truth,correct,correct,500,57,-57,not_open,0.7681078999885358,-1,12201
33,1,even,truth,wrong,wrong,-500,32,-94,not_open,1.140463700023247,-1,11701
34,2,odd,truth,wrong,wrong,-500,32,-32,open,1.3725833999924362,-32,11169
35,6,odd,truth,wrong,wrong,-500,94,-57,open,1.7748117000155617,-57,10612
36,1,even,truth,wrong,wrong,-500,57,-32,open,1.1004855000064708,-32,10080
37,3,odd,truth,correct,correct,500,32,-32,not_open,0.8874994000070728,-1,10580
38,2,even,lie,correct,wrong,-500,94,-32,open,1.2705873000086285,94,10174
39,5,odd,lie,correct,wrong,-500,32,-57,not_open,1.0364554999978282,-1,9674
40,1,even,lie,wrong,correct,500,94,-32,open,2.741057000006549,94,10268
41,2,even,truth,correct,correct,500,32,-94,not_open,1.2611236000084318,-1,10768
42,6,even,truth,correct,correct,500,94,-57,not_open,1.5697233999962918,-1,11268
43,3,even,truth,wrong,wrong,-500,57,-57,open,1.199134700000286,-57,10711
44,6,even,lie,correct,wrong,-500,57,-32,open,2.659268699993845,57,10268
45,3,even,truth,wrong,wrong,-500,32,-57,not_open,0.9238949000136927,-1,9768
46,3,even,truth,wrong,wrong,-500,94,-94,open,1.1279060999804642,-94,9174
47,4,even,truth,correct,correct,500,94,-32,open,2.935169299977133,-32,9642
48,4,even,truth,correct,correct,500,94,-57,open,3.0567329000041354,-57,10085
49,1,even,truth,wrong,wrong,-500,57,-94,not_open,1.2963238999946043,-1,9585
50,2,even,lie,correct,wrong,-500,57,-32,not_open,0.9495975000027101,-1,9085
51,3,odd,lie,correct,wrong,-500,32,-94,not_open,1.4624362999747973,-1,8585
52,2,odd,truth,wrong,wrong,-500,94,-94,open,1.7568852999829687,-94,7991
53,1,odd,truth,correct,correct,500,94,-94,not_open,0.9718744999845512,-1,8491
54,6,even,lie,correct,wrong,-500,57,-57,not_open,1.0298996999918018,-1,7991
