trials,dice,user_choice_odd-even,whether_to_lie,actual_answer,dealer_answer,initial_reward,open_reward,open_penalty,user_response_open,choice_rt,choice_reward,balance,peg_balance
1,5,even,lie,wrong,correct,500,-2,3,not_open,3.424416099995142,-1,10500,3
2,3,odd,lie,correct,wrong,-500,-1,3,not_open,2.287096800020663,-1,10000,3
3,4,odd,lie,wrong,correct,500,-1,2,open,4.606768500001635,-1,10500,2
4,3,even,truth,wrong,wrong,-500,-2,3,not_open,4.515672100009397,-1,10000,3
5,1,odd,truth,correct,correct,500,-1,3,not_open,1.688773499976378,-1,10500,3
6,2,even,lie,correct,wrong,-500,-3,1,open,1.154336500010686,-3,10000,0
7,6,odd,lie,wrong,correct,500,-2,2,not_open,2.2034934999828693,-1,10500,3
8,2,odd,truth,wrong,wrong,-500,-1,1,not_open,1.1191203000198584,-1,10000,3
9,4,odd,truth,wrong,wrong,-500,-2,2,open,1.5225394000008237,2,9500,5
10,6,even,truth,correct,correct,500,-1,1,not_open,1.0950041999749374,-1,10000,3
11,4,odd,truth,wrong,wrong,-500,-3,2,open,2.8964947999920696,2,9500,5
12,2,odd,truth,wrong,wrong,-500,-3,3,not_open,1.8455704000080004,-1,9000,3
13,1,even,truth,wrong,wrong,-500,-2,2,not_open,1.3606690000160597,-1,8500,3
14,2,even,lie,correct,wrong,-500,-3,1,open,1.8528319000033662,-3,8000,0
15,4,odd,truth,wrong,wrong,-500,-1,1,open,1.8238969999947585,1,7500,4
16,2,even,lie,correct,wrong,-500,-1,2,not_open,1.3307972000038717,-1,7000,3
17,2,odd,truth,wrong,wrong,-500,-1,1,open,1.6708847999980208,1,6500,4
18,1,even,lie,wrong,correct,500,-3,1,open,1.591489200014621,-3,7000,0
19,4,even,lie,correct,wrong,-500,-2,2,not_open,0.8473423999967054,-1,6500,3
20,1,even,lie,wrong,correct,500,-3,2,not_open,1.2297549999784678,-1,7000,3
21,4,even,truth,correct,correct,500,-2,1,open,1.4304010000196286,1,7500,4
22,3,even,lie,wrong,correct,500,-1,2,not_open,1.5913895000121556,-1,8000,3
23,4,even,truth,correct,correct,500,-1,2,not_open,1.5147524999920279,-1,8500,3
24,3,even,lie,wrong,correct,500,-3,2,not_open,1.4816499000007752,-1,9000,3
25,4,even,lie,correct,wrong,-500,-1,3,not_open,1.165410499990685,-1,8500,3
26,1,even,lie,wrong,correct,500,-2,2,not_open,1.5311612999939825,-1,9000,3
27,3,even,lie,wrong,correct,500,-3,1,open,1.7910023000149522,-3,9500,0
28,5,even,truth,wrong,wrong,-500,-2,1,open,1.482699499989394,1,9000,4
29,3,even,truth,wrong,wrong,-500,-2,1,open,1.494260999985272,1,8500,4
30,4,even,lie,correct,wrong,-500,-3,3,not_open,1.4865926000056788,-1,8000,3
31,1,even,truth,wrong,wrong,-500,-3,2,not_open,1.6437920999887865,-1,7500,3
32,1,even,truth,wrong,wrong,-500,-3,2,not_open,1.0643821000121534,-1,7000,3
33,3,even,lie,wrong,correct,500,-1,1,open,1.6483379999990575,-1,7500,2
34,4,even,truth,correct,correct,500,-2,1,open,1.5271648000052664,1,8000,4
35,2,even,lie,correct,wrong,-500,-1,2,not_open,1.396983700018609,-1,7500,3
36,1,even,lie,wrong,correct,500,-3,3,not_open,1.2404648000083398,-1,8000,3
37,5,even,lie,wrong,correct,500,-1,3,not_open,1.0572838000080083,-1,8500,3
38,2,even,truth,correct,correct,500,-2,2,not_open,0.708074399997713,-1,9000,3
39,2,even,truth,correct,correct,500,-1,3,not_open,1.005059799994342,-1,9500,3
40,6,even,lie,correct,wrong,-500,-2,1,open,1.6133233000000473,-2,9000,1
41,2,even,lie,correct,wrong,-500,-3,3,not_open,1.1916656999965198,-1,8500,3
42,6,even,lie,correct,wrong,-500,-2,1,open,0.8376267999992706,-2,8000,1
43,2,even,truth,correct,correct,500,-3,3,not_open,1.0468568000069354,-1,8500,3
44,4,even,truth,correct,correct,500,-1,2,not_open,1.5058282999962103,-1,9000,3
45,5,even,truth,wrong,wrong,-500,-3,2,not_open,1.1002920000173617,-1,8500,3
46,4,even,truth,correct,correct,500,-1,3,not_open,1.060316800023429,-1,9000,3
47,5,even,lie,wrong,correct,500,-2,3,not_open,1.1466345000080764,-1,9500,3
48,5,even,truth,wrong,wrong,-500,-2,3,not_open,1.1040278000000399,-1,9000,3
49,4,even,lie,correct,wrong,-500,-3,1,open,1.5003321000258438,-3,8500,0
50,3,even,lie,wrong,correct,500,-2,3,not_open,1.0276046000071801,-1,9000,3
51,2,even,truth,correct,correct,500,-3,3,not_open,0.9068326999840792,-1,9500,3
52,6,even,truth,correct,correct,500,-1,1,open,1.4525684000109322,1,10000,4
53,1,even,lie,wrong,correct,500,-2,3,not_open,1.3162473000120372,-1,10500,3
54,3,even,lie,wrong,correct,500,-3,1,open,1.653384500008542,-3,11000,0
