trials,dice,user_choice_odd-even,whether_to_lie,actual_answer,dealer_answer,initial_reward,open_reward,open_penalty,user_response_open,choice_rt,choice_reward,balance
1,5,odd,lie,correct,wrong,-500,1,-1,open,4.758907800074667,1,9501
2,1,odd,lie,correct,wrong,-500,1,-1,open,1.372232399880886,1,9002
3,2,odd,lie,wrong,correct,500,1,-1,open,3.6677987999282777,1,9503
4,5,odd,truth,correct,correct,500,1,-1,open,0.7375544998794794,-1,10002
5,2,odd,truth,wrong,wrong,-500,1,-1,open,1.6983582999091595,-1,9501
6,4,odd,truth,wrong,wrong,-500,1,-1,open,0.9302777000702918,-1,9000
7,1,odd,lie,correct,wrong,-500,1,-1,open,2.3236048000399023,1,8501
8,3,odd,truth,correct,correct,500,1,-1,open,1.9505606000311673,-1,9000
9,4,odd,truth,wrong,wrong,-500,1,-1,open,2.2157248998992145,-1,8499
10,5,odd,truth,correct,correct,500,1,-1,open,0.8274682001210749,-1,8998
11,4,odd,truth,wrong,wrong,-500,1,-1,open,0.2039369000121951,-1,8497
12,1,odd,truth,correct,correct,500,1,-1,not_open,1.2479181999806315,-1,8997
13,3,odd,truth,correct,correct,500,1,-1,not_open,0.29711779998615384,-1,9497
14,5,even,truth,wrong,wrong,-500,1,-1,not_open,0.516362699912861,-1,8997
15,3,even,lie,wrong,correct,500,1,-1,not_open,0.289563599973917,-1,9497
16,4,odd,lie,wrong,correct,500,1,-1,not_open,0.6076183000113815,-1,9997
17,6,even,truth,correct,correct,500,1,-1,not_open,0.4906427999958396,-1,10497
18,2,odd,truth,wrong,wrong,-500,1,-1,not_open,0.2218680998776108,-1,9997
19,4,odd,lie,wrong,correct,500,1,-1,not_open,0.23624849994666874,-1,10497
20,6,even,truth,correct,correct,500,1,-1,not_open,0.3063533001113683,-1,10997
21,3,even,lie,wrong,correct,500,1,-1,not_open,0.1716277999803424,-1,11497
22,2,odd,truth,wrong,wrong,-500,1,-1,open,0.7890032001305372,-1,10996
23,5,odd,truth,correct,correct,500,1,-1,not_open,0.18144420022144914,-1,11496
24,6,odd,truth,wrong,wrong,-500,1,-1,open,0.5566829999443144,-1,10995
25,5,even,lie,wrong,correct,500,1,-1,not_open,0.303685300052166,-1,11495
26,2,even,lie,correct,wrong,-500,1,-1,not_open,0.4020905001088977,-1,10995
27,1,even,lie,wrong,correct,500,1,-1,not_open,0.19105790019966662,-1,11495
28,1,odd,truth,correct,correct,500,1,-1,not_open,0.19597129989415407,-1,11995
29,3,odd,lie,correct,wrong,-500,1,-1,not_open,0.19163959985598922,-1,11495
30,3,even,lie,wrong,correct,500,1,-1,not_open,0.18548749992623925,-1,11995
31,1,even,truth,wrong,wrong,-500,1,-1,not_open,0.2942167001310736,-1,11495
32,6,odd,lie,wrong,correct,500,1,-1,not_open,0.4388849998358637,-1,11995
33,1,odd,lie,correct,wrong,-500,1,-1,not_open,0.07682229997590184,-1,11495
34,6,even,truth,correct,correct,500,1,-1,not_open,0.2828776999376714,-1,11995
35,3,odd,truth,correct,correct,500,1,-1,not_open,0.2255991999991238,-1,12495
36,1,odd,truth,correct,correct,500,1,-1,not_open,0.24076099996455014,-1,12995
37,1,even,truth,wrong,wrong,-500,1,-1,open,1.0756850999314338,-1,12494
38,6,even,truth,correct,correct,500,1,-1,not_open,0.43427819991484284,-1,12994
39,4,odd,truth,wrong,wrong,-500,1,-1,not_open,0.15835589985363185,-1,12494
40,5,even,lie,wrong,correct,500,1,-1,not_open,0.19721359992399812,-1,12994
41,3,even,lie,wrong,correct,500,1,-1,not_open,0.26306380005553365,-1,13494
42,6,odd,lie,wrong,correct,500,1,-1,not_open,0.20589240011759102,-1,13994
43,2,even,truth,correct,correct,500,1,-1,not_open,0.3983299999963492,-1,14494
44,1,even,truth,wrong,wrong,-500,1,-1,not_open,0.17142409994266927,-1,13994
45,2,odd,truth,wrong,wrong,-500,1,-1,not_open,0.19316330016590655,-1,13494
46,3,even,truth,wrong,wrong,-500,1,-1,open,0.5969797999132425,-1,12993
47,5,even,truth,wrong,wrong,-500,1,-1,not_open,0.33528140000998974,-1,12493
48,2,even,truth,correct,correct,500,1,-1,not_open,0.18360200012102723,-1,12993
49,1,odd,lie,correct,wrong,-500,1,-1,not_open,0.21338590001687407,-1,12493
50,5,odd,lie,correct,wrong,-500,1,-1,open,0.9653461999259889,1,11994
51,6,odd,lie,wrong,correct,500,1,-1,not_open,0.23040609993040562,-1,12494
52,5,even,lie,wrong,correct,500,1,-1,not_open,0.23208940005861223,-1,12994
53,4,odd,truth,wrong,wrong,-500,1,-1,open,0.22497569979168475,-1,12493
54,2,even,lie,correct,wrong,-500,1,-1,not_open,0.19430019985884428,-1,11993
