trials,dice,user_choice_odd-even,whether_to_lie,actual_answer,dealer_answer,initial_reward,open_reward,open_penalty,user_response_open,choice_rt,choice_reward,balance,peg_balance
1,1,odd,truth,correct,correct,500,-2,3,not_open,7.553543200017884,-1,10500,3
2,6,odd,lie,wrong,correct,500,-3,3,not_open,7.504108800087124,-1,11000,3
3,1,odd,truth,correct,correct,500,-1,2,open,4.897437199950218,2,11500,5
4,6,odd,truth,wrong,wrong,-500,-2,2,open,2.9790906999260187,2,11000,5
5,2,odd,truth,wrong,wrong,-500,-3,3,open,5.509511599782854,3,10500,6
6,1,odd,lie,correct,wrong,-500,-2,2,not_open,1.0065085000824183,-1,10000,3
7,2,odd,truth,wrong,wrong,-500,-3,1,not_open,4.726697899866849,-1,9500,3
8,1,odd,lie,correct,wrong,-500,-3,3,open,7.324203500058502,-3,9000,0
9,1,odd,lie,correct,wrong,-500,-2,1,open,6.953238800168037,-2,8500,1
10,1,odd,lie,correct,wrong,-500,-2,1,open,2.55946939997375,-2,8000,1
11,5,even,truth,wrong,wrong,-500,-2,3,not_open,4.25231030001305,-1,7500,3
12,5,odd,truth,correct,correct,500,-2,2,open,5.499582000076771,2,8000,5
13,3,odd,truth,correct,correct,500,-3,2,not_open,2.819540400058031,-1,8500,3
14,3,odd,lie,correct,wrong,-500,-3,1,open,4.018729399889708,-3,8000,0
15,6,odd,truth,wrong,wrong,-500,-3,1,open,3.712771499995142,1,7500,4
16,2,odd,lie,wrong,correct,500,-2,1,open,4.532157100038603,-2,8000,1
17,5,odd,lie,correct,wrong,-500,-1,1,open,2.0465712000150234,-1,7500,2
18,5,odd,truth,correct,correct,500,-1,1,open,1.125745200086385,1,8000,4
19,1,odd,truth,correct,correct,500,-1,3,not_open,2.510376000078395,-1,8500,3
20,3,odd,lie,correct,wrong,-500,-3,1,open,2.8770965000148863,-3,8000,0
21,6,odd,truth,wrong,wrong,-500,-2,2,not_open,3.7664862000383437,-1,7500,3
22,5,odd,truth,correct,correct,500,-2,3,not_open,4.268464900087565,-1,8000,3
23,1,odd,lie,correct,wrong,-500,-1,2,not_open,4.303326399996877,-1,7500,3
24,2,odd,lie,wrong,correct,500,-1,3,not_open,2.2092317000497133,-1,8000,3
25,6,odd,truth,wrong,wrong,-500,-1,1,open,1.1849698999430984,1,7500,4
26,3,odd,truth,correct,correct,500,-3,2,open,4.337706800084561,2,8000,5
27,2,odd,lie,wrong,correct,500,-1,3,not_open,2.2198824000079185,-1,8500,3
28,3,odd,lie,correct,wrong,-500,-3,3,open,5.2245088999625295,-3,8000,0
29,5,odd,lie,correct,wrong,-500,-1,3,not_open,2.343341999920085,-1,7500,3
30,4,odd,lie,wrong,correct,500,-3,1,open,2.256745700025931,-3,8000,0
31,3,odd,truth,correct,correct,500,-1,1,open,1.2520616000983864,1,8500,4
32,6,odd,truth,wrong,wrong,-500,-2,3,not_open,2.6616515999194235,-1,8000,3
33,3,odd,truth,correct,correct,500,-2,1,open,3.150510099949315,1,8500,4
34,1,odd,lie,correct,wrong,-500,-1,2,not_open,2.845583099871874,-1,8000,3
35,5,odd,truth,correct,correct,500,-1,3,not_open,1.8711908000987023,-1,8500,3
36,3,odd,truth,correct,correct,500,-1,2,not_open,2.05215199990198,-1,9000,3
37,4,odd,truth,wrong,wrong,-500,-2,3,not_open,1.92719790013507,-1,8500,3
38,5,odd,lie,correct,wrong,-500,-2,2,open,3.0902819000184536,-2,8000,1
39,4,odd,lie,wrong,correct,500,-1,3,not_open,1.5025933000724763,-1,8500,3
40,2,odd,truth,wrong,wrong,-500,-3,2,open,2.3153388001956046,2,8000,5
41,4,odd,truth,wrong,wrong,-500,-2,1,open,2.513792600017041,1,7500,4
42,3,odd,truth,correct,correct,500,-1,2,not_open,1.1494951997883618,-1,8000,3
43,1,odd,lie,correct,wrong,-500,-1,1,open,1.273772699991241,-1,7500,2
44,5,odd,lie,correct,wrong,-500,-3,2,open,2.923392199911177,-3,7000,0
45,2,odd,lie,wrong,correct,500,-2,2,open,3.7345724999904633,-2,7500,1
46,5,odd,truth,correct,correct,500,-3,3,open,4.73391589988023,3,8000,6
47,2,odd,lie,wrong,correct,500,-3,1,open,1.6623760000802577,-3,8500,0
48,4,odd,truth,wrong,wrong,-500,-2,1,open,1.4154124001506716,1,8000,4
49,3,odd,truth,correct,correct,500,-2,3,not_open,1.3110926998779178,-1,8500,3
50,5,odd,truth,correct,correct,500,-3,3,open,3.2412661002017558,3,9000,6
51,1,odd,truth,correct,correct,500,-1,2,not_open,1.2680577000137419,-1,9500,3
52,4,odd,truth,wrong,wrong,-500,-3,2,open,2.1657418999820948,2,9000,5
53,3,odd,lie,correct,wrong,-500,-1,1,open,0.9451220000628382,-1,8500,2
54,4,odd,lie,wrong,correct,500,-3,2,open,2.3521213000640273,-3,9000,0
