trials,dice,user_choice_odd-even,whether_to_lie,actual_answer,dealer_answer,initial_reward,open_reward,open_penalty,user_response_open,choice_rt,choice_reward,balance,peg_balance
1,4,even,lie,correct,wrong,-500,-2,3,not_open,10.247942900001362,-1,9500,3
2,4,odd,truth,wrong,wrong,-500,-2,3,not_open,1.7589306999943801,-1,9000,3
3,3,odd,truth,correct,correct,500,-1,1,not_open,3.290356500001508,-1,9500,3
4,2,even,lie,correct,wrong,-500,-3,3,open,3.49487030000455,-3,9000,0
5,1,odd,lie,correct,wrong,-500,-3,1,not_open,2.763215400002082,-1,8500,3
6,4,even,lie,correct,wrong,-500,-2,2,not_open,6.722707200002333,-1,8000,3
7,5,even,truth,wrong,wrong,-500,-2,3,not_open,4.4393236999967485,-1,7500,3
8,4,even,lie,correct,wrong,-500,-2,1,open,1.9050271000014618,-2,7000,1
9,1,odd,truth,correct,correct,500,-3,2,not_open,11.465635900000052,-1,7500,3
10,1,odd,lie,correct,wrong,-500,-1,1,open,1.9433193000004394,-1,7000,2
11,2,odd,truth,wrong,wrong,-500,-3,2,open,1.846983999996155,2,6500,5
12,2,even,lie,correct,wrong,-500,-3,1,open,3.296120899998641,-3,6000,0
13,4,even,lie,correct,wrong,-500,-1,2,not_open,1.8940998999969452,-1,5500,3
14,3,even,truth,wrong,wrong,-500,-1,2,not_open,1.3965257999952883,-1,5000,3
15,4,even,truth,correct,correct,500,-3,3,open,2.6384916999959387,3,5500,6
16,1,even,truth,wrong,wrong,-500,-1,3,open,0.36210350000328617,3,5000,6
17,2,even,lie,correct,wrong,-500,-3,1,not_open,2.186732000001939,-1,4500,3
18,6,odd,lie,wrong,correct,500,-1,2,not_open,2.003630399995018,-1,5000,3
19,2,even,lie,correct,wrong,-500,-1,3,open,0.3779694000040763,-1,4500,2
20,5,even,truth,wrong,wrong,-500,-1,3,open,5.301605499997095,3,4000,6
21,6,odd,lie,wrong,correct,500,-3,3,not_open,1.8773987000022316,-1,4500,3
22,5,even,lie,wrong,correct,500,-2,1,not_open,8.633228300001065,-1,5000,3
23,1,even,lie,wrong,correct,500,-3,2,open,5.619973299995763,-3,5500,0
24,3,odd,lie,correct,wrong,-500,-1,1,not_open,0.6862646000008681,-1,5000,3
25,1,even,lie,wrong,correct,500,-2,1,not_open,0.537715999998909,-1,5500,3
26,2,even,lie,correct,wrong,-500,-1,3,not_open,0.192343400005484,-1,5000,3
27,6,even,lie,correct,wrong,-500,-2,2,not_open,2.090909999998985,-1,4500,3
28,2,even,truth,correct,correct,500,-1,2,open,3.698574699999881,2,5000,5
29,5,odd,truth,correct,correct,500,-2,1,not_open,1.0579748000018299,-1,5500,3
30,3,even,truth,wrong,wrong,-500,-1,2,not_open,2.8769482000061544,-1,5000,3
31,6,even,lie,correct,wrong,-500,-3,3,open,1.5027339000007487,-3,4500,0
32,3,odd,truth,correct,correct,500,-2,2,not_open,1.5397431999954279,-1,5000,3
33,2,odd,lie,wrong,correct,500,-1,1,not_open,0.4417360999941593,-1,5500,3
34,1,even,lie,wrong,correct,500,-2,1,not_open,1.058855900002527,-1,6000,3
35,1,even,lie,wrong,correct,500,-2,3,not_open,3.032712200001697,-1,6500,3
36,4,odd,lie,wrong,correct,500,-3,1,open,2.498875200006296,-3,7000,0
37,3,even,truth,wrong,wrong,-500,-2,1,not_open,1.1044964000029722,-1,6500,3
38,2,even,lie,correct,wrong,-500,-1,3,open,0.40346470000076806,-1,6000,2
39,3,even,lie,wrong,correct,500,-1,2,not_open,0.6276724999988801,-1,6500,3
40,6,even,lie,correct,wrong,-500,-1,1,open,0.1948192000054405,-1,6000,2
41,6,odd,lie,wrong,correct,500,-2,3,not_open,0.4097105999971973,-1,6500,3
42,4,even,truth,correct,correct,500,-2,3,not_open,0.8812929999985499,-1,7000,3
43,2,odd,lie,wrong,correct,500,-2,2,open,0.32781380000233185,-2,7500,1
44,6,even,lie,correct,wrong,-500,-3,1,open,2.8032339999990654,-3,7000,0
45,5,even,truth,wrong,wrong,-500,-3,2,not_open,0.2601219000061974,-1,6500,3
46,6,odd,lie,wrong,correct,500,-3,3,not_open,1.6079705999945872,-1,7000,3
47,2,even,lie,correct,wrong,-500,-3,2,open,2.0186377000063658,-3,6500,0
48,5,even,truth,wrong,wrong,-500,-2,2,open,0.7212883000029251,2,6000,5
49,6,even,lie,correct,wrong,-500,-3,2,open,0.7653801999986172,-3,5500,0
50,5,even,lie,wrong,correct,500,-2,2,not_open,0.5808921999996528,-1,6000,3
51,6,even,lie,correct,wrong,-500,-3,3,open,2.2644218999994337,-3,5500,0
52,6,odd,lie,wrong,correct,500,-1,3,not_open,0.2866318999949726,-1,6000,3
53,3,even,truth,wrong,wrong,-500,-1,1,open,2.2989444000049843,1,5500,4
54,3,even,truth,wrong,wrong,-500,-3,1,open,1.9119124999997439,1,5000,4
