trials,dice,user_choice_odd-even,whether_to_lie,actual_answer,dealer_answer,initial_reward,open_reward,open_penalty,user_response_open,choice_rt,choice_reward,balance
1,4,odd,truth,wrong,wrong,-500,190,-168,not_open,4.9159327000015764,-1,9500
2,2,even,truth,correct,correct,500,190,-126,not_open,0.19038949999958277,-1,10000
3,2,even,truth,correct,correct,500,168,-168,not_open,5.70625409999775,-1,10500
4,6,even,truth,correct,correct,500,126,-168,open,2.7592126000017743,-168,10832
5,2,even,lie,correct,wrong,-500,126,-126,not_open,1.4895965999967302,-1,10332
6,5,even,truth,wrong,wrong,-500,168,-168,open,0.1692544999968959,-168,9664
7,5,even,lie,wrong,correct,500,126,-168,open,0.5598304000013741,126,10290
8,4,odd,lie,wrong,correct,500,190,-168,not_open,0.17911760000424692,-1,10790
9,2,even,truth,correct,correct,500,190,-126,not_open,0.2009579000005033,-1,11290
10,3,odd,lie,correct,wrong,-500,126,-126,open,1.0354691999964416,126,10916
11,4,even,truth,correct,correct,500,126,-126,open,1.269671499998367,-126,11290
12,2,even,truth,correct,correct,500,190,-126,not_open,0.3007906999991974,-1,11790
13,2,odd,lie,wrong,correct,500,190,-190,not_open,0.7773670999958995,-1,12290
14,4,even,truth,correct,correct,500,126,-190,open,3.4256220999959623,-190,12600
15,6,odd,lie,wrong,correct,500,126,-190,open,1.6742545000015525,126,13226
16,1,odd,truth,correct,correct,500,168,-168,not_open,3.685244000000239,-1,13726
17,2,even,lie,correct,wrong,-500,126,-190,not_open,0.5526570000001811,-1,13226
18,1,even,lie,wrong,correct,500,168,-190,open,3.677567300001101,168,13894
19,2,even,truth,correct,correct,500,168,-126,not_open,0.17544259999704082,-1,14394
20,5,even,truth,wrong,wrong,-500,190,-168,open,0.9318020999999135,-168,13726
21,1,even,lie,wrong,correct,500,126,-168,not_open,1.1106720000025234,-1,14226
22,2,odd,truth,wrong,wrong,-500,168,-168,open,0.15318310000293422,-168,13558
23,5,even,truth,wrong,wrong,-500,168,-190,not_open,0.8854219999993802,-1,13058
24,6,odd,truth,wrong,wrong,-500,168,-190,not_open,0.3116569999983767,-1,12558
25,3,odd,truth,correct,correct,500,126,-168,not_open,0.23597229999722913,-1,13058
26,4,even,truth,correct,correct,500,190,-190,not_open,0.6642313999982434,-1,13558
27,1,odd,truth,correct,correct,500,190,-168,open,0.19718180000199936,-168,13890
28,5,even,truth,wrong,wrong,-500,168,-168,not_open,0.8018407999988995,-1,13390
29,4,even,truth,correct,correct,500,190,-126,open,0.5269451000058325,-126,13764
30,1,even,truth,wrong,wrong,-500,168,-126,open,0.8314817999998922,-126,13138
31,1,odd,lie,correct,wrong,-500,126,-190,open,0.6529670000018086,126,12764
32,5,even,truth,wrong,wrong,-500,126,-126,not_open,0.1962788000018918,-1,12264
33,1,even,truth,wrong,wrong,-500,168,-126,open,0.2697688999978709,-126,11638
34,6,even,truth,correct,correct,500,168,-168,open,4.141524700004084,-168,11970
35,1,even,truth,wrong,wrong,-500,190,-168,not_open,0.4499091000034241,-1,11470
36,2,even,truth,correct,correct,500,168,-126,open,0.9052741999985301,-126,11844
37,4,even,lie,correct,wrong,-500,168,-126,not_open,0.2195956999930786,-1,11344
38,4,odd,lie,wrong,correct,500,190,-190,not_open,0.23294470000837464,-1,11844
39,5,odd,lie,correct,wrong,-500,168,-190,not_open,0.20693139999639243,-1,11344
40,1,even,truth,wrong,wrong,-500,190,-126,open,0.23852139999507926,-126,10718
41,5,even,truth,wrong,wrong,-500,190,-190,not_open,0.19566840000334196,-1,10218
42,2,even,truth,correct,correct,500,126,-168,not_open,0.7065557000023546,-1,10718
43,3,odd,truth,correct,correct,500,168,-190,not_open,0.6524261000013212,-1,11218
44,5,odd,truth,correct,correct,500,190,-190,not_open,1.3416831999929855,-1,11718
45,4,even,truth,correct,correct,500,190,-168,open,5.664214199990965,-168,12050
46,2,even,lie,correct,wrong,-500,168,-126,not_open,0.2227158000023337,-1,11550
47,5,odd,truth,correct,correct,500,126,-126,not_open,0.6857816999981878,-1,12050
48,6,even,truth,correct,correct,500,126,-168,not_open,0.5316701999981888,-1,12550
49,3,even,lie,wrong,correct,500,126,-126,not_open,3.576224699994782,-1,13050
50,4,odd,truth,wrong,wrong,-500,190,-126,open,0.6099363999965135,-126,12424
51,2,even,truth,correct,correct,500,126,-190,not_open,0.19899370000348426,-1,12924
52,1,even,lie,wrong,correct,500,190,-190,not_open,0.1921585999953095,-1,13424
53,3,even,lie,wrong,correct,500,126,-190,open,0.993696200006525,126,14050
54,1,odd,truth,correct,correct,500,168,-190,open,4.796543799995561,-190,14360
