trials,dice,user_choice_odd-even,whether_to_lie,actual_answer,dealer_answer,initial_reward,open_reward,open_penalty,user_response_open,choice_rt,choice_reward,balance
1,4,odd,truth,wrong,wrong,-500,168,-50,open,8.579898399999365,-50,9450
2,5,even,lie,wrong,correct,500,50,-50,not_open,5.207287199998973,-1,9950
3,5,even,lie,wrong,correct,500,50,-50,not_open,1.3628566000115825,-1,10450
4,1,odd,truth,correct,correct,500,429,-168,open,5.117022599995835,-168,10782
5,2,even,truth,correct,correct,500,50,-168,open,2.9378867000050377,-168,11114
6,5,even,lie,wrong,correct,500,168,-168,not_open,2.1100989999977173,-1,11614
7,1,even,lie,wrong,correct,500,429,-168,not_open,1.8100666000100318,-1,12114
8,4,odd,truth,wrong,wrong,-500,50,-168,open,1.7049671999993734,-168,11446
9,3,even,lie,wrong,correct,500,168,-50,not_open,1.8345450000051642,-1,11946
10,5,even,lie,wrong,correct,500,50,-50,open,1.722705300009693,50,12496
11,1,even,lie,wrong,correct,500,50,-168,not_open,1.0542581000045175,-1,12996
12,5,even,truth,wrong,wrong,-500,429,-168,open,1.7339677000127267,-168,12328
13,2,even,lie,correct,wrong,-500,50,-429,not_open,2.1775287999917055,-1,11828
14,6,odd,lie,wrong,correct,500,429,-50,open,3.3930431000044337,429,12757
15,5,even,truth,wrong,wrong,-500,168,-429,not_open,1.1070063000079244,-1,12257
16,1,odd,lie,correct,wrong,-500,168,-50,open,1.4832147999986773,168,11925
17,2,even,truth,correct,correct,500,50,-429,not_open,1.346982700008084,-1,12425
18,2,even,truth,correct,correct,500,168,-50,not_open,2.0978574000037042,-1,12925
19,6,odd,truth,wrong,wrong,-500,429,-168,open,1.484061399998609,-168,12257
20,4,even,lie,correct,wrong,-500,50,-50,open,1.5020638999994844,50,11807
21,4,even,lie,correct,wrong,-500,168,-50,open,1.6006878999905894,168,11475
22,5,odd,lie,correct,wrong,-500,50,-168,not_open,2.4305813000100898,-1,10975
23,5,even,truth,wrong,wrong,-500,429,-429,open,1.3417340999876615,-429,10046
24,4,even,lie,correct,wrong,-500,429,-50,open,1.1403109999955632,429,9975
25,1,odd,truth,correct,correct,500,429,-429,not_open,1.6936217000038596,-1,10475
26,1,odd,lie,correct,wrong,-500,50,-50,not_open,0.3674802000023192,-1,9975
27,3,even,lie,wrong,correct,500,168,-168,not_open,0.18749460000253748,-1,10475
28,1,even,truth,wrong,wrong,-500,429,-168,open,1.1825069000042276,-168,9807
29,4,even,truth,correct,correct,500,429,-50,not_open,0.41899380000540987,-1,10307
30,6,even,lie,correct,wrong,-500,168,-168,open,0.4127204999967944,168,9975
31,3,even,lie,wrong,correct,500,429,-429,not_open,1.00810979999369,-1,10475
32,5,odd,truth,correct,correct,500,50,-429,not_open,1.3350159999972675,-1,10975
33,3,odd,truth,correct,correct,500,168,-168,not_open,2.6317693000019062,-1,11475
34,4,odd,truth,wrong,wrong,-500,429,-168,open,1.4379318000137573,-168,10807
35,2,even,lie,correct,wrong,-500,429,-50,open,3.134822299994994,429,10736
36,3,even,lie,wrong,correct,500,168,-168,not_open,2.2487481999996817,-1,11236
37,4,even,lie,correct,wrong,-500,429,-429,not_open,0.213684899994405,-1,10736
38,1,odd,lie,correct,wrong,-500,429,-429,not_open,0.21655339999415446,-1,10236
39,2,even,lie,correct,wrong,-500,50,-50,not_open,0.18446979999134783,-1,9736
40,5,odd,lie,correct,wrong,-500,50,-168,not_open,0.1832758999953512,-1,9236
41,2,even,lie,correct,wrong,-500,168,-429,not_open,0.8723497999890242,-1,8736
42,2,odd,lie,wrong,correct,500,50,-429,not_open,0.5526964000018779,-1,9236
43,1,odd,truth,correct,correct,500,50,-168,not_open,0.22884179999527987,-1,9736
44,3,even,truth,wrong,wrong,-500,168,-168,not_open,0.2819225999992341,-1,9236
45,1,odd,lie,correct,wrong,-500,50,-429,not_open,0.39941840000392403,-1,8736
46,5,odd,lie,correct,wrong,-500,429,-429,open,1.4908102999906987,429,8665
47,5,even,truth,wrong,wrong,-500,50,-429,not_open,0.8416331999906106,-1,8165
48,2,even,lie,correct,wrong,-500,168,-429,not_open,1.416204299996025,-1,7665
49,3,even,lie,wrong,correct,500,168,-50,open,1.1000227999902563,168,8333
50,3,even,truth,wrong,wrong,-500,429,-50,not_open,0.5328993000002811,-1,7833
51,4,even,lie,correct,wrong,-500,168,-429,not_open,1.1678343999956269,-1,7333
52,4,even,lie,correct,wrong,-500,429,-50,open,0.9558006000006571,429,7262
53,4,even,lie,correct,wrong,-500,168,-429,not_open,0.4684505000041099,-1,6762
54,3,odd,truth,correct,correct,500,168,-429,not_open,0.7286498000030406,-1,7262
