trials,dice,user_choice_odd-even,whether_to_lie,actual_answer,dealer_answer,initial_reward,open_reward,open_penalty,user_response_open,choice_rt,choice_reward,balance,peg_balance
1,6,even,lie,correct,wrong,-500,-2,1,not_open,3.9452692000049865,-1,9500,3
2,2,odd,truth,wrong,wrong,-500,-3,1,not_open,7.291871900000842,-1,9000,3
3,1,odd,lie,correct,wrong,-500,-2,1,open,3.2223374000022886,-2,8500,1
4,4,odd,truth,wrong,wrong,-500,-2,3,open,0.9204801000014413,3,8000,6
5,5,even,lie,wrong,correct,500,-2,3,open,11.808975699997973,-2,8500,1
6,3,even,lie,wrong,correct,500,-1,3,not_open,1.5376626999932341,-1,9000,3
7,1,even,lie,wrong,correct,500,-1,3,open,0.8904623000125866,-1,9500,2
8,3,even,truth,wrong,wrong,-500,-2,1,open,0.683432099991478,1,9000,4
9,3,odd,truth,correct,correct,500,-3,3,not_open,4.267313099990133,-1,9500,3
10,5,even,lie,wrong,correct,500,-3,2,open,3.1083350000117207,-3,10000,0
11,2,even,lie,correct,wrong,-500,-1,3,not_open,2.497000500006834,-1,9500,3
12,1,odd,truth,correct,correct,500,-1,1,open,1.8932396000018343,1,10000,4
13,5,even,lie,wrong,correct,500,-3,3,not_open,2.1480881000024965,-1,10500,3
14,2,odd,lie,wrong,correct,500,-1,2,not_open,2.5387385000067297,-1,11000,3
15,1,even,lie,wrong,correct,500,-2,2,open,3.1985512000101153,-2,11500,1
16,2,even,truth,correct,correct,500,-1,2,not_open,4.359823600010714,-1,12000,3
17,4,odd,truth,wrong,wrong,-500,-1,3,not_open,2.910156400001142,-1,11500,3
18,2,odd,lie,wrong,correct,500,-1,3,not_open,2.121684000012465,-1,12000,3
19,5,even,truth,wrong,wrong,-500,-3,3,not_open,1.4888721000024816,-1,11500,3
20,4,odd,lie,wrong,correct,500,-1,1,open,1.7872232999943662,-1,12000,2
21,6,even,truth,correct,correct,500,-1,1,open,1.4018809999979567,1,12500,4
22,5,even,truth,wrong,wrong,-500,-2,3,not_open,6.440121499996167,-1,12000,3
23,5,odd,lie,correct,wrong,-500,-3,1,open,1.9341763999982504,-3,11500,0
24,5,even,truth,wrong,wrong,-500,-3,1,open,1.245931900004507,1,11000,4
25,4,even,lie,correct,wrong,-500,-2,3,not_open,2.4860515000036685,-1,10500,3
26,5,even,truth,wrong,wrong,-500,-1,2,not_open,2.9274539000034565,-1,10000,3
27,4,odd,truth,wrong,wrong,-500,-2,2,open,1.5190619000059087,2,9500,5
28,5,even,lie,wrong,correct,500,-1,3,not_open,1.8318777999957092,-1,10000,3
29,3,even,lie,wrong,correct,500,-2,2,open,1.4701463999954285,-2,10500,1
30,1,even,truth,wrong,wrong,-500,-2,2,open,1.7980644000053871,2,10000,5
31,3,odd,truth,correct,correct,500,-1,1,open,1.3109427000017604,1,10500,4
32,4,even,truth,correct,correct,500,-3,2,open,1.7275401999941096,2,11000,5
33,2,odd,lie,wrong,correct,500,-3,1,open,1.446868800005177,-3,11500,0
34,5,even,truth,wrong,wrong,-500,-3,2,open,1.423565300006885,2,11000,5
35,3,odd,lie,correct,wrong,-500,-3,3,open,0.704283300001407,-3,10500,0
36,6,even,lie,correct,wrong,-500,-3,1,open,1.8829419999965467,-3,10000,0
37,3,even,truth,wrong,wrong,-500,-3,3,not_open,2.4639365000039106,-1,9500,3
38,6,even,lie,correct,wrong,-500,-1,1,open,1.5265142999996897,-1,9000,2
39,4,odd,lie,wrong,correct,500,-1,2,not_open,3.6767741999938153,-1,9500,3
40,5,even,lie,wrong,correct,500,-1,2,not_open,1.8635631000070134,-1,10000,3
41,4,even,truth,correct,correct,500,-2,2,open,1.9396185000077821,2,10500,5
42,6,odd,truth,wrong,wrong,-500,-3,3,not_open,1.3991380999941612,-1,10000,3
43,2,even,truth,correct,correct,500,-1,2,not_open,1.5863357999915024,-1,10500,3
44,3,odd,truth,correct,correct,500,-3,2,open,1.6111088000034215,2,11000,5
45,3,even,lie,wrong,correct,500,-2,1,open,1.7804309000057401,-2,11500,1
46,3,odd,truth,correct,correct,500,-2,3,not_open,1.417033799996716,-1,12000,3
47,3,even,truth,wrong,wrong,-500,-3,2,open,1.9225244999979623,2,11500,5
48,5,even,truth,wrong,wrong,-500,-3,1,open,1.2945837000006577,1,11000,4
49,3,even,lie,wrong,correct,500,-2,2,open,2.031638500004192,-2,11500,1
50,6,even,lie,correct,wrong,-500,-1,1,open,1.2910893999942346,-1,11000,2
51,2,odd,truth,wrong,wrong,-500,-2,1,open,1.778368400002364,1,10500,4
52,3,even,lie,wrong,correct,500,-2,1,open,1.1576724000042304,-2,11000,1
53,2,even,truth,correct,correct,500,-3,2,open,1.9672452000086196,2,11500,5
54,4,odd,truth,wrong,wrong,-500,-2,3,open,1.781443700005184,3,11000,6
