trials,dice,user_choice_odd-even,whether_to_lie,actual_answer,dealer_answer,initial_reward,open_reward,open_penalty,user_response_open,choice_rt,choice_reward,balance
1,4,even,truth,correct,correct,500,100,-100,open,5.030767200049013,-100,10400
2,2,odd,truth,wrong,wrong,-500,100,-100,open,7.930454800021835,-100,9800
3,5,odd,lie,correct,wrong,-500,100,-150,open,9.968111800029874,100,9400
4,5,even,truth,wrong,wrong,-500,100,-100,open,18.762231499888003,-100,8800
5,6,even,lie,correct,wrong,-500,100,-150,open,3.8073719000676647,100,8400
6,3,even,truth,wrong,wrong,-500,150,-100,open,6.654137999983504,-100,7800
7,1,even,truth,wrong,wrong,-500,150,-150,open,4.7332305000163615,-150,7150
8,3,even,lie,wrong,correct,500,150,-150,open,3.435809600050561,150,7800
9,5,even,lie,wrong,correct,500,100,-100,open,6.567919000051916,100,8400
10,6,even,lie,correct,wrong,-500,100,-150,open,4.542141799931414,100,8000
11,4,even,truth,correct,correct,500,100,-150,open,2.006354699959047,-150,8350
12,4,even,truth,correct,correct,500,100,-150,open,3.5771417999640107,-150,8700
13,2,even,truth,correct,correct,500,100,-100,not_open,1.6420519000384957,-1,9200
14,3,even,truth,wrong,wrong,-500,150,-100,open,3.7298497000010684,-100,8600
15,2,even,truth,correct,correct,500,100,-150,open,1.6288349999813363,-150,8950
16,4,even,lie,correct,wrong,-500,100,-100,not_open,1.514842399978079,-1,8450
17,5,even,truth,wrong,wrong,-500,150,-100,not_open,2.1179579000454396,-1,7950
18,6,even,lie,correct,wrong,-500,100,-100,open,3.3727467000717297,100,7550
19,1,even,truth,wrong,wrong,-500,100,-100,not_open,1.8677719000261277,-1,7050
20,2,even,truth,correct,correct,500,150,-100,open,1.7325389999896288,-100,7450
21,5,even,lie,wrong,correct,500,100,-150,open,2.07255299994722,100,8050
22,5,even,truth,wrong,wrong,-500,100,-100,open,2.564151900005527,-100,7450
23,2,even,truth,correct,correct,500,150,-100,not_open,2.4176283000269905,-1,7950
24,1,even,lie,wrong,correct,500,100,-100,not_open,1.7304359000409022,-1,8450
25,1,even,truth,wrong,wrong,-500,100,-100,open,1.260759099968709,-100,7850
26,1,even,lie,wrong,correct,500,100,-100,not_open,2.9109508000547066,-1,8350
27,1,even,lie,wrong,correct,500,150,-100,open,1.6408630999503657,150,9000
28,5,even,lie,wrong,correct,500,150,-100,open,3.0545898000709713,150,9650
29,5,even,lie,wrong,correct,500,100,-150,not_open,2.4054724000161514,-1,10150
30,5,even,truth,wrong,wrong,-500,150,-100,open,1.3177975000580773,-100,9550
31,6,even,lie,correct,wrong,-500,100,-150,open,1.042895199963823,100,9150
32,6,even,lie,correct,wrong,-500,150,-150,open,1.2429295000620186,150,8800
33,5,even,truth,wrong,wrong,-500,100,-100,not_open,0.9046345000388101,-1,8300
34,6,even,truth,correct,correct,500,150,-150,open,1.0745190000161529,-150,8650
35,5,even,lie,wrong,correct,500,100,-100,open,0.8295747999800369,100,9250
36,3,even,truth,wrong,wrong,-500,150,-100,not_open,1.1194716999307275,-1,8750
37,3,even,truth,wrong,wrong,-500,100,-150,open,1.0569912999635562,-150,8100
38,1,even,truth,wrong,wrong,-500,150,-150,open,1.363179299980402,-150,7450
39,4,even,lie,correct,wrong,-500,100,-100,not_open,0.9648425000486895,-1,6950
40,5,even,lie,wrong,correct,500,150,-100,open,1.5420232999604195,150,7600
41,6,even,lie,correct,wrong,-500,100,-100,not_open,1.8890979000134394,-1,7100
42,4,even,lie,correct,wrong,-500,100,-100,not_open,1.1147194999502972,-1,6600
43,5,even,truth,wrong,wrong,-500,100,-150,open,1.3449410001048818,-150,5950
44,6,even,lie,correct,wrong,-500,100,-100,not_open,1.3346633000764996,-1,5450
45,2,even,lie,correct,wrong,-500,100,-100,not_open,1.0505799999227747,-1,4950
46,1,even,truth,wrong,wrong,-500,100,-100,not_open,0.6066290000453591,-1,4450
47,6,even,lie,correct,wrong,-500,100,-100,not_open,0.7540160999633372,-1,3950
48,2,even,truth,correct,correct,500,150,-150,open,0.9753970999736339,-150,4300
49,5,even,truth,wrong,wrong,-500,100,-150,open,1.0123535000020638,-150,3650
50,2,even,truth,correct,correct,500,100,-100,open,2.4053579999599606,-100,4050
51,5,even,truth,wrong,wrong,-500,150,-100,not_open,0.8686233999906108,-1,3550
52,4,even,truth,correct,correct,500,100,-100,open,1.915469800005667,-100,3950
53,4,even,lie,correct,wrong,-500,150,-100,not_open,0.9242061000550166,-1,3450
54,6,even,lie,correct,wrong,-500,100,-100,not_open,0.8322176999645308,-1,2950
