trials,dice,user_choice_odd-even,whether_to_lie,actual_answer,dealer_answer,initial_reward,open_reward,open_penalty,user_response_open,choice_rt,choice_reward,balance,peg_balance
1,1,odd,lie,correct,wrong,-500,-3,2,open,30.81290879996959,-3,9500,0
2,2,odd,truth,wrong,wrong,-500,-2,1,open,24.45020379999187,1,9000,4
3,6,even,lie,correct,wrong,-500,-2,1,open,14.536826100084,-2,8500,1
4,4,even,truth,correct,correct,500,-3,1,not_open,4.807282199966721,-1,9000,3
5,3,odd,lie,correct,wrong,-500,-1,3,not_open,7.026690999977291,-1,8500,3
6,3,even,lie,wrong,correct,500,-3,3,open,6.068129700026475,-3,9000,0
7,3,odd,lie,correct,wrong,-500,-3,2,open,6.529512100038119,-3,8500,0
8,5,even,lie,wrong,correct,500,-1,3,not_open,3.4520396000007167,-1,9000,3
9,2,odd,truth,wrong,wrong,-500,-2,2,open,7.6396562999580055,2,8500,5
10,2,even,lie,correct,wrong,-500,-3,2,open,1.477561500039883,-3,8000,0
11,3,even,lie,wrong,correct,500,-2,2,not_open,5.3658815999515355,-1,8500,3
12,2,odd,lie,wrong,correct,500,-2,3,open,7.734797400073148,-2,9000,1
13,6,even,lie,correct,wrong,-500,-3,2,open,1.7656254000030458,-3,8500,0
14,3,odd,lie,correct,wrong,-500,-2,2,not_open,1.3562773000448942,-1,8000,3
15,5,odd,lie,correct,wrong,-500,-1,2,not_open,2.8191017999779433,-1,7500,3
16,2,odd,truth,wrong,wrong,-500,-1,3,not_open,2.078350100084208,-1,7000,3
17,4,even,lie,correct,wrong,-500,-1,1,open,4.176987100043334,-1,6500,2
18,3,even,truth,wrong,wrong,-500,-2,1,open,2.9061870999867097,1,6000,4
19,3,odd,lie,correct,wrong,-500,-1,3,not_open,1.3775900000473484,-1,5500,3
20,3,even,truth,wrong,wrong,-500,-3,3,open,1.804832800058648,3,5000,6
21,3,odd,lie,correct,wrong,-500,-2,3,open,8.077213800046593,-2,4500,1
22,3,even,truth,wrong,wrong,-500,-1,1,not_open,1.6433760999934748,-1,4000,3
23,4,odd,truth,wrong,wrong,-500,-2,3,not_open,1.7908350999932736,-1,3500,3
24,3,odd,truth,correct,correct,500,-3,1,open,1.4471209000330418,1,4000,4
25,1,odd,lie,correct,wrong,-500,-3,3,open,1.3937399999704212,-3,3500,0
26,5,odd,truth,correct,correct,500,-3,1,open,1.2516910000704229,1,4000,4
27,1,even,lie,wrong,correct,500,-2,2,open,4.2040159000316635,-2,4500,1
28,6,even,truth,correct,correct,500,-1,2,not_open,2.2816340000135824,-1,5000,3
29,2,even,truth,correct,correct,500,-3,2,open,1.0516126999864355,2,5500,5
30,1,even,lie,wrong,correct,500,-2,1,open,2.250874300021678,-2,6000,1
31,6,even,lie,correct,wrong,-500,-2,1,open,1.5213297000154853,-2,5500,1
32,1,even,truth,wrong,wrong,-500,-1,1,not_open,1.3406117999693379,-1,5000,3
33,1,even,lie,wrong,correct,500,-3,3,open,1.4650516000110656,-3,5500,0
34,4,even,truth,correct,correct,500,-1,1,not_open,0.9318730999948457,-1,6000,3
35,5,odd,lie,correct,wrong,-500,-2,3,not_open,1.3574459999799728,-1,5500,3
36,2,even,lie,correct,wrong,-500,-1,2,not_open,1.2785029000369832,-1,5000,3
37,1,even,truth,wrong,wrong,-500,-1,2,not_open,1.1669908999465406,-1,4500,3
38,5,even,lie,wrong,correct,500,-3,1,open,1.0965719999512658,-3,5000,0
39,1,odd,truth,correct,correct,500,-1,2,not_open,1.3409764999523759,-1,5500,3
40,5,odd,lie,correct,wrong,-500,-3,1,open,1.0737806999823079,-3,5000,0
41,2,odd,truth,wrong,wrong,-500,-2,2,open,1.5250497000524774,2,4500,5
42,4,even,truth,correct,correct,500,-3,3,open,0.9991952999262139,3,5000,6
43,1,even,lie,wrong,correct,500,-1,1,not_open,1.377093099988997,-1,5500,3
44,2,odd,truth,wrong,wrong,-500,-1,3,not_open,1.2189287999644876,-1,5000,3
45,3,even,truth,wrong,wrong,-500,-2,3,open,1.6350030999165028,3,4500,6
46,5,even,lie,wrong,correct,500,-3,3,open,1.0814571999944746,-3,5000,0
47,1,even,lie,wrong,correct,500,-3,1,open,0.8302705000387505,-3,5500,0
48,5,even,truth,wrong,wrong,-500,-1,3,not_open,1.0219949999591336,-1,5000,3
49,2,even,lie,correct,wrong,-500,-2,2,open,1.0092393000377342,-2,4500,1
50,3,even,lie,wrong,correct,500,-3,2,open,1.6176289999857545,-3,5000,0
51,1,odd,lie,correct,wrong,-500,-2,3,not_open,1.0303455999819562,-1,4500,3
52,5,even,lie,wrong,correct,500,-1,2,not_open,0.8613919999916106,-1,5000,3
53,1,even,lie,wrong,correct,500,-1,1,open,2.090523899998516,-1,5500,2
54,6,even,lie,correct,wrong,-500,-2,1,open,0.8049069000408053,-2,5000,1
