trials,dice,user_choice_odd-even,whether_to_lie,actual_answer,dealer_answer,initial_reward,open_reward,open_penalty,user_response_open,choice_rt,choice_reward,balance
1,2,odd,truth,wrong,wrong,-500,381,-1012,not_open,6.767111000008299,-1,9500
2,6,odd,truth,wrong,wrong,-500,381,-1012,not_open,3.057850800003507,-1,9000
3,6,odd,lie,wrong,correct,500,381,-1012,not_open,3.548950299998978,-1,9500
4,5,odd,truth,correct,correct,500,1012,-1012,not_open,1.158785399995395,-1,10000
5,3,odd,lie,correct,wrong,-500,854,-381,not_open,0.5384626000013668,-1,9500
6,6,odd,lie,wrong,correct,500,854,-1012,not_open,1.6969059999973979,-1,10000
7,1,odd,lie,correct,wrong,-500,1012,-381,open,4.6097049999953015,1012,10512
8,3,odd,lie,correct,wrong,-500,854,-381,not_open,3.304581299991696,-1,10012
9,5,odd,lie,correct,wrong,-500,854,-854,not_open,4.806879399999161,-1,9512
10,3,odd,lie,correct,wrong,-500,1012,-1012,open,3.603510000000824,1012,10024
11,4,odd,truth,wrong,wrong,-500,1012,-854,open,1.2635747000022093,-854,8670
12,3,odd,lie,correct,wrong,-500,1012,-381,open,2.1483818999986397,1012,9182
13,6,odd,truth,wrong,wrong,-500,854,-1012,not_open,2.367729600009625,-1,8682
14,3,odd,lie,correct,wrong,-500,1012,-1012,open,1.7410029000020586,1012,9194
15,4,odd,lie,wrong,correct,500,854,-854,not_open,1.596892100002151,-1,9694
16,3,odd,lie,correct,wrong,-500,381,-381,not_open,2.2001050999970175,-1,9194
17,2,odd,truth,wrong,wrong,-500,381,-854,not_open,2.3627533999970183,-1,8694
18,3,odd,lie,correct,wrong,-500,854,-854,open,1.6543146000039997,854,9048
19,1,odd,truth,correct,correct,500,854,-854,not_open,3.849479500000598,-1,9548
20,4,odd,lie,wrong,correct,500,1012,-381,open,4.801149999999325,1012,11060
21,3,odd,truth,correct,correct,500,381,-381,not_open,1.050107000002754,-1,11560
22,3,odd,truth,correct,correct,500,381,-1012,not_open,1.1940249999897787,-1,12060
23,4,odd,truth,wrong,wrong,-500,854,-1012,open,2.3655660999938846,-1012,10548
24,4,odd,lie,wrong,correct,500,854,-1012,not_open,2.2686254999862285,-1,11048
25,5,odd,lie,correct,wrong,-500,854,-854,open,1.3005924000026425,854,11402
26,4,odd,truth,wrong,wrong,-500,1012,-854,open,1.3772183999972185,-854,10048
27,6,odd,truth,wrong,wrong,-500,1012,-854,open,1.2270939000009093,-854,8694
28,2,odd,lie,wrong,correct,500,854,-854,not_open,1.0410692000004929,-1,9194
29,4,odd,lie,wrong,correct,500,854,-381,not_open,4.2610561000037706,-1,9694
30,2,odd,lie,wrong,correct,500,1012,-854,open,1.7490973999956623,1012,11206
31,1,odd,lie,correct,wrong,-500,381,-854,not_open,2.5500706999882823,-1,10706
32,1,odd,lie,correct,wrong,-500,381,-1012,not_open,2.270563400001265,-1,10206
33,1,odd,truth,correct,correct,500,381,-854,not_open,1.7640085000020918,-1,10706
34,2,odd,lie,wrong,correct,500,854,-381,open,1.1435818000027211,854,12060
35,5,odd,truth,correct,correct,500,1012,-854,open,1.1653540000115754,-854,11706
36,1,odd,lie,correct,wrong,-500,1012,-381,open,0.7873746999975992,1012,12218
37,3,odd,truth,correct,correct,500,1012,-381,open,7.262085700000171,-381,12337
38,4,odd,truth,wrong,wrong,-500,381,-381,open,1.755843899998581,-381,11456
39,2,odd,lie,wrong,correct,500,1012,-1012,not_open,1.1980885999946622,-1,11956
40,2,odd,truth,wrong,wrong,-500,854,-1012,not_open,1.5394329999980982,-1,11456
41,1,odd,truth,correct,correct,500,1012,-1012,open,2.862454099988099,-1012,10944
42,1,odd,lie,correct,wrong,-500,854,-1012,open,2.1094232000032207,854,11298
43,1,odd,lie,correct,wrong,-500,1012,-381,open,2.112160499993479,1012,11810
44,6,odd,lie,wrong,correct,500,381,-381,not_open,4.995258700000704,-1,12310
45,5,odd,lie,correct,wrong,-500,854,-381,open,1.1571718000050168,854,12664
46,2,odd,truth,wrong,wrong,-500,381,-854,not_open,1.9225297999946633,-1,12164
47,5,odd,lie,correct,wrong,-500,381,-854,open,2.9627857000014046,381,12045
48,1,odd,lie,correct,wrong,-500,1012,-854,open,1.2127665000007255,1012,12557
49,5,odd,lie,correct,wrong,-500,381,-1012,not_open,6.267032000003383,-1,12057
50,4,odd,lie,wrong,correct,500,381,-381,not_open,0.9574321000109194,-1,12557
51,4,odd,lie,wrong,correct,500,381,-381,not_open,0.8865080999967176,-1,13057
52,2,odd,lie,wrong,correct,500,381,-854,not_open,1.2297703999938676,-1,13557
53,6,odd,truth,wrong,wrong,-500,1012,-1012,open,1.48113130001002,-1012,12045
54,6,odd,truth,wrong,wrong,-500,854,-381,open,1.0237433000002056,-381,11164
