trials,dice,user_choice_odd-even,whether_to_lie,actual_answer,dealer_answer,initial_reward,open_reward,open_penalty,user_response_open,choice_rt,choice_reward,balance,peg_balance
1,6,odd,truth,wrong,wrong,-500,-1,1,open,5.255023400008213,1,9500,4
2,5,odd,truth,correct,correct,500,-2,3,not_open,4.631046399998013,-1,10000,3
3,5,odd,truth,correct,correct,500,-1,1,open,5.69397459999891,1,10500,4
4,1,odd,truth,correct,correct,500,-1,2,not_open,7.045510800002376,-1,11000,3
5,5,odd,lie,correct,wrong,-500,-1,2,not_open,2.4234985999937635,-1,10500,3
6,4,odd,lie,wrong,correct,500,-2,2,open,1.9313203999918187,-2,11000,1
7,6,odd,lie,wrong,correct,500,-3,1,open,5.061021100002108,-3,11500,0
8,6,odd,lie,wrong,correct,500,-1,2,not_open,2.5076333999895724,-1,12000,3
9,6,odd,truth,wrong,wrong,-500,-3,1,open,1.9906876000022748,1,11500,4
10,4,odd,lie,wrong,correct,500,-2,1,open,1.8923821000062162,-2,12000,1
11,5,odd,truth,correct,correct,500,-3,3,open,1.5839790000027278,3,12500,6
12,1,odd,truth,correct,correct,500,-3,3,not_open,1.1344337000045925,-1,13000,3
13,4,odd,lie,wrong,correct,500,-2,2,open,2.3802625000098487,-2,13500,1
14,3,odd,truth,correct,correct,500,-1,3,not_open,2.65074349999486,-1,14000,3
15,5,odd,truth,correct,correct,500,-3,2,open,1.8088298999937251,2,14500,5
16,3,odd,truth,correct,correct,500,-2,2,open,2.127385100000538,2,15000,5
17,5,odd,lie,correct,wrong,-500,-2,2,not_open,1.3457578999950783,-1,14500,3
18,6,odd,lie,wrong,correct,500,-1,3,not_open,2.048200300007011,-1,15000,3
19,1,odd,lie,correct,wrong,-500,-3,3,not_open,1.1157044999999925,-1,14500,3
20,2,odd,lie,wrong,correct,500,-2,1,open,1.3902783000085037,-2,15000,1
21,5,odd,truth,correct,correct,500,-1,3,not_open,1.4214640999998664,-1,15500,3
22,1,odd,lie,correct,wrong,-500,-3,2,open,2.890063700004248,-3,15000,0
23,2,odd,lie,wrong,correct,500,-1,3,not_open,0.9771635999932187,-1,15500,3
24,2,odd,lie,wrong,correct,500,-1,3,not_open,0.9237319999956526,-1,16000,3
25,2,odd,lie,wrong,correct,500,-1,2,not_open,2.0888447999896016,-1,16500,3
26,2,odd,truth,wrong,wrong,-500,-3,3,open,1.8251775999960955,3,16000,6
27,4,odd,lie,wrong,correct,500,-2,1,open,1.2398110999929486,-2,16500,1
28,2,odd,truth,wrong,wrong,-500,-2,3,not_open,1.0576320000109263,-1,16000,3
29,1,odd,truth,correct,correct,500,-2,3,not_open,1.2349878999957582,-1,16500,3
30,2,odd,lie,wrong,correct,500,-2,1,open,1.7235111000045436,-2,17000,1
31,4,odd,truth,wrong,wrong,-500,-2,2,not_open,2.811397500001476,-1,16500,3
32,2,odd,truth,wrong,wrong,-500,-2,2,open,1.4739499999996042,2,16000,5
33,3,odd,lie,correct,wrong,-500,-2,1,open,0.8921395999932429,-2,15500,1
34,4,odd,truth,wrong,wrong,-500,-2,3,not_open,0.8593088000052376,-1,15000,3
35,5,odd,lie,correct,wrong,-500,-1,1,open,1.9838500000041677,-1,14500,2
36,1,odd,lie,correct,wrong,-500,-1,2,not_open,1.1392848000105005,-1,14000,3
37,3,odd,truth,correct,correct,500,-3,2,open,2.134261700004572,2,14500,5
38,3,odd,lie,correct,wrong,-500,-3,2,open,1.0888517999992473,-3,14000,0
39,1,odd,lie,correct,wrong,-500,-1,3,not_open,1.304878099996131,-1,13500,3
40,5,odd,lie,correct,wrong,-500,-1,1,open,1.2274212000047555,-1,13000,2
41,4,odd,truth,wrong,wrong,-500,-2,3,not_open,0.900928400005796,-1,12500,3
42,2,odd,truth,wrong,wrong,-500,-3,1,open,1.3226394999946933,1,12000,4
43,1,odd,lie,correct,wrong,-500,-3,1,open,0.9849960999999894,-3,11500,0
44,5,odd,lie,correct,wrong,-500,-1,1,open,1.06323010000051,-1,11000,2
45,1,odd,truth,correct,correct,500,-1,2,not_open,0.9701249000063399,-1,11500,3
46,2,odd,lie,wrong,correct,500,-3,3,not_open,1.1106565999943996,-1,12000,3
47,3,odd,truth,correct,correct,500,-3,2,open,1.0007273999945028,2,12500,5
48,5,odd,lie,correct,wrong,-500,-3,1,open,0.8312827000045218,-3,12000,0
49,1,odd,truth,correct,correct,500,-2,3,not_open,1.1698120999935782,-1,12500,3
50,2,odd,truth,wrong,wrong,-500,-2,1,open,0.8417221999989124,1,12000,4
51,2,odd,lie,wrong,correct,500,-3,3,not_open,0.9856335999938892,-1,12500,3
52,1,odd,lie,correct,wrong,-500,-3,1,open,1.4941035000083502,-3,12000,0
53,3,odd,truth,correct,correct,500,-3,2,open,1.6727940999990096,2,12500,5
54,3,odd,truth,correct,correct,500,-1,1,open,1.076110800000606,1,13000,4
