trials,dice,user_choice_odd-even,whether_to_lie,actual_answer,dealer_answer,initial_reward,open_reward,open_penalty,user_response_open,choice_rt,choice_reward,balance
1,4,odd,truth,wrong,wrong,-500,84,-48,open,7.742946100013796,-48,9452
2,3,odd,lie,correct,wrong,-500,84,-84,not_open,8.96696749998955,-1,8952
3,6,even,lie,correct,wrong,-500,48,-48,open,8.534524499962572,48,8500
4,6,odd,truth,wrong,wrong,-500,84,-48,not_open,9.399949999991804,-1,8000
5,4,even,lie,correct,wrong,-500,189,-84,open,4.383542700030375,189,7689
6,4,even,lie,correct,wrong,-500,189,-48,not_open,2.5396601000102237,-1,7189
7,4,odd,lie,wrong,correct,500,48,-84,not_open,3.025337999977637,-1,7689
8,2,even,lie,correct,wrong,-500,84,-84,not_open,3.2307991000125185,-1,7189
9,4,odd,truth,wrong,wrong,-500,84,-48,open,4.164766900008544,-48,6641
10,4,even,truth,correct,correct,500,84,-189,not_open,4.262473599985242,-1,7141
11,2,even,lie,correct,wrong,-500,84,-48,open,5.7450796000193805,84,6725
12,1,even,lie,wrong,correct,500,189,-189,not_open,1.0384136000066064,-1,7225
13,4,even,lie,correct,wrong,-500,48,-84,open,2.018858299998101,48,6773
14,6,even,lie,correct,wrong,-500,189,-84,open,5.913434899994172,189,6462
15,5,even,lie,wrong,correct,500,48,-48,not_open,2.4487669999944046,-1,6962
16,6,odd,truth,wrong,wrong,-500,189,-84,open,1.6261289999820292,-84,6378
17,2,even,lie,correct,wrong,-500,189,-84,open,4.293492199969478,189,6067
18,1,even,lie,wrong,correct,500,48,-84,not_open,1.6983415000140667,-1,6567
19,4,odd,truth,wrong,wrong,-500,48,-189,open,2.7533861999982037,-189,5878
20,2,even,lie,correct,wrong,-500,48,-84,not_open,4.234262700018007,-1,5378
21,5,odd,truth,correct,correct,500,189,-48,open,3.1775452999863774,-48,5830
22,5,even,truth,wrong,wrong,-500,48,-189,not_open,5.054974200029392,-1,5330
23,4,odd,truth,wrong,wrong,-500,48,-189,not_open,3.3666226000059396,-1,4830
24,1,even,truth,wrong,wrong,-500,84,-84,open,3.376053500047419,-84,4246
25,4,even,truth,correct,correct,500,48,-48,not_open,1.4011313999653794,-1,4746
26,6,odd,lie,wrong,correct,500,84,-84,not_open,1.5236745000001974,-1,5246
27,1,odd,lie,correct,wrong,-500,189,-189,open,3.3557639000355266,189,4935
28,4,even,truth,correct,correct,500,189,-48,not_open,3.6949654999771155,-1,5435
29,3,odd,lie,correct,wrong,-500,84,-84,not_open,1.9930033000418916,-1,4935
30,6,odd,truth,wrong,wrong,-500,189,-189,not_open,3.8503728000214323,-1,4435
31,3,even,truth,wrong,wrong,-500,84,-189,open,2.783441700041294,-189,3746
32,2,odd,lie,wrong,correct,500,48,-189,not_open,1.3963075999636203,-1,4246
33,5,odd,truth,correct,correct,500,48,-84,not_open,1.7556807000073604,-1,4746
34,3,odd,lie,correct,wrong,-500,189,-189,not_open,1.2222782999742776,-1,4246
35,3,even,truth,wrong,wrong,-500,189,-84,open,3.0465834999922663,-84,3662
36,1,even,lie,wrong,correct,500,84,-189,not_open,3.2306162000168115,-1,4162
37,5,odd,truth,correct,correct,500,189,-48,not_open,2.158223000005819,-1,4662
38,5,odd,lie,correct,wrong,-500,48,-84,not_open,5.679421500011813,-1,4162
39,3,even,truth,wrong,wrong,-500,48,-48,not_open,1.151624999998603,-1,3662
40,6,odd,lie,wrong,correct,500,48,-48,not_open,1.5748836999991909,-1,4162
41,6,odd,lie,wrong,correct,500,84,-48,not_open,3.2498373000416905,-1,4662
42,5,even,lie,wrong,correct,500,84,-189,not_open,0.857881499978248,-1,5162
43,4,odd,truth,wrong,wrong,-500,48,-189,not_open,8.688387899950612,-1,4662
44,5,odd,truth,correct,correct,500,48,-189,not_open,0.2365540000027977,-1,5162
45,2,even,lie,correct,wrong,-500,48,-48,not_open,1.184765600017272,-1,4662
46,3,odd,lie,correct,wrong,-500,189,-84,open,3.4524312999565154,189,4351
47,3,even,lie,wrong,correct,500,84,-189,not_open,2.136588800000027,-1,4851
48,6,odd,truth,wrong,wrong,-500,189,-189,not_open,3.3382902999874204,-1,4351
49,3,even,lie,wrong,correct,500,189,-189,not_open,1.7974829000304453,-1,4851
50,3,odd,lie,correct,wrong,-500,189,-48,open,2.130043300043326,189,4540
51,4,odd,lie,wrong,correct,500,84,-84,not_open,0.4914215999888256,-1,5040
52,4,odd,truth,wrong,wrong,-500,84,-48,open,2.6440386999747716,-48,4492
53,3,even,lie,wrong,correct,500,84,-189,not_open,4.32783650001511,-1,4992
54,2,even,truth,correct,correct,500,189,-48,not_open,1.8155372000182979,-1,5492
