trials,dice,user_choice_odd-even,whether_to_lie,actual_answer,dealer_answer,initial_reward,open_reward,open_penalty,user_response_open,choice_rt,choice_reward,balance,peg_balance
1,1,even,lie,wrong,correct,500,-2,3,not_open,11.59841239999514,-1,10500,3
2,6,even,lie,correct,wrong,-500,-2,2,open,5.483069100009743,-2,10000,1
3,5,odd,truth,correct,correct,500,-2,1,open,7.177644199982751,1,10500,4
4,1,even,lie,wrong,correct,500,-2,2,not_open,8.351266400015447,-1,11000,3
5,6,even,lie,correct,wrong,-500,-3,3,open,5.6645209999987856,-3,10500,0
6,2,odd,truth,wrong,wrong,-500,-2,3,open,6.8001105999574065,3,10000,6
7,6,odd,lie,wrong,correct,500,-1,3,not_open,3.3182792000006884,-1,10500,3
8,4,even,lie,correct,wrong,-500,-2,1,open,4.1815381000051275,-2,10000,1
9,4,odd,truth,wrong,wrong,-500,-2,3,open,2.012501400022302,3,9500,6
10,3,even,truth,wrong,wrong,-500,-3,1,open,2.645188499998767,1,9000,4
11,2,odd,lie,wrong,correct,500,-3,1,not_open,2.8051848000031896,-1,9500,3
12,4,even,truth,correct,correct,500,-2,1,open,3.63548759999685,1,10000,4
13,2,even,lie,correct,wrong,-500,-3,3,not_open,1.669157800031826,-1,9500,3
14,6,odd,truth,wrong,wrong,-500,-2,2,open,5.468584000016563,2,9000,5
15,3,even,lie,wrong,correct,500,-2,3,not_open,6.128813299990725,-1,9500,3
16,3,odd,truth,correct,correct,500,-3,2,not_open,1.988797199970577,-1,10000,3
17,5,even,truth,wrong,wrong,-500,-2,1,open,3.617995099979453,1,9500,4
18,2,even,truth,correct,correct,500,-3,3,not_open,1.6681515999953263,-1,10000,3
19,1,odd,lie,correct,wrong,-500,-1,2,open,4.085329399968032,-1,9500,2
20,5,odd,lie,correct,wrong,-500,-1,2,not_open,1.367711800034158,-1,9000,3
21,1,even,lie,wrong,correct,500,-2,1,open,6.767483800009359,-2,9500,1
22,1,even,lie,wrong,correct,500,-3,1,open,3.781355799990706,-3,10000,0
23,4,even,lie,correct,wrong,-500,-2,2,not_open,3.102585699991323,-1,9500,3
24,4,even,truth,correct,correct,500,-1,1,not_open,1.6385888999793679,-1,10000,3
25,4,odd,lie,wrong,correct,500,-1,2,not_open,9.581738900044002,-1,10500,3
26,6,even,lie,correct,wrong,-500,-3,2,open,2.2784199999878183,-3,10000,0
27,6,odd,lie,wrong,correct,500,-3,1,open,4.882943700009491,-3,10500,0
28,4,even,lie,correct,wrong,-500,-2,3,not_open,2.431527700042352,-1,10000,3
29,6,odd,truth,wrong,wrong,-500,-3,2,open,3.1182677000178955,2,9500,5
30,4,odd,lie,wrong,correct,500,-1,2,not_open,1.3341654000105336,-1,10000,3
31,3,even,truth,wrong,wrong,-500,-3,2,open,1.2871969999978319,2,9500,5
32,3,odd,truth,correct,correct,500,-1,3,not_open,2.434252100007143,-1,10000,3
33,3,even,truth,wrong,wrong,-500,-2,1,open,2.398626099980902,1,9500,4
34,2,even,lie,correct,wrong,-500,-3,3,open,1.292876499996055,-3,9000,0
35,3,odd,truth,correct,correct,500,-1,1,not_open,1.0564936000155285,-1,9500,3
36,5,even,lie,wrong,correct,500,-1,3,not_open,4.987516799999867,-1,10000,3
37,4,odd,lie,wrong,correct,500,-3,2,open,1.9502384000224993,-3,10500,0
38,1,even,lie,wrong,correct,500,-1,3,not_open,2.7356211000005715,-1,11000,3
39,2,odd,truth,wrong,wrong,-500,-3,3,not_open,3.2278140999842435,-1,10500,3
40,1,even,truth,wrong,wrong,-500,-1,2,open,2.02742890000809,2,10000,5
41,5,even,lie,wrong,correct,500,-2,2,not_open,3.241610600030981,-1,10500,3
42,6,odd,lie,wrong,correct,500,-3,1,open,1.941096100024879,-3,11000,0
43,6,odd,truth,wrong,wrong,-500,-1,3,not_open,1.6967232000315562,-1,10500,3
44,4,even,truth,correct,correct,500,-1,1,not_open,4.731823300011456,-1,11000,3
45,2,odd,lie,wrong,correct,500,-1,2,not_open,5.242213399964385,-1,11500,3
46,2,even,lie,correct,wrong,-500,-3,3,open,1.3465205000247806,-3,11000,0
47,6,even,truth,correct,correct,500,-1,1,open,1.327810499991756,1,11500,4
48,4,odd,lie,wrong,correct,500,-1,3,not_open,2.388571400020737,-1,12000,3
49,3,odd,truth,correct,correct,500,-1,1,open,1.5218117000185885,1,12500,4
50,2,even,truth,correct,correct,500,-1,1,open,2.3944407000089996,1,13000,4
51,4,even,truth,correct,correct,500,-2,2,not_open,1.6671900999499485,-1,13500,3
52,6,odd,lie,wrong,correct,500,-2,3,not_open,1.8389803000027314,-1,14000,3
53,2,even,lie,correct,wrong,-500,-3,1,open,1.8802942000329494,-3,13500,0
54,5,odd,truth,correct,correct,500,-3,2,open,2.301714799948968,2,14000,5
