trials,dice,user_choice_odd-even,whether_to_lie,actual_answer,dealer_answer,initial_reward,open_reward,open_penalty,user_response_open,choice_rt,choice_reward,balance,peg_balance
1,2,even,lie,correct,wrong,-500,-3,3,open,6.184569500001089,-3,9500,0
2,3,odd,lie,correct,wrong,-500,-3,3,open,2.6413754999957746,-3,9000,0
3,2,even,lie,correct,wrong,-500,-2,2,open,5.9856512999976985,-2,8500,1
4,1,even,lie,wrong,correct,500,-3,3,not_open,3.022377499997674,-1,9000,3
5,1,odd,lie,correct,wrong,-500,-1,2,not_open,13.263609499997983,-1,8500,3
6,3,odd,lie,correct,wrong,-500,-1,1,open,3.4462780999965617,-1,8000,2
7,2,odd,lie,wrong,correct,500,-2,2,open,3.3327063000033377,-2,8500,1
8,6,odd,truth,wrong,wrong,-500,-2,1,open,1.7517968000029214,1,8000,4
9,3,even,lie,wrong,correct,500,-2,3,not_open,4.293979499998386,-1,8500,3
10,3,odd,lie,correct,wrong,-500,-3,1,open,3.996755399995891,-3,8000,0
11,6,odd,truth,wrong,wrong,-500,-1,3,not_open,3.913624399996479,-1,7500,3
12,4,even,lie,correct,wrong,-500,-2,3,not_open,5.7202080999995815,-1,7000,3
13,4,odd,truth,wrong,wrong,-500,-2,3,open,3.1898331999982474,3,6500,6
14,5,odd,lie,correct,wrong,-500,-1,3,not_open,2.565958799998043,-1,6000,3
15,4,even,lie,correct,wrong,-500,-3,3,open,1.7342234999960056,-3,5500,0
16,1,odd,lie,correct,wrong,-500,-1,1,not_open,2.292894399994111,-1,5000,3
17,3,odd,lie,correct,wrong,-500,-3,2,open,3.174591599999985,-3,4500,0
18,5,odd,lie,correct,wrong,-500,-3,2,open,2.1169941000043764,-3,4000,0
19,3,odd,truth,correct,correct,500,-2,2,open,13.619366300001275,2,4500,5
20,3,odd,lie,correct,wrong,-500,-3,2,open,1.14786230000027,-3,4000,0
21,3,odd,truth,correct,correct,500,-2,3,not_open,1.9885763999991468,-1,4500,3
22,6,odd,truth,wrong,wrong,-500,-3,2,open,3.6127255000028526,2,4000,5
23,5,odd,lie,correct,wrong,-500,-3,1,open,1.780890799993358,-3,3500,0
24,1,odd,truth,correct,correct,500,-1,1,not_open,3.194133299999521,-1,4000,3
25,6,odd,lie,wrong,correct,500,-3,2,open,3.3372816999981296,-3,4500,0
26,3,odd,truth,correct,correct,500,-1,2,not_open,2.663840400004119,-1,5000,3
27,4,odd,truth,wrong,wrong,-500,-2,3,not_open,2.202246100001503,-1,4500,3
28,3,even,lie,wrong,correct,500,-1,2,not_open,4.308123599999817,-1,5000,3
29,3,odd,lie,correct,wrong,-500,-1,3,not_open,2.010470199995325,-1,4500,3
30,4,odd,truth,wrong,wrong,-500,-3,2,open,4.258125799999107,2,4000,5
31,6,odd,truth,wrong,wrong,-500,-3,1,open,2.191982199998165,1,3500,4
32,5,odd,truth,correct,correct,500,-3,1,open,2.211130499999854,1,4000,4
33,1,odd,truth,correct,correct,500,-1,3,not_open,2.2045295999996597,-1,4500,3
34,2,odd,truth,wrong,wrong,-500,-3,1,open,2.1593319999956293,1,4000,4
35,5,even,truth,wrong,wrong,-500,-1,1,open,2.8791542000035406,1,3500,4
36,3,odd,truth,correct,correct,500,-1,3,not_open,1.6328564999930677,-1,4000,3
37,5,odd,truth,correct,correct,500,-2,2,open,3.338882599993667,2,4500,5
38,6,even,lie,correct,wrong,-500,-2,3,not_open,1.5730562000026111,-1,4000,3
39,2,odd,truth,wrong,wrong,-500,-2,2,open,7.3437791999967885,2,3500,5
40,1,even,truth,wrong,wrong,-500,-1,2,not_open,2.0204166999974404,-1,3000,3
41,4,even,truth,correct,correct,500,-2,1,open,2.476986699999543,1,3500,4
42,3,even,lie,wrong,correct,500,-2,2,not_open,0.8488605999955325,-1,4000,3
43,2,odd,truth,wrong,wrong,-500,-2,1,open,1.7816364999962389,1,3500,4
44,2,even,lie,correct,wrong,-500,-1,1,open,3.7404282999996212,-1,3000,2
45,6,odd,lie,wrong,correct,500,-3,1,open,2.3903827000031015,-3,3500,0
46,1,even,truth,wrong,wrong,-500,-1,1,open,1.370645599999989,1,3000,4
47,1,odd,lie,correct,wrong,-500,-3,3,open,3.8016745999993873,-3,2500,0
48,1,odd,truth,correct,correct,500,-3,3,open,3.033674099999189,3,3000,6
49,5,odd,truth,correct,correct,500,-2,1,open,2.136039199998777,1,3500,4
50,4,even,lie,correct,wrong,-500,-2,1,open,1.8671782999954303,-2,3000,1
51,6,even,lie,correct,wrong,-500,-1,3,not_open,2.5633167999985744,-1,2500,3
52,4,even,truth,correct,correct,500,-2,1,open,3.2556418999956804,1,3000,4
53,3,even,truth,wrong,wrong,-500,-1,2,not_open,1.7151582000005874,-1,2500,3
54,5,odd,lie,correct,wrong,-500,-1,2,not_open,2.5026832000003196,-1,2000,3
