trials,dice,user_choice_odd-even,whether_to_lie,actual_answer,dealer_answer,initial_reward,open_reward,open_penalty,user_response_open,choice_rt,choice_reward,balance
1,2,even,lie,correct,wrong,-500,64,-150,open,12.88956060000055,64,9564
2,6,odd,truth,wrong,wrong,-500,189,-189,open,4.172615199997381,-189,8875
3,2,even,lie,correct,wrong,-500,150,-64,open,2.9850488000010955,150,8525
4,1,odd,lie,correct,wrong,-500,189,-64,open,1.8985629999951925,189,8214
5,6,odd,lie,wrong,correct,500,189,-64,open,5.656961300002877,189,8903
6,6,even,truth,correct,correct,500,64,-150,open,1.5737410000001546,-150,9253
7,6,odd,truth,wrong,wrong,-500,150,-150,open,1.766457600002468,-150,8603
8,6,even,lie,correct,wrong,-500,189,-189,open,7.688853400002699,189,8292
9,3,even,lie,wrong,correct,500,64,-189,not_open,3.7121068999986164,-1,8792
10,5,even,truth,wrong,wrong,-500,64,-189,not_open,4.6690142000006745,-1,8292
11,2,odd,truth,wrong,wrong,-500,150,-189,open,4.859858799994981,-189,7603
12,2,odd,lie,wrong,correct,500,189,-150,open,2.8128390000056243,189,8292
13,2,odd,lie,wrong,correct,500,150,-150,open,3.151372699998319,150,8942
14,6,odd,lie,wrong,correct,500,64,-64,not_open,3.606422899996687,-1,9442
15,5,odd,lie,correct,wrong,-500,189,-189,not_open,3.931038799993985,-1,8942
16,2,odd,truth,wrong,wrong,-500,150,-64,open,1.5537403999987873,-64,8378
17,1,even,lie,wrong,correct,500,150,-64,open,1.1358991000015521,150,9028
18,3,even,truth,wrong,wrong,-500,150,-189,open,2.8280202000023564,-189,8339
19,4,odd,truth,wrong,wrong,-500,189,-189,open,1.716349899994384,-189,7650
20,2,odd,lie,wrong,correct,500,189,-150,open,1.383320000000822,189,8339
21,1,odd,truth,correct,correct,500,189,-150,open,2.3051618000026792,-150,8689
22,1,even,lie,wrong,correct,500,150,-189,open,3.482238199998392,150,9339
23,2,even,lie,correct,wrong,-500,64,-150,open,1.9087830999997095,64,8903
24,6,odd,lie,wrong,correct,500,64,-189,not_open,1.6002905999994255,-1,9403
25,5,odd,lie,correct,wrong,-500,150,-150,open,2.3199781000002986,150,9053
26,2,even,truth,correct,correct,500,150,-150,open,2.2704308000029414,-150,9403
27,2,odd,truth,wrong,wrong,-500,189,-150,open,2.7851775999952224,-150,8753
28,5,even,lie,wrong,correct,500,189,-64,open,1.7258113000061712,189,9442
29,1,even,lie,wrong,correct,500,189,-189,open,2.3488843999948585,189,10131
30,4,odd,lie,wrong,correct,500,64,-64,not_open,1.9499644000025,-1,10631
31,1,odd,truth,correct,correct,500,64,-64,not_open,1.5122928999990108,-1,11131
32,6,odd,truth,wrong,wrong,-500,189,-64,open,1.4821001000018441,-64,10567
33,5,odd,truth,correct,correct,500,64,-64,not_open,1.7920997999972315,-1,11067
34,5,odd,lie,correct,wrong,-500,64,-64,not_open,2.7191348999986076,-1,10567
35,6,odd,truth,wrong,wrong,-500,150,-64,open,1.078360600004089,-64,10003
36,3,odd,lie,correct,wrong,-500,189,-150,open,2.1404704000015045,189,9692
37,5,odd,lie,correct,wrong,-500,150,-64,open,3.3587688999978127,150,9342
38,2,odd,lie,wrong,correct,500,64,-189,not_open,1.6158514999988256,-1,9842
39,4,odd,truth,wrong,wrong,-500,150,-189,open,2.7682451000000583,-189,9153
40,6,even,truth,correct,correct,500,150,-189,not_open,5.627787700002955,-1,9653
41,1,odd,lie,correct,wrong,-500,150,-150,open,1.1746196000021882,150,9303
42,3,even,lie,wrong,correct,500,189,-64,open,2.297032599999511,189,9992
43,5,even,truth,wrong,wrong,-500,64,-64,not_open,1.0715515999982017,-1,9492
44,1,odd,lie,correct,wrong,-500,189,-150,open,1.3416782999993302,189,9181
45,5,odd,lie,correct,wrong,-500,64,-150,not_open,1.7278172000005725,-1,8681
46,4,even,lie,correct,wrong,-500,150,-189,open,0.6053931999995257,150,8331
47,1,even,truth,wrong,wrong,-500,64,-189,not_open,1.4474139000012656,-1,7831
48,5,odd,truth,correct,correct,500,64,-189,not_open,1.0443658999938634,-1,8331
49,5,odd,lie,correct,wrong,-500,189,-189,open,1.530074499998591,189,8020
50,6,odd,lie,wrong,correct,500,64,-150,not_open,1.211243799996737,-1,8520
51,6,odd,lie,wrong,correct,500,64,-150,not_open,1.087795500003267,-1,9020
52,2,odd,lie,wrong,correct,500,150,-64,open,2.092654699998093,150,9670
53,1,odd,truth,correct,correct,500,189,-64,open,3.3706067000020994,-64,10106
54,5,even,truth,wrong,wrong,-500,150,-150,not_open,5.553524100003415,-1,9606
