trials,dice,user_choice_odd-even,whether_to_lie,actual_answer,dealer_answer,initial_reward,open_reward,open_penalty,user_response_open,choice_rt,choice_reward,balance
1,5,even,lie,wrong,correct,500,6,-16,not_open,10.210694700013846,-1,10500
2,3,even,truth,wrong,wrong,-500,6,-6,open,4.469826300046407,-6,9994
3,2,even,lie,correct,wrong,-500,16,-10,open,11.700623600045219,16,9510
4,6,even,lie,correct,wrong,-500,6,-10,not_open,4.687006799969822,-1,9010
5,2,even,lie,correct,wrong,-500,10,-10,open,7.4709198999917135,10,8520
6,3,odd,lie,correct,wrong,-500,10,-10,open,2.7441335000330582,10,8030
7,1,odd,truth,correct,correct,500,6,-6,not_open,2.718354200012982,-1,8530
8,1,even,lie,wrong,correct,500,6,-10,not_open,1.7727493999991566,-1,9030
9,2,odd,lie,wrong,correct,500,10,-16,not_open,1.3701927000656724,-1,9530
10,6,even,truth,correct,correct,500,10,-6,not_open,0.6168820000020787,-1,10030
11,4,odd,lie,wrong,correct,500,16,-6,not_open,0.6158192999428138,-1,10530
12,5,even,truth,wrong,wrong,-500,10,-16,open,2.774752500001341,-16,10014
13,1,even,truth,wrong,wrong,-500,16,-16,open,2.0593294000718743,-16,9498
14,2,odd,truth,wrong,wrong,-500,6,-16,not_open,2.8902657000580803,-1,8998
15,2,even,lie,correct,wrong,-500,16,-16,open,1.0070916000986472,16,8514
16,5,even,lie,wrong,correct,500,16,-10,not_open,0.4412362000439316,-1,9014
17,1,even,lie,wrong,correct,500,10,-16,not_open,1.5078190999338403,-1,9514
18,2,even,lie,correct,wrong,-500,6,-16,not_open,6.545919400057755,-1,9014
19,6,odd,lie,wrong,correct,500,10,-16,not_open,0.45191699999850243,-1,9514
20,3,even,truth,wrong,wrong,-500,10,-10,open,1.2552931000245735,-10,9004
21,1,even,truth,wrong,wrong,-500,10,-6,open,4.260010299971327,-6,8498
22,5,odd,truth,correct,correct,500,6,-16,not_open,0.4600597999524325,-1,8998
23,1,even,lie,wrong,correct,500,10,-10,not_open,2.3764935999643058,-1,9498
24,1,odd,truth,correct,correct,500,10,-6,not_open,0.5884357000468299,-1,9998
25,2,odd,lie,wrong,correct,500,6,-10,not_open,1.1753268000902608,-1,10498
26,3,even,truth,wrong,wrong,-500,10,-10,open,1.0662571000866592,-10,9988
27,6,even,lie,correct,wrong,-500,16,-6,open,3.5096112999599427,16,9504
28,1,even,lie,wrong,correct,500,16,-6,not_open,0.33019769995007664,-1,10004
29,5,odd,truth,correct,correct,500,16,-6,not_open,0.6972508999751881,-1,10504
30,5,even,truth,wrong,wrong,-500,6,-6,open,1.062464699964039,-6,9998
31,5,odd,lie,correct,wrong,-500,16,-10,open,2.5023583999136463,16,9514
32,2,odd,lie,wrong,correct,500,6,-10,not_open,0.8361369000049308,-1,10014
33,4,even,lie,correct,wrong,-500,6,-6,open,1.1146897000726312,6,9520
34,5,even,lie,wrong,correct,500,16,-6,not_open,1.023409100016579,-1,10020
35,3,even,lie,wrong,correct,500,6,-16,not_open,1.0044977000216022,-1,10520
36,3,odd,lie,correct,wrong,-500,16,-16,open,1.4836202999576926,16,10036
37,1,even,lie,wrong,correct,500,10,-6,not_open,0.963009100058116,-1,10536
38,4,even,lie,correct,wrong,-500,6,-6,open,1.0103077000239864,6,10042
39,5,even,truth,wrong,wrong,-500,16,-16,open,1.2369846999645233,-16,9526
40,1,odd,truth,correct,correct,500,10,-6,not_open,1.154032599995844,-1,10026
41,6,even,lie,correct,wrong,-500,10,-16,open,3.991792200016789,10,9536
42,1,even,lie,wrong,correct,500,6,-10,not_open,0.7815292000304908,-1,10036
43,1,odd,truth,correct,correct,500,16,-10,not_open,0.9086657000007108,-1,10536
44,5,even,truth,wrong,wrong,-500,16,-10,open,2.121384800062515,-10,10026
45,1,even,truth,wrong,wrong,-500,16,-16,open,1.481839400017634,-16,9510
46,3,even,lie,wrong,correct,500,6,-10,not_open,1.6856563000474125,-1,10010
47,2,even,truth,correct,correct,500,16,-6,not_open,0.3200628999620676,-1,10510
48,2,odd,truth,wrong,wrong,-500,16,-10,open,2.3523430000059307,-10,10000
49,2,even,lie,correct,wrong,-500,6,-6,open,0.9795950999250636,6,9506
50,6,odd,truth,wrong,wrong,-500,6,-16,not_open,1.6582577000372112,-1,9006
51,5,odd,lie,correct,wrong,-500,10,-6,open,3.378034600056708,10,8516
52,4,even,truth,correct,correct,500,10,-16,not_open,0.24632509995717555,-1,9016
53,1,even,lie,wrong,correct,500,10,-10,not_open,0.21499599993694574,-1,9516
54,3,odd,truth,correct,correct,500,16,-16,not_open,0.3411189999897033,-1,10016
