trials,dice,user_choice_odd-even,whether_to_lie,actual_answer,dealer_answer,initial_reward,open_reward,open_penalty,user_response_open,choice_rt,choice_reward,balance,peg_balance
1,6,even,truth,correct,correct,500,-1,1,not_open,1.0845741999801248,-1,10500,3
2,1,even,lie,wrong,correct,500,-1,1,open,3.3957872999599203,-1,11000,2
3,3,even,truth,wrong,wrong,-500,-2,3,not_open,1.2837519999593496,-1,10500,3
4,3,even,lie,wrong,correct,500,-2,2,open,2.816611499991268,-2,11000,1
5,3,even,lie,wrong,correct,500,-1,3,not_open,0.8005951000377536,-1,11500,3
6,3,odd,lie,correct,wrong,-500,-2,1,open,0.819542600074783,-2,11000,1
7,3,even,truth,wrong,wrong,-500,-3,3,open,0.755324500030838,3,10500,6
8,6,even,truth,correct,correct,500,-2,3,not_open,1.2423847999889404,-1,11000,3
9,2,odd,lie,wrong,correct,500,-2,2,open,0.6211592999752611,-2,11500,1
10,3,even,truth,wrong,wrong,-500,-3,1,open,0.18153539998456836,1,11000,4
11,6,even,lie,correct,wrong,-500,-3,3,not_open,1.7560846999986097,-1,10500,3
12,1,even,lie,wrong,correct,500,-1,1,not_open,1.267917099990882,-1,11000,3
13,6,even,truth,correct,correct,500,-3,1,open,4.064001899911091,1,11500,4
14,3,even,lie,wrong,correct,500,-3,2,open,1.970663300016895,-3,12000,0
15,4,odd,lie,wrong,correct,500,-3,2,open,1.125718199997209,-3,12500,0
16,4,odd,truth,wrong,wrong,-500,-3,1,open,3.8426715000532568,1,12000,4
17,2,even,truth,correct,correct,500,-2,1,open,2.1339061999460682,1,12500,4
18,5,even,truth,wrong,wrong,-500,-1,2,open,3.5518960000481457,2,12000,5
19,6,even,truth,correct,correct,500,-3,1,open,1.4222236999776214,1,12500,4
20,4,even,truth,correct,correct,500,-3,2,open,1.2404406000860035,2,13000,5
21,5,even,lie,wrong,correct,500,-2,2,not_open,0.6477996000321582,-1,13500,3
22,4,odd,lie,wrong,correct,500,-2,2,open,2.781750699970871,-2,14000,1
23,1,even,lie,wrong,correct,500,-3,2,open,1.147204800043255,-3,14500,0
24,1,even,lie,wrong,correct,500,-2,3,not_open,3.9124457000289112,-1,15000,3
25,5,even,truth,wrong,wrong,-500,-2,1,open,1.4532707000616938,1,14500,4
26,2,even,truth,correct,correct,500,-1,3,not_open,3.380460900021717,-1,15000,3
27,3,even,truth,wrong,wrong,-500,-3,3,open,1.5641088000265881,3,14500,6
28,3,even,truth,wrong,wrong,-500,-1,2,open,1.613733800011687,2,14000,5
29,3,odd,truth,correct,correct,500,-3,2,open,1.163662400096655,2,14500,5
30,6,odd,lie,wrong,correct,500,-1,3,not_open,1.4616360999643803,-1,15000,3
31,5,even,truth,wrong,wrong,-500,-3,3,not_open,1.709793800022453,-1,14500,3
32,6,even,lie,correct,wrong,-500,-3,2,not_open,2.2030459000961855,-1,14000,3
33,5,odd,truth,correct,correct,500,-3,3,open,3.3821536999894306,3,14500,6
34,4,even,truth,correct,correct,500,-2,1,not_open,0.469564100028947,-1,15000,3
35,3,even,lie,wrong,correct,500,-1,1,not_open,0.7277115000179037,-1,15500,3
36,4,even,truth,correct,correct,500,-2,3,not_open,2.527461800025776,-1,16000,3
37,5,even,lie,wrong,correct,500,-2,3,not_open,1.789460300002247,-1,16500,3
38,6,odd,lie,wrong,correct,500,-1,3,not_open,2.340030899969861,-1,17000,3
39,6,odd,truth,wrong,wrong,-500,-1,2,not_open,2.336494499933906,-1,16500,3
40,3,odd,lie,correct,wrong,-500,-2,2,not_open,1.5113539999583736,-1,16000,3
41,2,even,truth,correct,correct,500,-2,1,open,1.757866800064221,1,16500,4
42,6,even,truth,correct,correct,500,-1,2,not_open,1.2408208000706509,-1,17000,3
43,1,even,truth,wrong,wrong,-500,-1,3,not_open,0.3127811000449583,-1,16500,3
44,3,even,truth,wrong,wrong,-500,-1,1,open,1.9045211999909952,1,16000,4
45,3,even,truth,wrong,wrong,-500,-3,1,not_open,0.6053899000398815,-1,15500,3
46,4,odd,lie,wrong,correct,500,-1,3,not_open,1.501765099936165,-1,16000,3
47,1,odd,truth,correct,correct,500,-1,1,not_open,2.3587653000140563,-1,16500,3
48,5,even,truth,wrong,wrong,-500,-1,2,not_open,1.8593159000156447,-1,16000,3
49,4,even,lie,correct,wrong,-500,-3,1,open,1.835602300008759,-3,15500,0
50,2,even,lie,correct,wrong,-500,-2,2,not_open,3.069922300055623,-1,15000,3
51,2,even,lie,correct,wrong,-500,-3,3,not_open,1.5821632000152022,-1,14500,3
52,5,even,lie,wrong,correct,500,-2,1,open,1.5717932999832556,-2,15000,1
53,1,even,lie,wrong,correct,500,-2,3,not_open,2.086120399995707,-1,15500,3
54,5,odd,lie,correct,wrong,-500,-1,2,not_open,2.9003609999781474,-1,15000,3
