trials,dice,user_choice_odd-even,whether_to_lie,actual_answer,dealer_answer,initial_reward,open_reward,open_penalty,user_response_open,choice_rt,choice_reward,balance
1,5,odd,lie,correct,wrong,-500,100,-300,open,4.384481500019319,100,9600
2,4,odd,lie,wrong,correct,500,300,-200,open,5.687981299939565,300,10400
3,1,odd,lie,correct,wrong,-500,300,-200,open,0.9703637999482453,300,10200
4,5,odd,truth,correct,correct,500,300,-300,open,0.5376979999709874,-300,10400
5,4,odd,lie,wrong,correct,500,200,-300,open,0.9450378000037745,200,11100
6,1,odd,lie,correct,wrong,-500,100,-300,open,0.48199739994015545,100,10700
7,4,odd,truth,wrong,wrong,-500,300,-300,open,0.9487615000689402,-300,9900
8,5,odd,truth,correct,correct,500,100,-100,open,0.827555900090374,-100,10300
9,1,odd,truth,correct,correct,500,300,-100,open,1.6294249999336898,-100,10700
10,5,even,lie,wrong,correct,500,200,-300,open,1.8377490000566468,200,11400
11,6,odd,lie,wrong,correct,500,100,-300,not_open,4.100884800078347,-1,11900
12,4,even,lie,correct,wrong,-500,300,-300,open,1.8981548000592738,300,11700
13,1,even,truth,wrong,wrong,-500,200,-100,open,1.8406579000875354,-100,11100
14,1,odd,lie,correct,wrong,-500,100,-300,open,1.470163599937223,100,10700
15,3,even,truth,wrong,wrong,-500,200,-100,open,2.5711960999760777,-100,10100
16,5,even,lie,wrong,correct,500,300,-100,open,2.262929999968037,300,10900
17,3,odd,truth,correct,correct,500,200,-200,open,1.1588751999661326,-200,11200
18,2,odd,truth,wrong,wrong,-500,100,-100,open,0.4474163999548182,-100,10600
19,2,even,truth,correct,correct,500,100,-200,open,2.8192545999772847,-200,10900
20,1,even,lie,wrong,correct,500,200,-100,open,1.3051598999882117,200,11600
21,1,even,lie,wrong,correct,500,200,-100,open,3.2736477999715135,200,12300
22,6,odd,truth,wrong,wrong,-500,200,-200,open,1.9235831999685615,-200,11600
23,4,even,lie,correct,wrong,-500,200,-200,open,0.951196699985303,200,11300
24,5,odd,truth,correct,correct,500,300,-200,open,0.8238045000471175,-200,11600
25,1,even,truth,wrong,wrong,-500,100,-100,open,2.4104964000871405,-100,11000
26,5,even,lie,wrong,correct,500,300,-200,open,1.0586412999546155,300,11800
27,3,odd,truth,correct,correct,500,100,-200,not_open,2.7729407999431714,-1,12300
28,3,even,lie,wrong,correct,500,300,-100,open,1.0965798000106588,300,13100
29,1,even,lie,wrong,correct,500,100,-200,open,1.1070798999862745,100,13700
30,4,even,truth,correct,correct,500,300,-100,open,0.4839524000417441,-100,14100
31,4,odd,truth,wrong,wrong,-500,300,-100,open,0.7467479000333697,-100,13500
32,1,even,truth,wrong,wrong,-500,200,-200,open,1.4351854999549687,-200,12800
33,5,even,lie,wrong,correct,500,200,-200,open,2.0116128000663593,200,13500
34,2,odd,lie,wrong,correct,500,100,-200,not_open,1.2000267000403255,-1,14000
35,4,odd,truth,wrong,wrong,-500,100,-200,open,1.0948669998906553,-200,13300
36,3,even,lie,wrong,correct,500,100,-300,not_open,1.2199910000199452,-1,13800
37,3,odd,lie,correct,wrong,-500,300,-200,open,0.5637066999915987,300,13600
38,1,even,lie,wrong,correct,500,200,-100,open,1.198142800014466,200,14300
39,1,even,lie,wrong,correct,500,200,-100,open,1.1070491999853402,200,15000
40,2,even,truth,correct,correct,500,200,-200,open,1.0690445000072941,-200,15300
41,2,odd,truth,wrong,wrong,-500,200,-300,open,1.0317690999945626,-300,14500
42,3,odd,lie,correct,wrong,-500,300,-200,open,0.9625958000542596,300,14300
43,3,even,lie,wrong,correct,500,100,-200,not_open,1.7214165000477806,-1,14800
44,4,odd,lie,wrong,correct,500,300,-300,open,2.233890000032261,300,15600
45,2,odd,lie,wrong,correct,500,100,-300,not_open,0.9298624000512064,-1,16100
46,5,odd,lie,correct,wrong,-500,100,-100,open,1.1828056001104414,100,15700
47,1,odd,lie,correct,wrong,-500,300,-300,open,1.4304899999406189,300,15500
48,1,even,truth,wrong,wrong,-500,300,-300,open,0.301538800005801,-300,14700
49,4,odd,truth,wrong,wrong,-500,100,-100,open,0.7768453999888152,-100,14100
50,2,odd,truth,wrong,wrong,-500,200,-300,open,0.7704460999229923,-300,13300
51,6,odd,lie,wrong,correct,500,200,-300,not_open,1.130337700014934,-1,13800
52,2,odd,lie,wrong,correct,500,300,-100,open,0.832791700027883,300,14600
53,5,even,lie,wrong,correct,500,200,-300,not_open,1.0539093000115827,-1,15100
54,6,odd,lie,wrong,correct,500,100,-100,open,0.7322557000443339,100,15700
