trials,dice,user_choice_odd-even,whether_to_lie,actual_answer,dealer_answer,initial_reward,open_reward,open_penalty,user_response_open,choice_rt,choice_reward,balance,peg_balance
1,4,odd,truth,wrong,wrong,-500,-3,1,open,24.896871999953873,1,9500,4
2,5,odd,truth,correct,correct,500,-2,3,open,3.663015399943106,3,10000,6
3,1,odd,lie,correct,wrong,-500,-3,1,open,7.993945299996994,-3,9500,0
4,6,odd,truth,wrong,wrong,-500,-1,2,not_open,4.820502700051293,-1,9000,3
5,3,even,truth,wrong,wrong,-500,-1,3,open,7.152123900013976,3,8500,6
6,2,odd,lie,wrong,correct,500,-1,1,not_open,3.5574399000033736,-1,9000,3
7,5,even,truth,wrong,wrong,-500,-1,2,open,2.600341699901037,2,8500,5
8,3,even,truth,wrong,wrong,-500,-3,3,open,2.1541976999724284,3,8000,6
9,5,even,lie,wrong,correct,500,-2,1,open,7.451074399985373,-2,8500,1
10,3,odd,lie,correct,wrong,-500,-2,3,open,3.69709349994082,-2,8000,1
11,5,even,truth,wrong,wrong,-500,-1,1,open,1.1592416999628767,1,7500,4
12,5,even,truth,wrong,wrong,-500,-3,3,not_open,14.233323599910364,-1,7000,3
13,2,even,lie,correct,wrong,-500,-1,3,not_open,3.799711599946022,-1,6500,3
14,5,even,lie,wrong,correct,500,-2,3,not_open,1.8335658999858424,-1,7000,3
15,5,odd,lie,correct,wrong,-500,-1,1,open,1.6976727000437677,-1,6500,2
16,3,even,lie,wrong,correct,500,-1,2,not_open,1.4366561999777332,-1,7000,3
17,6,odd,lie,wrong,correct,500,-2,1,open,1.9340945999138057,-2,7500,1
18,6,even,lie,correct,wrong,-500,-2,2,open,1.4131409999681637,-2,7000,1
19,6,even,truth,correct,correct,500,-2,1,open,3.931367199984379,1,7500,4
20,6,even,truth,correct,correct,500,-3,3,not_open,3.575735699967481,-1,8000,3
21,3,odd,truth,correct,correct,500,-3,3,open,3.4117675999877974,3,8500,6
22,6,even,lie,correct,wrong,-500,-3,2,open,2.2002178999828175,-3,8000,0
23,1,even,lie,wrong,correct,500,-3,2,open,3.2728553999913856,-3,8500,0
24,1,odd,truth,correct,correct,500,-1,2,not_open,2.384130899910815,-1,9000,3
25,4,even,lie,correct,wrong,-500,-2,3,open,3.862489099963568,-2,8500,1
26,4,odd,truth,wrong,wrong,-500,-3,1,open,1.5130426000105217,1,8000,4
27,6,even,lie,correct,wrong,-500,-3,3,not_open,2.191097900038585,-1,7500,3
28,1,odd,truth,correct,correct,500,-2,2,not_open,1.2319139000028372,-1,8000,3
29,3,odd,lie,correct,wrong,-500,-2,2,open,1.4444765000371262,-2,7500,1
30,2,odd,lie,wrong,correct,500,-3,3,not_open,1.138652199995704,-1,8000,3
31,6,odd,truth,wrong,wrong,-500,-3,1,open,1.4613306999672204,1,7500,4
32,2,odd,lie,wrong,correct,500,-1,3,not_open,2.642570300027728,-1,8000,3
33,3,even,lie,wrong,correct,500,-2,3,not_open,1.9301045999163762,-1,8500,3
34,4,odd,truth,wrong,wrong,-500,-2,2,open,1.5193014999385923,2,8000,5
35,6,even,lie,correct,wrong,-500,-1,3,open,2.0982144000008702,-1,7500,2
36,3,odd,truth,correct,correct,500,-1,1,open,1.2430878999875858,1,8000,4
37,2,odd,lie,wrong,correct,500,-3,2,open,1.8703786000842229,-3,8500,0
38,3,odd,truth,correct,correct,500,-2,1,open,1.36112489993684,1,9000,4
39,5,odd,truth,correct,correct,500,-3,2,open,1.4487606000620872,2,9500,5
40,1,even,lie,wrong,correct,500,-1,1,open,1.1413529000710696,-1,10000,2
41,4,even,lie,correct,wrong,-500,-1,2,open,1.3589963000267744,-1,9500,2
42,4,odd,lie,wrong,correct,500,-3,1,open,1.5661044000880793,-3,10000,0
43,6,odd,truth,wrong,wrong,-500,-2,1,open,0.9317211000015959,1,9500,4
44,3,odd,truth,correct,correct,500,-2,3,not_open,0.932879300089553,-1,10000,3
45,5,even,truth,wrong,wrong,-500,-1,1,open,1.0054078999673948,1,9500,4
46,3,even,lie,wrong,correct,500,-3,1,open,1.6758694000309333,-3,10000,0
47,5,even,lie,wrong,correct,500,-1,3,not_open,1.8856981999706477,-1,10500,3
48,2,odd,lie,wrong,correct,500,-2,1,open,1.661365200066939,-2,11000,1
49,6,even,truth,correct,correct,500,-1,2,open,2.802140299929306,2,11500,5
50,3,even,lie,wrong,correct,500,-3,2,open,2.0505329000297934,-3,12000,0
51,5,even,truth,wrong,wrong,-500,-2,2,open,2.3587888000765815,2,11500,5
52,2,even,truth,correct,correct,500,-2,2,open,1.6292331999866292,2,12000,5
53,3,odd,lie,correct,wrong,-500,-3,2,open,0.9977843000087887,-3,11500,0
54,3,odd,lie,correct,wrong,-500,-1,3,not_open,5.626737999962643,-1,11000,3
