trials,dice,user_choice_odd-even,whether_to_lie,actual_answer,dealer_answer,initial_reward,open_reward,open_penalty,user_response_open,choice_rt,choice_reward,balance
1,6,odd,lie,wrong,correct,500,150,-200,not_open,15.637302799994359,-1,10500
2,3,odd,truth,correct,correct,500,150,-100,not_open,3.6663830999896163,-1,11000
3,4,odd,lie,wrong,correct,500,150,-150,not_open,0.7324910000024829,-1,11500
4,5,odd,lie,correct,wrong,-500,200,-100,open,3.929394799997681,200,11200
5,2,even,lie,correct,wrong,-500,100,-200,open,2.8298804000078235,100,10800
6,2,even,lie,correct,wrong,-500,100,-150,open,1.873825400005444,100,10400
7,3,even,truth,wrong,wrong,-500,150,-100,open,1.2343509000056656,-100,9800
8,6,odd,truth,wrong,wrong,-500,150,-150,open,1.4991061000037007,-150,9150
9,5,odd,truth,correct,correct,500,100,-200,not_open,2.210661399993114,-1,9650
10,2,even,lie,correct,wrong,-500,100,-200,open,1.5178005999914603,100,9250
11,6,odd,lie,wrong,correct,500,150,-150,not_open,0.23000920000777114,-1,9750
12,2,odd,lie,wrong,correct,500,150,-150,not_open,0.423818700000993,-1,10250
13,1,even,lie,wrong,correct,500,100,-100,not_open,0.6942808000021614,-1,10750
14,1,even,lie,wrong,correct,500,200,-100,not_open,0.7321162000007462,-1,11250
15,5,even,truth,wrong,wrong,-500,200,-150,open,1.014011199993547,-150,10600
16,1,even,truth,wrong,wrong,-500,200,-100,open,1.1545753999962471,-100,10000
17,4,even,truth,correct,correct,500,100,-100,not_open,0.4019655000010971,-1,10500
18,1,odd,lie,correct,wrong,-500,150,-200,open,0.8283608999918215,150,10150
19,2,even,lie,correct,wrong,-500,150,-100,open,0.8055622999963816,150,9800
20,3,even,lie,wrong,correct,500,200,-200,not_open,1.1549325000087265,-1,10300
21,1,even,truth,wrong,wrong,-500,100,-100,open,0.8554812999936985,-100,9700
22,4,even,truth,correct,correct,500,150,-200,not_open,0.2959221999917645,-1,10200
23,5,odd,lie,correct,wrong,-500,200,-100,open,2.16065659999731,200,9900
24,1,even,lie,wrong,correct,500,200,-150,not_open,0.2841986999992514,-1,10400
25,4,odd,lie,wrong,correct,500,200,-100,not_open,0.23032079999393318,-1,10900
26,4,odd,truth,wrong,wrong,-500,200,-200,open,0.31368940000538714,-200,10200
27,4,even,lie,correct,wrong,-500,100,-150,open,0.6202714000100968,100,9800
28,5,odd,truth,correct,correct,500,200,-150,not_open,0.3338783999934094,-1,10300
29,3,odd,lie,correct,wrong,-500,200,-150,open,1.579930100007914,200,10000
30,6,even,lie,correct,wrong,-500,150,-200,open,0.2522118000051705,150,9650
31,5,even,truth,wrong,wrong,-500,100,-100,open,0.4473731000034604,-100,9050
32,2,even,truth,correct,correct,500,150,-150,not_open,0.976727099987329,-1,9550
33,6,odd,lie,wrong,correct,500,100,-200,not_open,0.34782919999270234,-1,10050
34,1,odd,truth,correct,correct,500,200,-150,not_open,0.4420749999990221,-1,10550
35,3,odd,truth,correct,correct,500,100,-150,not_open,0.265887899993686,-1,11050
36,3,even,truth,wrong,wrong,-500,100,-200,open,0.9906830000109039,-200,10350
37,6,even,lie,correct,wrong,-500,100,-100,open,0.646181100004469,100,9950
38,4,odd,lie,wrong,correct,500,200,-200,not_open,0.2731588000024203,-1,10450
39,1,odd,lie,correct,wrong,-500,200,-100,not_open,0.5631755999929737,-1,9950
40,1,odd,truth,correct,correct,500,150,-200,not_open,0.36859199999889825,-1,10450
41,4,odd,truth,wrong,wrong,-500,100,-100,open,0.2715671000041766,-100,9850
42,1,even,truth,wrong,wrong,-500,100,-150,open,0.3846017999894684,-150,9200
43,3,even,lie,wrong,correct,500,150,-150,not_open,0.060522200001287274,-1,9700
44,1,even,lie,wrong,correct,500,100,-150,not_open,0.8174782999994932,-1,10200
45,6,even,truth,correct,correct,500,200,-200,not_open,0.24895340000512078,-1,10700
46,2,even,truth,correct,correct,500,150,-100,not_open,0.2067825999984052,-1,11200
47,6,even,truth,correct,correct,500,150,-200,not_open,0.2554919999965932,-1,11700
48,4,even,truth,correct,correct,500,200,-200,not_open,0.32915459999640007,-1,12200
49,1,even,lie,wrong,correct,500,200,-200,not_open,0.49480299999413546,-1,12700
50,5,odd,lie,correct,wrong,-500,200,-150,open,0.8147068999969633,200,12400
51,1,odd,truth,correct,correct,500,100,-200,not_open,0.8894328000023961,-1,12900
52,4,odd,truth,wrong,wrong,-500,150,-100,open,1.4911432999942917,-100,12300
53,1,even,truth,wrong,wrong,-500,150,-100,not_open,0.49997330000041984,-1,11800
54,4,odd,truth,wrong,wrong,-500,100,-150,open,0.6613937999936752,-150,11150
