trials,dice,user_choice_odd-even,whether_to_lie,actual_answer,dealer_answer,initial_reward,open_reward,open_penalty,user_response_open,choice_rt,choice_reward,balance,peg_balance
1,4,odd,truth,wrong,wrong,-500,-3,3,not_open,23.049236100006965,-1,9500,3
2,1,even,lie,wrong,correct,500,-1,3,open,11.554818300006445,-1,10000,2
3,4,odd,truth,wrong,wrong,-500,-3,1,open,8.70020600000862,1,9500,4
4,1,even,truth,wrong,wrong,-500,-1,2,not_open,8.890954000002239,-1,9000,3
5,1,odd,lie,correct,wrong,-500,-2,1,open,4.369953499990515,-2,8500,1
6,2,even,lie,correct,wrong,-500,-2,1,open,3.567757900003926,-2,8000,1
7,6,odd,truth,wrong,wrong,-500,-2,1,open,3.2146761000039987,1,7500,4
8,1,even,truth,wrong,wrong,-500,-2,3,not_open,2.0734435000049416,-1,7000,3
9,4,even,lie,correct,wrong,-500,-2,2,open,2.98933009999746,-2,6500,1
10,3,odd,truth,correct,correct,500,-3,3,not_open,3.3435871999972733,-1,7000,3
11,4,even,truth,correct,correct,500,-3,1,open,2.3337636000069324,1,7500,4
12,5,odd,lie,correct,wrong,-500,-2,2,not_open,2.759432300008484,-1,7000,3
13,4,even,lie,correct,wrong,-500,-2,3,not_open,2.2595313000056194,-1,6500,3
14,5,even,lie,wrong,correct,500,-1,3,not_open,2.4854209999903105,-1,7000,3
15,6,even,lie,correct,wrong,-500,-1,3,not_open,1.48212319999584,-1,6500,3
16,3,odd,lie,correct,wrong,-500,-3,2,not_open,4.747285600009491,-1,6000,3
17,5,odd,truth,correct,correct,500,-3,3,not_open,1.8604192999919178,-1,6500,3
18,5,even,truth,wrong,wrong,-500,-1,1,open,2.2932615000027,1,6000,4
19,2,even,lie,correct,wrong,-500,-3,1,open,1.9556409000069834,-3,5500,0
20,5,even,lie,wrong,correct,500,-3,2,open,2.1287185000110185,-3,6000,0
21,2,even,truth,correct,correct,500,-1,2,not_open,1.9698873000015737,-1,6500,3
22,2,odd,truth,wrong,wrong,-500,-1,2,not_open,1.8370693999895593,-1,6000,3
23,2,even,lie,correct,wrong,-500,-2,1,open,1.368831300002057,-2,5500,1
24,6,odd,truth,wrong,wrong,-500,-3,2,open,2.4127974000002723,2,5000,5
25,3,odd,lie,correct,wrong,-500,-3,2,open,2.325341500007198,-3,4500,0
26,1,even,lie,wrong,correct,500,-1,1,open,1.9588388999982271,-1,5000,2
27,2,even,lie,correct,wrong,-500,-2,3,not_open,1.8381799000053434,-1,4500,3
28,5,odd,lie,correct,wrong,-500,-2,3,not_open,1.8086600999959046,-1,4000,3
29,2,even,lie,correct,wrong,-500,-2,1,open,1.931956899992656,-2,3500,1
30,2,even,lie,correct,wrong,-500,-3,1,open,1.3267723000026308,-3,3000,0
31,1,odd,truth,correct,correct,500,-1,1,open,1.6692977999919094,1,3500,4
32,1,even,truth,wrong,wrong,-500,-1,3,open,3.330117200006498,3,3000,6
33,5,odd,lie,correct,wrong,-500,-1,3,not_open,1.3709602000017185,-1,2500,3
34,3,odd,truth,correct,correct,500,-3,1,open,1.731011000010767,1,3000,4
35,6,even,lie,correct,wrong,-500,-1,1,open,1.96026890000212,-1,2500,2
36,4,even,lie,correct,wrong,-500,-2,2,open,2.104100600001402,-2,2000,1
37,1,odd,truth,correct,correct,500,-3,1,open,1.5708065999933751,1,2500,4
38,4,even,lie,correct,wrong,-500,-3,2,open,2.924079599994002,-3,2000,0
39,5,even,lie,wrong,correct,500,-2,2,not_open,1.1606266000017058,-1,2500,3
40,3,odd,lie,correct,wrong,-500,-3,2,open,3.615386599994963,-3,2000,0
41,2,even,lie,correct,wrong,-500,-1,2,open,3.954569599998649,-1,1500,2
42,6,even,lie,correct,wrong,-500,-3,3,open,1.426964999991469,-3,1000,0
43,6,odd,truth,wrong,wrong,-500,-2,2,open,1.8433645000040997,2,500,5
44,4,even,lie,correct,wrong,-500,-2,1,open,1.477774099999806,-2,0,1
