trials,dice,user_choice_odd-even,whether_to_lie,actual_answer,dealer_answer,initial_reward,open_reward,open_penalty,user_response_open,choice_rt,choice_reward,balance
1,2,odd,lie,wrong,correct,500,9,-14,not_open,11.027595200022915,-1,10500
2,6,odd,lie,wrong,correct,500,14,-14,not_open,1.4234838999982458,-1,11000
3,4,odd,truth,wrong,wrong,-500,14,-21,not_open,1.7107744999811985,-1,10500
4,4,odd,truth,wrong,wrong,-500,9,-21,not_open,5.479355699993903,-1,10000
5,3,odd,truth,correct,correct,500,21,-14,open,2.504798500012839,-14,10486
6,1,odd,lie,correct,wrong,-500,9,-21,not_open,2.1108521000132896,-1,9986
7,4,odd,lie,wrong,correct,500,14,-14,open,3.313863399991533,14,10500
8,4,odd,truth,wrong,wrong,-500,14,-14,open,0.9219505999935791,-14,9986
9,2,odd,truth,wrong,wrong,-500,9,-14,not_open,1.5765613999974448,-1,9486
10,5,odd,truth,correct,correct,500,21,-14,open,1.5021486000041477,-14,9972
11,4,odd,lie,wrong,correct,500,9,-9,open,1.104347600019537,9,10481
12,4,odd,truth,wrong,wrong,-500,21,-9,open,1.9267926999891642,-9,9972
13,6,odd,truth,wrong,wrong,-500,14,-21,not_open,1.3323210000235122,-1,9472
14,5,odd,lie,correct,wrong,-500,14,-21,not_open,0.9095549999910872,-1,8972
15,3,odd,lie,correct,wrong,-500,14,-9,open,3.0228513999900315,14,8486
16,2,odd,truth,wrong,wrong,-500,21,-21,open,1.4169925000169314,-21,7965
17,6,odd,lie,wrong,correct,500,21,-14,open,0.932006300019566,21,8486
18,3,odd,truth,correct,correct,500,21,-14,open,0.641812799993204,-14,8972
19,5,odd,truth,correct,correct,500,14,-14,open,1.2142080999910831,-14,9458
20,2,odd,truth,wrong,wrong,-500,21,-21,open,1.280813000019407,-21,8937
21,4,odd,lie,wrong,correct,500,14,-14,open,1.013512899982743,14,9451
22,4,odd,lie,wrong,correct,500,21,-21,open,3.436402799998177,21,9972
23,6,odd,truth,wrong,wrong,-500,9,-14,not_open,1.5313852000108454,-1,9472
24,3,odd,lie,correct,wrong,-500,9,-9,open,1.1667349000053946,9,8981
25,5,odd,truth,correct,correct,500,21,-9,open,1.2153414000058547,-9,9472
26,1,odd,lie,correct,wrong,-500,9,-9,open,0.9471230999915861,9,8981
27,4,odd,lie,wrong,correct,500,9,-9,open,1.1035476999823004,9,9490
28,6,odd,truth,wrong,wrong,-500,9,-14,not_open,1.7376298000162933,-1,8990
29,1,odd,lie,correct,wrong,-500,14,-21,not_open,0.7062190999859013,-1,8490
30,4,odd,lie,wrong,correct,500,21,-9,open,0.6204717000073288,21,9011
31,3,odd,lie,correct,wrong,-500,9,-21,not_open,1.1451444000122137,-1,8511
32,6,odd,truth,wrong,wrong,-500,9,-21,not_open,0.8154904999828432,-1,8011
33,1,odd,lie,correct,wrong,-500,9,-9,open,1.1067242000135593,9,7520
34,5,odd,truth,correct,correct,500,14,-9,open,5.088391199999023,-9,8011
35,1,odd,lie,correct,wrong,-500,21,-14,open,0.7684100999904331,21,7532
36,6,odd,lie,wrong,correct,500,14,-9,open,0.6557841999747325,14,8046
37,3,odd,lie,correct,wrong,-500,9,-14,not_open,0.7897723999922164,-1,7546
38,3,odd,lie,correct,wrong,-500,14,-9,open,0.6391099999891594,14,7060
39,4,odd,lie,wrong,correct,500,14,-14,open,1.2525022999907378,14,7574
40,6,odd,lie,wrong,correct,500,21,-21,open,1.1614021999994293,21,8095
41,4,odd,lie,wrong,correct,500,14,-21,not_open,1.1145608000224456,-1,8595
42,5,odd,truth,correct,correct,500,9,-14,not_open,0.7169387000030838,-1,9095
43,3,odd,truth,correct,correct,500,21,-21,open,1.1710451999970246,-21,9574
44,1,odd,truth,correct,correct,500,21,-21,open,0.9216748999897391,-21,10053
45,3,odd,truth,correct,correct,500,21,-14,open,0.9307016000093427,-14,10539
46,4,odd,lie,wrong,correct,500,9,-21,not_open,0.7112421999918297,-1,11039
47,2,odd,truth,wrong,wrong,-500,14,-9,open,2.3958969000086654,-9,10530
48,4,odd,truth,wrong,wrong,-500,21,-9,open,1.031779099983396,-9,10021
49,3,odd,truth,correct,correct,500,14,-9,open,0.5200051000283565,-9,10512
50,2,odd,truth,wrong,wrong,-500,21,-9,open,0.6969755000027362,-9,10003
51,5,odd,lie,correct,wrong,-500,9,-9,open,1.0829023999976926,9,9512
52,2,odd,lie,wrong,correct,500,14,-21,not_open,1.1499837999872398,-1,10012
53,4,odd,lie,wrong,correct,500,21,-9,open,1.4817202999838628,21,10533
54,1,odd,lie,correct,wrong,-500,9,-21,not_open,0.5523780999938026,-1,10033
