trials,dice,user_choice_odd-even,whether_to_lie,actual_answer,dealer_answer,initial_reward,open_reward,open_penalty,user_response_open,choice_rt,choice_reward,balance,peg_balance
1,3,odd,lie,correct,wrong,-500,-2,2,open,14.417810799990548,-2,9500,1
2,4,odd,truth,wrong,wrong,-500,-3,1,not_open,7.800465699983761,-1,9000,3
3,5,odd,lie,correct,wrong,-500,-2,3,open,2.302085100003751,-2,8500,1
4,6,odd,lie,wrong,correct,500,-1,2,not_open,5.8942126000183634,-1,9000,3
5,4,odd,lie,wrong,correct,500,-2,3,open,2.2648171999899205,-2,9500,1
6,6,odd,lie,wrong,correct,500,-3,3,open,1.5278953000088222,-3,10000,0
7,2,odd,lie,wrong,correct,500,-1,2,open,0.6101094000041485,-1,10500,2
8,3,odd,truth,correct,correct,500,-3,1,open,0.2661683000042103,1,11000,4
9,3,odd,lie,correct,wrong,-500,-1,2,open,1.9897880999778863,-1,10500,2
10,2,odd,lie,wrong,correct,500,-3,2,open,6.615420599991921,-3,11000,0
11,1,odd,truth,correct,correct,500,-1,2,open,3.6037888000137173,2,11500,5
12,3,odd,truth,correct,correct,500,-3,3,open,1.9136853000090923,3,12000,6
13,6,odd,lie,wrong,correct,500,-2,2,not_open,2.1494475999788847,-1,12500,3
14,6,odd,lie,wrong,correct,500,-3,3,not_open,1.734862899989821,-1,13000,3
15,4,odd,truth,wrong,wrong,-500,-1,1,not_open,3.010811600019224,-1,12500,3
16,1,odd,truth,correct,correct,500,-2,2,open,2.9761704000120517,2,13000,5
17,1,odd,lie,correct,wrong,-500,-1,3,not_open,4.8949685000116006,-1,12500,3
18,4,odd,truth,wrong,wrong,-500,-2,3,not_open,1.776094100001501,-1,12000,3
19,3,odd,truth,correct,correct,500,-3,1,open,5.602241400018102,1,12500,4
20,5,odd,truth,correct,correct,500,-2,3,not_open,2.4453966000000946,-1,13000,3
21,5,odd,truth,correct,correct,500,-3,3,open,2.157214599981671,3,13500,6
22,4,odd,lie,wrong,correct,500,-3,2,open,2.781016399996588,-3,14000,0
23,6,odd,lie,wrong,correct,500,-2,1,open,2.0749044999829493,-2,14500,1
24,3,odd,truth,correct,correct,500,-1,1,not_open,2.678457800007891,-1,15000,3
25,5,odd,truth,correct,correct,500,-2,1,open,1.8499351000064053,1,15500,4
26,2,odd,lie,wrong,correct,500,-3,2,open,2.3811884000024293,-3,16000,0
27,2,odd,truth,wrong,wrong,-500,-1,3,not_open,3.7462931999762077,-1,15500,3
28,3,odd,truth,correct,correct,500,-3,1,open,1.4388690000050701,1,16000,4
29,2,odd,lie,wrong,correct,500,-3,3,not_open,2.337609500013059,-1,16500,3
30,1,odd,lie,correct,wrong,-500,-1,1,not_open,2.442484200000763,-1,16000,3
31,4,odd,lie,wrong,correct,500,-1,3,not_open,2.6294726000051014,-1,16500,3
32,4,odd,truth,wrong,wrong,-500,-3,1,open,2.0764672000077553,1,16000,4
33,2,odd,lie,wrong,correct,500,-2,3,not_open,4.526257699995767,-1,16500,3
34,6,odd,truth,wrong,wrong,-500,-2,2,not_open,4.704172500001732,-1,16000,3
35,1,odd,truth,correct,correct,500,-2,1,open,2.7576734999893233,1,16500,4
36,2,odd,truth,wrong,wrong,-500,-3,2,open,1.8401154000021052,2,16000,5
37,4,odd,lie,wrong,correct,500,-1,2,not_open,1.9855697000166401,-1,16500,3
38,1,odd,truth,correct,correct,500,-2,1,open,2.1913454000023194,1,17000,4
39,3,odd,truth,correct,correct,500,-1,3,not_open,2.198606399993878,-1,17500,3
40,3,odd,lie,correct,wrong,-500,-1,2,not_open,1.8668394999986049,-1,17000,3
41,3,odd,lie,correct,wrong,-500,-1,3,not_open,2.0207892000034917,-1,16500,3
42,2,odd,lie,wrong,correct,500,-3,2,open,1.527787900005933,-3,17000,0
43,5,odd,truth,correct,correct,500,-3,3,not_open,1.2740037000039592,-1,17500,3
44,1,odd,truth,correct,correct,500,-1,1,not_open,1.6134208999865223,-1,18000,3
45,4,odd,lie,wrong,correct,500,-2,3,not_open,1.1712709999992512,-1,18500,3
46,4,odd,lie,wrong,correct,500,-3,2,open,2.2664556999807246,-3,19000,0
47,1,odd,truth,correct,correct,500,-2,2,not_open,1.3830663000117056,-1,19500,3
48,3,odd,truth,correct,correct,500,-2,1,open,1.9978220000048168,1,20000,4
49,5,odd,truth,correct,correct,500,-1,3,not_open,1.5827830999915022,-1,20500,3
50,5,odd,truth,correct,correct,500,-1,1,not_open,2.6412580000178423,-1,21000,3
51,6,odd,truth,wrong,wrong,-500,-2,1,open,3.0753585000056773,1,20500,4
52,4,odd,lie,wrong,correct,500,-3,1,open,1.3380015000002459,-3,21000,0
53,2,odd,truth,wrong,wrong,-500,-2,2,open,1.7194799999997485,2,20500,5
54,6,odd,truth,wrong,wrong,-500,-1,1,open,1.1448941999988165,1,20000,4
