trials,dice,user_choice_odd-even,whether_to_lie,actual_answer,dealer_answer,initial_reward,open_reward,open_penalty,user_response_open,choice_rt,choice_reward,balance,peg_balance
1,3,odd,lie,correct,wrong,-500,-1,1,open,35.78920610016212,-1,9500,2
2,3,even,lie,wrong,correct,500,-1,1,open,14.501060900045559,-1,10000,2
3,5,odd,truth,correct,correct,500,-3,2,open,16.667909500189126,2,10500,5
4,1,even,truth,wrong,wrong,-500,-3,3,open,5.410507099935785,3,10000,6
5,4,odd,lie,wrong,correct,500,-2,3,not_open,6.7834105000365525,-1,10500,3
6,2,even,truth,correct,correct,500,-3,1,open,14.354330000001937,1,11000,4
7,6,odd,truth,wrong,wrong,-500,-1,2,not_open,4.666004400001839,-1,10500,3
8,5,odd,truth,correct,correct,500,-2,2,open,5.286374700022861,2,11000,5
9,6,even,lie,correct,wrong,-500,-3,3,not_open,4.246911399997771,-1,10500,3
10,2,even,truth,correct,correct,500,-2,2,open,2.53245160006918,2,11000,5
11,1,odd,lie,correct,wrong,-500,-1,3,not_open,5.099965700181201,-1,10500,3
12,1,odd,lie,correct,wrong,-500,-1,1,open,2.6007896000519395,-1,10000,2
13,2,even,truth,correct,correct,500,-2,3,open,4.956763699883595,3,10500,6
14,3,even,truth,wrong,wrong,-500,-1,2,not_open,3.6616374000441283,-1,10000,3
15,3,odd,lie,correct,wrong,-500,-3,2,open,3.201169000007212,-3,9500,0
16,5,even,truth,wrong,wrong,-500,-1,3,not_open,2.0096664000302553,-1,9000,3
17,1,even,lie,wrong,correct,500,-1,1,open,1.4703634998295456,-1,9500,2
18,5,odd,lie,correct,wrong,-500,-3,3,not_open,5.088658499997109,-1,9000,3
19,1,odd,lie,correct,wrong,-500,-1,2,not_open,4.796228500083089,-1,8500,3
20,1,odd,truth,correct,correct,500,-3,1,open,3.274001100100577,1,9000,4
21,6,even,lie,correct,wrong,-500,-2,1,open,3.747770199785009,-2,8500,1
22,6,even,truth,correct,correct,500,-1,1,open,4.949282200075686,1,9000,4
23,2,odd,lie,wrong,correct,500,-1,1,open,2.6202249999623746,-1,9500,2
24,2,odd,truth,wrong,wrong,-500,-1,2,not_open,2.368027500109747,-1,9000,3
25,4,even,truth,correct,correct,500,-3,2,open,4.099015600048006,2,9500,5
26,2,odd,lie,wrong,correct,500,-2,2,open,3.5166565999388695,-2,10000,1
27,1,even,truth,wrong,wrong,-500,-2,3,not_open,2.4397273000795394,-1,9500,3
28,1,even,truth,wrong,wrong,-500,-2,1,open,4.010970399947837,1,9000,4
29,4,odd,lie,wrong,correct,500,-2,1,open,3.892824799986556,-2,9500,1
30,4,odd,lie,wrong,correct,500,-3,3,not_open,2.8259418001398444,-1,10000,3
31,4,even,lie,correct,wrong,-500,-2,3,not_open,2.2682076001074165,-1,9500,3
32,6,odd,truth,wrong,wrong,-500,-2,3,not_open,2.0359213000629097,-1,9000,3
33,2,even,lie,correct,wrong,-500,-1,2,not_open,2.3119093000423163,-1,8500,3
34,4,odd,lie,wrong,correct,500,-3,1,open,2.918351399945095,-3,9000,0
35,3,odd,truth,correct,correct,500,-2,2,open,1.802315300097689,2,9500,5
36,2,odd,lie,wrong,correct,500,-2,1,open,3.5954776001162827,-2,10000,1
37,3,odd,lie,correct,wrong,-500,-3,3,not_open,1.778447600081563,-1,9500,3
38,5,odd,lie,correct,wrong,-500,-3,1,open,5.14920619991608,-3,9000,0
39,2,odd,truth,wrong,wrong,-500,-3,2,open,2.2396591999568045,2,8500,5
40,1,odd,truth,correct,correct,500,-1,3,not_open,3.4479843999724835,-1,9000,3
41,3,odd,lie,correct,wrong,-500,-2,3,not_open,2.4424262000247836,-1,8500,3
42,6,odd,truth,wrong,wrong,-500,-1,3,not_open,1.9546357998624444,-1,8000,3
43,1,odd,truth,correct,correct,500,-3,2,open,5.003589899977669,2,8500,5
44,2,odd,lie,wrong,correct,500,-3,3,not_open,1.6422880000900477,-1,9000,3
45,4,odd,lie,wrong,correct,500,-3,1,open,2.606979100033641,-3,9500,0
46,1,even,truth,wrong,wrong,-500,-3,2,open,3.1576163000427186,2,9000,5
47,2,odd,lie,wrong,correct,500,-1,3,not_open,2.841389900073409,-1,9500,3
48,2,even,truth,correct,correct,500,-1,3,not_open,2.7498389000538737,-1,10000,3
49,2,odd,truth,wrong,wrong,-500,-3,1,open,3.910921699833125,1,9500,4
50,5,odd,truth,correct,correct,500,-2,1,open,2.572733499808237,1,10000,4
51,3,odd,truth,correct,correct,500,-1,2,not_open,1.5091085999738425,-1,10500,3
52,4,odd,lie,wrong,correct,500,-2,2,not_open,3.3155453999061137,-1,11000,3
53,6,odd,truth,wrong,wrong,-500,-2,2,not_open,1.2434189999476075,-1,10500,3
54,5,odd,lie,correct,wrong,-500,-2,1,open,3.404494399903342,-2,10000,1
