trials,dice,user_choice_odd-even,whether_to_lie,actual_answer,dealer_answer,initial_reward,open_reward,open_penalty,user_response_open,choice_rt,choice_reward,balance
1,2,odd,truth,wrong,wrong,-500,10,-10,open,10.056776199955493,-10,9490
2,1,odd,lie,correct,wrong,-500,10,-10,open,1.1594039001502097,10,9000
3,5,odd,truth,correct,correct,500,3,-10,not_open,8.15576870017685,-1,9500
4,4,even,lie,correct,wrong,-500,3,-3,open,2.096965900156647,3,9003
5,5,odd,truth,correct,correct,500,10,-3,open,9.754320999840274,-3,9500
6,4,odd,truth,wrong,wrong,-500,10,-10,open,2.6089784000068903,-10,8990
7,1,odd,truth,correct,correct,500,10,-10,open,2.159549100091681,-10,9480
8,5,even,lie,wrong,correct,500,10,-3,open,3.5246542000677437,10,9990
9,5,odd,lie,correct,wrong,-500,3,-10,not_open,2.5738368998281658,-1,9490
10,2,odd,truth,wrong,wrong,-500,10,-10,open,1.570865900022909,-10,8980
11,4,odd,lie,wrong,correct,500,3,-10,not_open,3.992906699888408,-1,9480
12,3,odd,truth,correct,correct,500,3,-10,not_open,1.8789204999338835,-1,9980
13,3,odd,truth,correct,correct,500,10,-10,open,3.012387099908665,-10,10470
14,1,even,lie,wrong,correct,500,10,-10,open,2.2446244000457227,10,10980
15,1,odd,lie,correct,wrong,-500,10,-10,open,1.2649513001088053,10,10490
16,6,even,truth,correct,correct,500,10,-10,open,1.4086132999509573,-10,10980
17,3,odd,lie,correct,wrong,-500,10,-3,open,2.3813342000357807,10,10490
18,1,even,truth,wrong,wrong,-500,10,-3,open,1.3575442000292242,-3,9987
19,5,even,truth,wrong,wrong,-500,10,-10,open,2.3646088000386953,-10,9477
20,6,odd,lie,wrong,correct,500,10,-3,open,3.1487187000457197,10,9987
21,5,odd,truth,correct,correct,500,10,-10,not_open,2.0425503000151366,-1,10487
22,6,odd,truth,wrong,wrong,-500,10,-10,not_open,1.4881015999708325,-1,9987
23,2,odd,truth,wrong,wrong,-500,10,-10,not_open,1.0436270998325199,-1,9487
24,5,odd,lie,correct,wrong,-500,3,-3,not_open,4.13540229992941,-1,8987
25,3,even,lie,wrong,correct,500,3,-10,not_open,1.9161909001413733,-1,9487
26,6,odd,truth,wrong,wrong,-500,10,-3,open,2.7339272000826895,-3,8984
27,4,odd,lie,wrong,correct,500,3,-3,open,3.2064149000216275,3,9487
28,5,even,truth,wrong,wrong,-500,3,-10,not_open,2.1365163000300527,-1,8987
29,6,odd,lie,wrong,correct,500,3,-3,not_open,2.002458800096065,-1,9487
30,5,odd,lie,correct,wrong,-500,3,-10,not_open,1.4726402999367565,-1,8987
31,1,odd,truth,correct,correct,500,10,-10,not_open,1.4550600000657141,-1,9487
32,2,odd,lie,wrong,correct,500,3,-3,not_open,0.9798751999624074,-1,9987
33,1,even,lie,wrong,correct,500,10,-10,not_open,0.9260855000466108,-1,10487
34,6,odd,truth,wrong,wrong,-500,10,-10,not_open,0.88589599984698,-1,9987
35,3,odd,lie,correct,wrong,-500,3,-10,not_open,1.015657499898225,-1,9487
36,4,odd,lie,wrong,correct,500,10,-3,open,1.2752636999357492,10,9997
37,1,even,truth,wrong,wrong,-500,10,-10,not_open,1.116846099961549,-1,9497
38,2,odd,lie,wrong,correct,500,10,-3,open,1.2197305001318455,10,10007
39,2,odd,lie,wrong,correct,500,10,-10,open,5.189767400035635,10,10517
40,2,odd,truth,wrong,wrong,-500,3,-10,not_open,1.0463355998508632,-1,10017
41,4,odd,truth,wrong,wrong,-500,10,-10,not_open,1.0000204998068511,-1,9517
42,2,odd,lie,wrong,correct,500,10,-3,open,2.1553163998760283,10,10027
43,3,odd,truth,correct,correct,500,10,-10,not_open,1.0344549999572337,-1,10527
44,6,odd,lie,wrong,correct,500,10,-10,not_open,0.7442475000862032,-1,11027
45,1,odd,truth,correct,correct,500,3,-10,not_open,1.3385562000330538,-1,11527
46,5,even,truth,wrong,wrong,-500,10,-3,open,1.0910159000195563,-3,11024
47,1,odd,truth,correct,correct,500,3,-3,not_open,3.383026000112295,-1,11524
48,6,odd,truth,wrong,wrong,-500,10,-10,not_open,0.9238863999489695,-1,11024
49,5,odd,truth,correct,correct,500,10,-3,open,1.67753029987216,-3,11521
50,2,odd,lie,wrong,correct,500,3,-10,not_open,13.039197999984026,-1,12021
51,1,odd,lie,correct,wrong,-500,3,-10,not_open,0.8196487999521196,-1,11521
52,3,odd,lie,correct,wrong,-500,10,-10,not_open,1.1027134000323713,-1,11021
53,6,even,lie,correct,wrong,-500,10,-10,not_open,0.9135018000379205,-1,10521
54,2,even,lie,correct,wrong,-500,10,-3,open,1.5024276999756694,10,10031
