trials,dice,user_choice_odd-even,whether_to_lie,actual_answer,dealer_answer,initial_reward,open_reward,open_penalty,user_response_open,choice_rt,choice_reward,balance
1,2,odd,truth,wrong,wrong,-500,225,-225,not_open,4.4400461000041105,-1,9500
2,5,odd,truth,correct,correct,500,225,-225,not_open,1.2800511999812443,-1,10000
3,6,odd,lie,wrong,correct,500,225,-675,not_open,3.172375900001498,-1,10500
4,4,even,truth,correct,correct,500,225,-225,not_open,1.9792640999949072,-1,11000
5,1,even,lie,wrong,correct,500,225,-675,not_open,1.2078289999917615,-1,11500
6,2,odd,truth,wrong,wrong,-500,225,-225,open,2.6177456000004895,-225,10775
7,1,odd,lie,correct,wrong,-500,675,-225,open,3.599433900002623,675,10950
8,5,even,lie,wrong,correct,500,225,-225,not_open,1.9264346999989357,-1,11450
9,5,even,truth,wrong,wrong,-500,675,-225,open,1.758860400004778,-225,10725
10,2,odd,lie,wrong,correct,500,225,-675,not_open,0.8093989000190049,-1,11225
11,3,odd,lie,correct,wrong,-500,225,-225,not_open,0.97409209999023,-1,10725
12,1,odd,truth,correct,correct,500,675,-225,open,3.2588359999936074,-225,11000
13,4,even,lie,correct,wrong,-500,225,-225,not_open,1.8807236999855377,-1,10500
14,3,even,truth,wrong,wrong,-500,675,-675,not_open,1.322373000002699,-1,10000
15,6,even,lie,correct,wrong,-500,225,-675,not_open,1.2402084000059403,-1,9500
16,1,even,truth,wrong,wrong,-500,675,-225,open,1.0239123000064865,-225,8775
17,4,even,lie,correct,wrong,-500,675,-675,open,0.9003306000086013,675,8950
18,6,odd,truth,wrong,wrong,-500,225,-225,open,1.4759876000171062,-225,8225
19,3,odd,truth,correct,correct,500,675,-225,open,1.1286921999999322,-225,8500
20,2,odd,truth,wrong,wrong,-500,225,-225,open,0.7635899999877438,-225,7775
21,1,odd,lie,correct,wrong,-500,675,-225,open,1.1880693999992218,675,7950
22,3,even,lie,wrong,correct,500,225,-225,not_open,1.006792400003178,-1,8450
23,1,even,truth,wrong,wrong,-500,225,-675,not_open,0.6689142999821343,-1,7950
24,4,even,truth,correct,correct,500,675,-675,not_open,1.5369583999854513,-1,8450
25,3,odd,lie,correct,wrong,-500,675,-225,open,1.054172700009076,675,8625
26,2,odd,lie,wrong,correct,500,225,-225,not_open,0.8175251000211574,-1,9125
27,4,even,truth,correct,correct,500,225,-675,not_open,1.066411199979484,-1,9625
28,1,even,truth,wrong,wrong,-500,225,-675,not_open,0.5433626000012737,-1,9125
29,3,odd,truth,correct,correct,500,225,-225,not_open,0.9008828999940306,-1,9625
30,2,even,lie,correct,wrong,-500,225,-225,not_open,0.8841059999831486,-1,9125
31,4,even,lie,correct,wrong,-500,225,-225,open,0.6980026999954134,225,8850
32,5,odd,truth,correct,correct,500,225,-675,not_open,0.5248818999971263,-1,9350
33,2,odd,truth,wrong,wrong,-500,225,-225,not_open,1.1078014000086114,-1,8850
34,3,odd,lie,correct,wrong,-500,675,-675,not_open,1.5347925999958534,-1,8350
35,3,odd,lie,correct,wrong,-500,225,-225,not_open,1.3967178000020795,-1,7850
36,5,odd,lie,correct,wrong,-500,675,-675,open,1.2199132999812718,675,8025
37,2,even,lie,correct,wrong,-500,225,-225,open,0.8197081999969669,225,7750
38,2,odd,lie,wrong,correct,500,225,-225,not_open,0.9695409999985714,-1,8250
39,6,odd,lie,wrong,correct,500,225,-675,not_open,0.7094382999930531,-1,8750
40,2,even,truth,correct,correct,500,225,-675,not_open,0.7851604000024963,-1,9250
41,1,odd,lie,correct,wrong,-500,675,-225,open,1.0128321999800391,675,9425
42,1,odd,lie,correct,wrong,-500,225,-675,not_open,0.7175994999997783,-1,8925
43,3,odd,lie,correct,wrong,-500,675,-225,open,0.8731696000031661,675,9100
44,4,even,lie,correct,wrong,-500,225,-225,open,0.5324593000113964,225,8825
45,6,odd,truth,wrong,wrong,-500,225,-225,open,0.7165347000118345,-225,8100
46,4,even,lie,correct,wrong,-500,225,-675,not_open,1.2561525999917649,-1,7600
47,3,even,lie,wrong,correct,500,675,-225,open,0.8076976999873295,675,8775
48,6,odd,truth,wrong,wrong,-500,675,-675,open,1.6355734000098892,-675,7600
49,6,odd,truth,wrong,wrong,-500,225,-225,open,0.8051562999899033,-225,6875
50,2,odd,lie,wrong,correct,500,225,-225,not_open,0.6611985999916214,-1,7375
51,1,even,truth,wrong,wrong,-500,675,-225,open,0.7570043999876361,-225,6650
52,6,odd,truth,wrong,wrong,-500,675,-225,open,0.3474030999932438,-225,5925
53,6,odd,lie,wrong,correct,500,225,-225,not_open,1.2051003999949899,-1,6425
54,2,odd,lie,wrong,correct,500,225,-225,open,1.6766015000175685,225,7150
