trials,dice,user_choice_odd-even,whether_to_lie,actual_answer,dealer_answer,initial_reward,open_reward,open_penalty,user_response_open,choice_rt,choice_reward,balance,peg_balance
1,3,odd,lie,correct,wrong,-500,-2,3,not_open,4.617814299999736,-1,9500,3
2,1,odd,truth,correct,correct,500,-2,2,not_open,1.0700513999909163,-1,10000,3
3,2,even,lie,correct,wrong,-500,-2,1,open,2.2797279999940656,-2,9500,1
4,2,even,truth,correct,correct,500,-1,1,not_open,1.262939499982167,-1,10000,3
5,5,odd,lie,correct,wrong,-500,-1,2,not_open,1.5368967000104021,-1,9500,3
6,3,odd,lie,correct,wrong,-500,-1,3,not_open,1.1543721000198275,-1,9000,3
7,6,odd,truth,wrong,wrong,-500,-2,1,open,1.9512549999926705,1,8500,4
8,1,odd,truth,correct,correct,500,-1,1,not_open,1.3432529999990948,-1,9000,3
9,1,even,truth,wrong,wrong,-500,-1,2,not_open,2.403959399991436,-1,8500,3
10,6,even,truth,correct,correct,500,-3,3,not_open,1.5812246999994386,-1,9000,3
11,2,odd,truth,wrong,wrong,-500,-3,3,open,1.478398000006564,3,8500,6
12,5,odd,truth,correct,correct,500,-1,1,open,1.0391563999874052,1,9000,4
13,6,even,lie,correct,wrong,-500,-3,3,not_open,1.160911799990572,-1,8500,3
14,1,odd,truth,correct,correct,500,-3,1,open,1.776573900016956,1,9000,4
15,4,odd,lie,wrong,correct,500,-2,1,open,1.7680215000000317,-2,9500,1
16,6,even,truth,correct,correct,500,-3,1,open,2.370269899984123,1,10000,4
17,3,odd,lie,correct,wrong,-500,-1,2,not_open,0.9730457999976352,-1,9500,3
18,4,odd,truth,wrong,wrong,-500,-1,2,not_open,1.506904999987455,-1,9000,3
19,1,odd,lie,correct,wrong,-500,-3,2,not_open,0.7972150999994483,-1,8500,3
20,4,odd,lie,wrong,correct,500,-2,2,not_open,0.7104490000056103,-1,9000,3
21,4,even,truth,correct,correct,500,-2,2,not_open,1.4661071999871638,-1,9500,3
22,4,even,lie,correct,wrong,-500,-2,2,open,1.259042199992109,-2,9000,1
23,4,odd,truth,wrong,wrong,-500,-2,3,not_open,1.4376692000078037,-1,8500,3
24,5,odd,truth,correct,correct,500,-3,2,open,4.5211887000186834,2,9000,5
25,2,even,lie,correct,wrong,-500,-1,3,not_open,1.4471059999777935,-1,8500,3
26,6,even,truth,correct,correct,500,-1,3,not_open,0.8124404999834951,-1,9000,3
27,2,even,truth,correct,correct,500,-3,1,open,1.4730826999875717,1,9500,4
28,5,odd,lie,correct,wrong,-500,-2,2,not_open,0.8634497000020929,-1,9000,3
29,4,even,truth,correct,correct,500,-3,3,not_open,1.3356328000081703,-1,9500,3
30,5,odd,lie,correct,wrong,-500,-1,3,not_open,0.9050717999925837,-1,9000,3
31,1,odd,truth,correct,correct,500,-2,1,open,1.9870941000117455,1,9500,4
32,2,even,truth,correct,correct,500,-1,2,not_open,1.0800983999797609,-1,10000,3
33,5,even,lie,wrong,correct,500,-2,1,open,1.3333130000100937,-2,10500,1
34,1,even,truth,wrong,wrong,-500,-3,3,not_open,1.0856446999823675,-1,10000,3
35,1,even,lie,wrong,correct,500,-3,1,open,1.5814510000054725,-3,10500,0
36,2,odd,lie,wrong,correct,500,-1,1,not_open,0.9480031999992207,-1,11000,3
37,4,even,truth,correct,correct,500,-3,1,open,2.208812799974112,1,11500,4
38,1,even,truth,wrong,wrong,-500,-2,1,open,1.1825675000145566,1,11000,4
39,4,odd,lie,wrong,correct,500,-1,1,not_open,0.8946829000196885,-1,11500,3
40,4,odd,truth,wrong,wrong,-500,-2,3,not_open,1.2008566000149585,-1,11000,3
41,2,even,truth,correct,correct,500,-1,2,not_open,1.3087310999981128,-1,11500,3
42,5,even,lie,wrong,correct,500,-3,2,open,4.256074500008253,-3,12000,0
43,4,even,lie,correct,wrong,-500,-1,3,not_open,1.3897236000047997,-1,11500,3
44,2,even,lie,correct,wrong,-500,-3,1,open,1.0164257000142243,-3,11000,0
45,4,odd,truth,wrong,wrong,-500,-3,2,not_open,2.0430302000022493,-1,10500,3
46,6,odd,truth,wrong,wrong,-500,-3,2,open,1.0816094999900088,2,10000,5
47,6,odd,lie,wrong,correct,500,-2,3,not_open,0.9516758999961894,-1,10500,3
48,4,even,lie,correct,wrong,-500,-2,3,not_open,0.936587000003783,-1,10000,3
49,5,even,lie,wrong,correct,500,-2,2,not_open,1.138122200005455,-1,10500,3
50,1,odd,truth,correct,correct,500,-3,3,not_open,1.4097897000028752,-1,11000,3
51,1,odd,lie,correct,wrong,-500,-1,3,not_open,0.8813508999883197,-1,10500,3
52,1,odd,truth,correct,correct,500,-2,3,not_open,1.10159730000305,-1,11000,3
53,5,even,lie,wrong,correct,500,-1,1,open,2.8051465999742504,-1,11500,2
54,2,odd,lie,wrong,correct,500,-3,2,open,2.053964700025972,-3,12000,0
