trials,dice,user_choice_odd-even,whether_to_lie,actual_answer,dealer_answer,initial_reward,open_reward,open_penalty,user_response_open,choice_rt,choice_reward,balance,peg_balance
1,1,odd,lie,correct,wrong,-500,-3,3,open,3.769541100002243,-3,9500,0
2,6,odd,lie,wrong,correct,500,-1,1,not_open,3.54997189999267,-1,10000,3
3,2,even,truth,correct,correct,500,-1,2,not_open,1.1303578999941237,-1,10500,3
4,2,even,truth,correct,correct,500,-1,3,not_open,0.925261699987459,-1,11000,3
5,3,even,truth,wrong,wrong,-500,-3,2,not_open,5.630123399998411,-1,10500,3
6,4,odd,lie,wrong,correct,500,-2,3,open,5.7943819999927655,-2,11000,1
7,4,odd,lie,wrong,correct,500,-2,1,not_open,4.04267450000043,-1,11500,3
8,4,even,lie,correct,wrong,-500,-1,2,not_open,3.6242954000044847,-1,11000,3
9,3,odd,lie,correct,wrong,-500,-3,2,open,1.9221962000010535,-3,10500,0
10,6,odd,truth,wrong,wrong,-500,-2,2,open,0.940407400004915,2,10000,5
11,3,even,truth,wrong,wrong,-500,-1,1,open,1.7283716999954777,1,9500,4
12,6,odd,truth,wrong,wrong,-500,-2,2,open,1.6865396999928635,2,9000,5
13,5,even,truth,wrong,wrong,-500,-2,1,open,5.107624600001145,1,8500,4
14,3,odd,lie,correct,wrong,-500,-3,1,open,2.366394799988484,-3,8000,0
15,2,odd,truth,wrong,wrong,-500,-2,2,not_open,1.5199763999989955,-1,7500,3
16,5,odd,lie,correct,wrong,-500,-2,2,not_open,2.276885499988566,-1,7000,3
17,3,odd,lie,correct,wrong,-500,-1,3,not_open,3.564374699999462,-1,6500,3
18,1,odd,truth,correct,correct,500,-3,3,not_open,2.923297299988917,-1,7000,3
19,2,even,lie,correct,wrong,-500,-1,1,open,2.0015360999968834,-1,6500,2
20,1,even,truth,wrong,wrong,-500,-3,1,open,1.97577089999686,1,6000,4
21,6,odd,truth,wrong,wrong,-500,-1,2,not_open,1.8595588999887696,-1,5500,3
22,2,odd,truth,wrong,wrong,-500,-1,3,not_open,1.614356999998563,-1,5000,3
23,1,odd,lie,correct,wrong,-500,-1,1,open,2.0926783999893814,-1,4500,2
24,5,odd,truth,correct,correct,500,-3,3,not_open,3.190790599997854,-1,5000,3
25,6,odd,truth,wrong,wrong,-500,-1,2,not_open,2.6365824000095017,-1,4500,3
26,5,odd,lie,correct,wrong,-500,-2,3,not_open,1.565683100008755,-1,4000,3
27,4,odd,lie,wrong,correct,500,-2,3,not_open,1.2771960999962175,-1,4500,3
28,5,odd,lie,correct,wrong,-500,-2,2,not_open,1.465143999987049,-1,4000,3
29,1,odd,lie,correct,wrong,-500,-3,3,not_open,1.9112950999988243,-1,3500,3
30,5,odd,truth,correct,correct,500,-1,3,not_open,2.0976759000041056,-1,4000,3
31,4,odd,truth,wrong,wrong,-500,-3,2,not_open,2.426519200002076,-1,3500,3
32,3,odd,lie,correct,wrong,-500,-3,2,not_open,2.370983200002229,-1,3000,3
33,4,odd,truth,wrong,wrong,-500,-1,3,not_open,2.5440646999923047,-1,2500,3
34,6,odd,truth,wrong,wrong,-500,-3,1,open,2.385523600009037,1,2000,4
35,5,odd,truth,correct,correct,500,-3,1,open,2.1816738000052283,1,2500,4
36,3,odd,lie,correct,wrong,-500,-3,2,not_open,2.0274979999958305,-1,2000,3
37,5,odd,lie,correct,wrong,-500,-2,3,not_open,1.4442275000037625,-1,1500,3
38,6,odd,truth,wrong,wrong,-500,-1,2,not_open,1.7200103000068339,-1,1000,3
39,1,odd,lie,correct,wrong,-500,-2,1,not_open,1.575672899998608,-1,500,3
40,2,odd,lie,wrong,correct,500,-1,2,not_open,1.1870068999996874,-1,1000,3
41,6,odd,truth,wrong,wrong,-500,-3,3,not_open,1.5293631999957142,-1,500,3
42,4,odd,truth,wrong,wrong,-500,-3,3,not_open,1.1812733000115259,-1,0,3
