trials,dice,user_choice_odd-even,whether_to_lie,actual_answer,dealer_answer,initial_reward,open_reward,open_penalty,user_response_open,choice_rt,choice_reward,balance
1,6,odd,lie,wrong,correct,500,3,-6,open,3.333314599993173,3,10503
2,5,odd,lie,correct,wrong,-500,6,-6,open,6.5114142000093125,6,10009
3,4,odd,truth,wrong,wrong,-500,5,-6,open,3.140014600008726,-6,9503
4,5,odd,truth,correct,correct,500,6,-6,open,5.196241300000111,-6,9997
5,6,odd,lie,wrong,correct,500,3,-3,open,1.452119000008679,3,10500
6,6,odd,lie,wrong,correct,500,5,-6,not_open,4.089367699998547,-1,11000
7,3,odd,lie,correct,wrong,-500,3,-6,open,4.120087899995269,3,10503
8,1,odd,truth,correct,correct,500,5,-3,open,1.5219085999997333,-3,11000
9,6,odd,truth,wrong,wrong,-500,5,-3,open,1.818373000001884,-3,10497
10,5,odd,truth,correct,correct,500,5,-3,open,1.3576413999981014,-3,10994
11,3,odd,truth,correct,correct,500,6,-5,open,1.651473400008399,-5,11489
12,6,odd,lie,wrong,correct,500,3,-6,open,3.0890386999963084,3,11992
13,6,odd,truth,wrong,wrong,-500,6,-3,open,0.7988292000081856,-3,11489
14,5,odd,lie,correct,wrong,-500,5,-5,open,1.0953869999939343,5,10994
15,2,odd,lie,wrong,correct,500,6,-3,not_open,2.1351431000075536,-1,11494
16,6,odd,truth,wrong,wrong,-500,3,-5,open,1.589661599995452,-5,10989
17,1,odd,truth,correct,correct,500,6,-6,not_open,4.2106670000066515,-1,11489
18,4,odd,lie,wrong,correct,500,6,-5,open,3.8063130999944406,6,11995
19,5,odd,lie,correct,wrong,-500,5,-6,not_open,3.4816457999986596,-1,11495
20,6,odd,truth,wrong,wrong,-500,3,-3,open,1.3885487000079593,-3,10992
21,2,odd,lie,wrong,correct,500,3,-3,open,1.430112400004873,3,11495
22,1,odd,truth,correct,correct,500,5,-3,open,2.997037699999055,-3,11992
23,3,odd,lie,correct,wrong,-500,5,-5,not_open,1.7017099000076996,-1,11492
24,2,odd,lie,wrong,correct,500,6,-5,open,3.8258226000034483,6,11998
25,1,odd,truth,correct,correct,500,3,-3,not_open,0.9789774999953806,-1,12498
26,4,odd,truth,wrong,wrong,-500,6,-3,not_open,0.40181830000074115,-1,11998
27,6,odd,truth,wrong,wrong,-500,3,-5,open,0.4210040000034496,-5,11493
28,5,odd,lie,correct,wrong,-500,3,-6,not_open,2.2855066000047373,-1,10993
29,3,odd,lie,correct,wrong,-500,5,-3,open,1.5955722999933641,5,10498
30,3,odd,truth,correct,correct,500,3,-3,not_open,1.8286056000069948,-1,10998
31,2,odd,truth,wrong,wrong,-500,5,-5,not_open,1.664093800005503,-1,10498
32,6,odd,truth,wrong,wrong,-500,3,-6,not_open,2.1546042999980273,-1,9998
33,5,odd,lie,correct,wrong,-500,3,-3,open,2.0204329999978654,3,9501
34,4,odd,truth,wrong,wrong,-500,3,-5,not_open,2.673203199999989,-1,9001
35,6,odd,lie,wrong,correct,500,5,-5,not_open,1.3314365999976872,-1,9501
36,5,odd,lie,correct,wrong,-500,6,-5,open,0.6108620000013616,6,9007
37,1,odd,truth,correct,correct,500,5,-6,not_open,2.1537626999925124,-1,9507
38,4,odd,lie,wrong,correct,500,6,-3,open,3.944342199989478,6,10013
39,6,odd,lie,wrong,correct,500,3,-5,not_open,3.3671832000109134,-1,10513
40,2,odd,truth,wrong,wrong,-500,6,-5,not_open,2.6431330000050366,-1,10013
41,4,odd,lie,wrong,correct,500,5,-6,open,6.083935799993924,5,10518
42,5,odd,truth,correct,correct,500,3,-5,not_open,1.2997362000023713,-1,11018
43,5,odd,lie,correct,wrong,-500,5,-3,not_open,1.6833599000092363,-1,10518
44,5,odd,truth,correct,correct,500,5,-6,not_open,0.5301307000045199,-1,11018
45,4,odd,truth,wrong,wrong,-500,6,-3,open,1.2801016000012169,-3,10515
46,2,odd,lie,wrong,correct,500,6,-6,open,1.1544424999883631,6,11021
47,5,odd,lie,correct,wrong,-500,6,-6,not_open,2.700179700012086,-1,10521
48,3,even,truth,wrong,wrong,-500,6,-5,open,1.2955918999941787,-5,10016
49,6,even,truth,correct,correct,500,3,-5,open,0.5904439000005368,-5,10511
50,4,even,lie,correct,wrong,-500,3,-6,open,2.0746249000076205,3,10014
51,1,even,lie,wrong,correct,500,5,-5,open,1.4397923000069568,5,10519
52,4,even,lie,correct,wrong,-500,6,-3,open,1.235419999997248,6,10025
53,2,even,lie,correct,wrong,-500,6,-6,open,0.87047330000496,6,9531
54,6,even,lie,correct,wrong,-500,5,-5,open,1.4836129000032088,5,9036
