trials,dice,user_choice_odd-even,whether_to_lie,actual_answer,dealer_answer,initial_reward,open_reward,open_penalty,user_response_open,choice_rt,choice_reward,balance
1,5,odd,truth,correct,correct,500,25,-25,not_open,5.254786299992702,-1,10500
2,1,even,truth,wrong,wrong,-500,25,-25,open,2.4082897000043886,-25,9975
3,5,even,lie,wrong,correct,500,75,-75,not_open,1.8529555999994045,-1,10475
4,6,odd,lie,wrong,correct,500,25,-75,not_open,0.9090357000095537,-1,10975
5,5,even,lie,wrong,correct,500,75,-25,not_open,1.1724082000000635,-1,11475
6,6,odd,lie,wrong,correct,500,75,-75,not_open,1.8070432000095025,-1,11975
7,2,odd,lie,wrong,correct,500,75,-112,not_open,1.2384238000086043,-1,12475
8,5,even,lie,wrong,correct,500,112,-112,not_open,2.2423153999989154,-1,12975
9,5,even,truth,wrong,wrong,-500,25,-112,not_open,3.9644050000060815,-1,12475
10,4,even,truth,correct,correct,500,112,-75,not_open,1.7369934000016656,-1,12975
11,1,odd,truth,correct,correct,500,75,-25,not_open,2.2936421999911545,-1,13475
12,3,odd,lie,correct,wrong,-500,75,-112,open,3.6167348000017228,75,13050
13,6,even,truth,correct,correct,500,112,-25,not_open,1.888670500004082,-1,13550
14,2,odd,lie,wrong,correct,500,75,-75,not_open,1.5526849000016227,-1,14050
15,4,odd,truth,wrong,wrong,-500,75,-75,open,1.521244100003969,-75,13475
16,4,odd,lie,wrong,correct,500,25,-25,not_open,1.105893299987656,-1,13975
17,4,odd,truth,wrong,wrong,-500,75,-75,open,2.772792499992647,-75,13400
18,5,odd,lie,correct,wrong,-500,112,-112,open,1.3552674999955343,112,13012
19,5,even,lie,wrong,correct,500,25,-112,not_open,3.009619799995562,-1,13512
20,5,even,lie,wrong,correct,500,25,-112,not_open,1.1754352999996627,-1,14012
21,5,odd,lie,correct,wrong,-500,112,-25,open,1.37605779999285,112,13624
22,6,odd,truth,wrong,wrong,-500,75,-112,not_open,1.8504610000090906,-1,13124
23,4,even,truth,correct,correct,500,25,-75,not_open,1.3003905999939889,-1,13624
24,4,odd,lie,wrong,correct,500,112,-75,not_open,0.6845484000077704,-1,14124
25,5,odd,truth,correct,correct,500,25,-112,not_open,1.5800385999900755,-1,14624
26,1,even,truth,wrong,wrong,-500,25,-75,open,1.3866717999917455,-75,14049
27,4,even,truth,correct,correct,500,112,-112,not_open,1.353495399991516,-1,14549
28,6,odd,lie,wrong,correct,500,75,-75,not_open,1.2028547000081744,-1,15049
29,2,odd,truth,wrong,wrong,-500,112,-112,open,1.6150259999994887,-112,14437
30,5,odd,truth,correct,correct,500,25,-75,not_open,1.1332174000126543,-1,14937
31,4,even,lie,correct,wrong,-500,75,-112,open,1.2707147000037367,75,14512
32,5,odd,truth,correct,correct,500,25,-25,not_open,1.2618192999943858,-1,15012
33,5,odd,lie,correct,wrong,-500,112,-75,open,1.517175999993924,112,14624
34,4,even,lie,correct,wrong,-500,75,-25,open,1.3023222000047099,75,14199
35,2,odd,truth,wrong,wrong,-500,112,-25,open,2.645843500009505,-25,13674
36,2,even,lie,correct,wrong,-500,75,-25,open,0.9429399999935413,75,13249
37,4,odd,truth,wrong,wrong,-500,112,-75,open,1.4390545000060229,-75,12674
38,5,odd,truth,correct,correct,500,112,-112,not_open,1.1272601000091527,-1,13174
39,4,even,lie,correct,wrong,-500,75,-25,open,1.03444390000368,75,12749
40,6,even,truth,correct,correct,500,25,-25,not_open,2.024850500005414,-1,13249
41,1,odd,lie,correct,wrong,-500,25,-112,not_open,2.7784027999878163,-1,12749
42,2,odd,truth,wrong,wrong,-500,75,-112,not_open,1.6343133000045782,-1,12249
43,3,odd,lie,correct,wrong,-500,112,-112,open,1.2322067000059178,112,11861
44,3,odd,truth,correct,correct,500,112,-25,not_open,2.382099399997969,-1,12361
45,1,even,truth,wrong,wrong,-500,25,-112,not_open,2.524608100007754,-1,11861
46,3,even,lie,wrong,correct,500,25,-25,not_open,1.1121609000110766,-1,12361
47,3,even,truth,wrong,wrong,-500,75,-25,open,1.4022669000114547,-25,11836
48,6,even,lie,correct,wrong,-500,75,-112,not_open,1.4804180999926757,-1,11336
49,3,even,lie,wrong,correct,500,112,-75,not_open,1.112604599999031,-1,11836
50,4,odd,truth,wrong,wrong,-500,112,-25,open,1.2763890999922296,-25,11311
51,6,odd,lie,wrong,correct,500,25,-75,not_open,1.11374459999206,-1,11811
52,6,odd,truth,wrong,wrong,-500,25,-75,not_open,1.2170912000001408,-1,11311
53,4,even,truth,correct,correct,500,112,-75,not_open,1.321077200002037,-1,11811
54,1,odd,lie,correct,wrong,-500,112,-25,open,1.4397072000137996,112,11423
