trials,dice,user_choice_odd-even,whether_to_lie,actual_answer,dealer_answer,initial_reward,open_reward,open_penalty,user_response_open,choice_rt,choice_reward,balance,peg_balance
1,2,odd,truth,wrong,wrong,-500,-1,2,open,13.976944999987609,2,9500,5
2,2,odd,lie,wrong,correct,500,-1,1,not_open,4.620645200004219,-1,10000,3
3,5,odd,lie,correct,wrong,-500,-3,1,open,2.397234899995965,-3,9500,0
4,1,even,lie,wrong,correct,500,-1,3,not_open,1.8668471000128193,-1,10000,3
5,5,even,lie,wrong,correct,500,-3,1,not_open,8.446235099996557,-1,10500,3
6,4,odd,truth,wrong,wrong,-500,-1,3,open,1.0208775000064634,3,10000,6
7,4,odd,lie,wrong,correct,500,-2,2,not_open,1.2838996000064071,-1,10500,3
8,4,even,lie,correct,wrong,-500,-2,2,open,2.096384799995576,-2,10000,1
9,1,odd,truth,correct,correct,500,-3,3,not_open,3.043144299997948,-1,10500,3
10,4,even,lie,correct,wrong,-500,-3,2,open,2.592823099999805,-3,10000,0
11,2,odd,lie,wrong,correct,500,-3,1,not_open,5.15928530000383,-1,10500,3
12,5,even,truth,wrong,wrong,-500,-3,3,open,2.645265900006052,3,10000,6
13,1,odd,truth,correct,correct,500,-2,3,not_open,2.680786500000977,-1,10500,3
14,6,odd,lie,wrong,correct,500,-3,2,not_open,2.090909200007445,-1,11000,3
15,4,odd,lie,wrong,correct,500,-1,2,not_open,3.879511499995715,-1,11500,3
16,4,even,lie,correct,wrong,-500,-2,3,open,3.6042020000022603,-2,11000,1
17,2,odd,truth,wrong,wrong,-500,-2,1,open,2.0342485000001034,1,10500,4
18,2,odd,lie,wrong,correct,500,-1,2,not_open,1.6336405999900308,-1,11000,3
19,6,even,truth,correct,correct,500,-2,1,open,1.9086332000006223,1,11500,4
20,5,odd,truth,correct,correct,500,-1,3,not_open,1.9353473999944981,-1,12000,3
21,4,even,lie,correct,wrong,-500,-2,2,open,3.2630432000005385,-2,11500,1
22,3,even,lie,wrong,correct,500,-3,3,not_open,1.8007714999985183,-1,12000,3
23,2,odd,truth,wrong,wrong,-500,-3,3,open,1.3528379000053974,3,11500,6
24,4,odd,truth,wrong,wrong,-500,-2,3,open,1.685911299995496,3,11000,6
25,1,odd,truth,correct,correct,500,-1,2,not_open,2.9378097000007983,-1,11500,3
26,4,odd,lie,wrong,correct,500,-2,1,not_open,3.5328641000087373,-1,12000,3
27,6,odd,truth,wrong,wrong,-500,-1,1,open,1.4213119000050938,1,11500,4
28,5,even,lie,wrong,correct,500,-3,2,not_open,2.651740699991933,-1,12000,3
29,1,odd,lie,correct,wrong,-500,-2,1,open,3.0312635000009323,-2,11500,1
30,2,even,truth,correct,correct,500,-3,3,not_open,1.3951013000041712,-1,12000,3
31,5,odd,lie,correct,wrong,-500,-1,3,not_open,3.470769499996095,-1,11500,3
32,5,odd,lie,correct,wrong,-500,-3,1,open,1.8818619000085164,-3,11000,0
33,2,even,lie,correct,wrong,-500,-1,3,not_open,2.8126366999931633,-1,10500,3
34,6,even,lie,correct,wrong,-500,-2,1,open,1.81629879999673,-2,10000,1
35,6,odd,truth,wrong,wrong,-500,-1,2,not_open,2.2406236000097124,-1,9500,3
36,3,odd,lie,correct,wrong,-500,-1,1,open,1.3360221000039019,-1,9000,2
37,6,even,truth,correct,correct,500,-2,2,not_open,1.0766169999988051,-1,9500,3
38,6,even,lie,correct,wrong,-500,-3,2,open,2.248318500001915,-3,9000,0
39,4,odd,lie,wrong,correct,500,-1,1,not_open,1.9150474000052782,-1,9500,3
40,5,odd,truth,correct,correct,500,-1,2,not_open,2.0189511999924434,-1,10000,3
41,3,even,truth,wrong,wrong,-500,-1,1,open,1.0267013999982737,1,9500,4
42,3,odd,truth,correct,correct,500,-3,1,open,2.165879699998186,1,10000,4
43,5,even,lie,wrong,correct,500,-2,1,not_open,2.062521200001356,-1,10500,3
44,4,odd,lie,wrong,correct,500,-2,3,not_open,1.8290926999907242,-1,11000,3
45,3,odd,truth,correct,correct,500,-1,3,not_open,1.7705492000095546,-1,11500,3
46,1,even,lie,wrong,correct,500,-3,3,not_open,1.311942700005602,-1,12000,3
47,2,even,truth,correct,correct,500,-2,3,not_open,2.2114539000031073,-1,12500,3
48,2,odd,lie,wrong,correct,500,-1,1,not_open,1.8193937000032747,-1,13000,3
49,3,odd,truth,correct,correct,500,-3,2,not_open,1.747840999989421,-1,13500,3
50,6,odd,lie,wrong,correct,500,-2,3,not_open,2.090556600000127,-1,14000,3
51,4,even,truth,correct,correct,500,-3,1,open,1.6367571000009775,1,14500,4
52,3,even,lie,wrong,correct,500,-3,2,not_open,1.826195400004508,-1,15000,3
53,1,odd,lie,correct,wrong,-500,-2,2,open,1.202066300000297,-2,14500,1
54,6,odd,lie,wrong,correct,500,-2,2,not_open,1.0036925000022165,-1,15000,3
