trials,dice,user_choice_odd-even,whether_to_lie,actual_answer,dealer_answer,initial_reward,open_reward,open_penalty,user_response_open,choice_rt,choice_reward,balance
1,6,odd,truth,wrong,wrong,-500,64,-126,not_open,13.996388500003377,-1,9500
2,6,odd,lie,wrong,correct,500,126,-64,open,5.624510900001042,126,10126
3,2,odd,lie,wrong,correct,500,48,-48,not_open,1.7949662000028184,-1,10626
4,1,odd,truth,correct,correct,500,48,-126,not_open,3.040091400001984,-1,11126
5,6,odd,truth,wrong,wrong,-500,126,-48,open,5.391182499999559,-48,10578
6,6,odd,lie,wrong,correct,500,64,-126,not_open,3.3446129000003566,-1,11078
7,4,odd,truth,wrong,wrong,-500,64,-64,open,3.2401195999991614,-64,10514
8,2,odd,truth,wrong,wrong,-500,64,-126,not_open,2.2292498999995587,-1,10014
9,5,odd,truth,correct,correct,500,48,-48,open,4.394395899998926,-48,10466
10,6,odd,truth,wrong,wrong,-500,48,-126,not_open,4.281596400000126,-1,9966
11,4,odd,truth,wrong,wrong,-500,126,-64,open,2.8321716000027664,-64,9402
12,5,odd,truth,correct,correct,500,64,-48,open,7.5355084000002535,-48,9854
13,5,odd,truth,correct,correct,500,126,-64,not_open,3.040625800000271,-1,10354
14,6,odd,truth,wrong,wrong,-500,48,-48,not_open,3.0930146999999124,-1,9854
15,1,odd,lie,correct,wrong,-500,64,-48,open,3.8376232000009622,64,9418
16,4,odd,lie,wrong,correct,500,48,-64,not_open,1.468194200002472,-1,9918
17,3,odd,truth,correct,correct,500,126,-126,not_open,1.3237110000009125,-1,10418
18,3,odd,lie,correct,wrong,-500,64,-48,open,6.038410000001022,64,9982
19,1,odd,truth,correct,correct,500,126,-126,not_open,0.9633107000008749,-1,10482
20,6,odd,truth,wrong,wrong,-500,48,-64,not_open,1.9671226999998908,-1,9982
21,2,odd,truth,wrong,wrong,-500,48,-126,not_open,1.9225471999998263,-1,9482
22,4,odd,lie,wrong,correct,500,64,-126,not_open,1.136225199999899,-1,9982
23,1,odd,lie,correct,wrong,-500,64,-64,open,3.572342600000411,64,9546
24,3,odd,lie,correct,wrong,-500,48,-126,not_open,1.449052899999515,-1,9046
25,1,odd,truth,correct,correct,500,64,-48,open,4.636601999998675,-48,9498
26,2,odd,truth,wrong,wrong,-500,64,-64,open,9.420303399998375,-64,8934
27,4,odd,lie,wrong,correct,500,126,-64,open,1.6975972999971418,126,9560
28,5,odd,lie,correct,wrong,-500,64,-48,open,1.760233099998004,64,9124
29,4,odd,lie,wrong,correct,500,126,-48,open,3.690093400000478,126,9750
30,1,odd,lie,correct,wrong,-500,64,-64,not_open,2.351018199999089,-1,9250
31,1,odd,lie,correct,wrong,-500,126,-48,open,1.8480109999982233,126,8876
32,5,odd,lie,correct,wrong,-500,48,-126,not_open,3.1978619000001345,-1,8376
33,1,odd,truth,correct,correct,500,48,-64,not_open,1.618732999999338,-1,8876
34,1,odd,truth,correct,correct,500,126,-48,open,1.8438700000006065,-48,9328
35,3,odd,truth,correct,correct,500,126,-126,not_open,1.409104300000763,-1,9828
36,4,odd,truth,wrong,wrong,-500,126,-64,open,1.7002549999997427,-64,9264
37,3,odd,lie,correct,wrong,-500,48,-64,not_open,1.597480300002644,-1,8764
38,6,odd,lie,wrong,correct,500,64,-126,not_open,0.848906100000022,-1,9264
39,5,odd,truth,correct,correct,500,126,-126,not_open,0.8875036999997974,-1,9764
40,5,odd,truth,correct,correct,500,126,-126,not_open,1.2884830999973929,-1,10264
41,2,odd,truth,wrong,wrong,-500,64,-126,not_open,2.65867789999902,-1,9764
42,1,odd,lie,correct,wrong,-500,64,-64,open,2.8188885000017763,64,9328
43,4,odd,lie,wrong,correct,500,48,-126,not_open,1.0496262000015122,-1,9828
44,5,odd,lie,correct,wrong,-500,126,-48,open,1.5684679000005417,126,9454
45,1,odd,truth,correct,correct,500,64,-64,not_open,2.1960364999977173,-1,9954
46,4,odd,lie,wrong,correct,500,48,-64,not_open,0.9650355999983731,-1,10454
47,2,odd,truth,wrong,wrong,-500,64,-48,open,1.4670489000018279,-48,9906
48,6,odd,truth,wrong,wrong,-500,48,-48,not_open,1.21861269999863,-1,9406
49,6,odd,truth,wrong,wrong,-500,126,-64,open,1.444819099997403,-64,8842
50,5,odd,truth,correct,correct,500,48,-48,not_open,1.7157504000024346,-1,9342
51,4,odd,lie,wrong,correct,500,48,-48,not_open,1.2598031999987143,-1,9842
52,6,odd,lie,wrong,correct,500,48,-64,not_open,1.1458893999988504,-1,10342
53,1,odd,lie,correct,wrong,-500,126,-48,open,1.530841200001305,126,9968
54,3,odd,lie,correct,wrong,-500,126,-126,not_open,3.056694200000493,-1,9468
