trials,dice,user_choice_odd-even,whether_to_lie,actual_answer,dealer_answer,initial_reward,open_reward,open_penalty,user_response_open,choice_rt,choice_reward,balance,peg_balance
1,5,odd,truth,correct,correct,500,-3,3,not_open,2.8502504999996745,-1,10500,3
2,3,odd,lie,correct,wrong,-500,-2,2,open,4.50970949999828,-2,10000,1
3,5,odd,truth,correct,correct,500,-3,2,not_open,10.194293900000048,-1,10500,3
4,4,odd,lie,wrong,correct,500,-1,1,open,2.587170499999047,-1,11000,2
5,2,odd,truth,wrong,wrong,-500,-3,3,not_open,1.7495726000015566,-1,10500,3
6,1,odd,truth,correct,correct,500,-3,1,open,2.97338800000216,1,11000,4
7,6,odd,truth,wrong,wrong,-500,-2,2,open,3.116547300000093,2,10500,5
8,4,odd,lie,wrong,correct,500,-3,2,not_open,3.632953100001032,-1,11000,3
9,6,odd,lie,wrong,correct,500,-1,3,not_open,1.6578319000000192,-1,11500,3
10,5,odd,truth,correct,correct,500,-3,3,not_open,1.3066236000013305,-1,12000,3
11,3,odd,truth,correct,correct,500,-2,1,open,1.9173671000025934,1,12500,4
12,6,odd,lie,wrong,correct,500,-2,3,not_open,1.9116313999984413,-1,13000,3
13,3,odd,truth,correct,correct,500,-1,3,not_open,1.3567225000006147,-1,13500,3
14,6,odd,truth,wrong,wrong,-500,-2,3,not_open,2.7361729000003834,-1,13000,3
15,2,odd,lie,wrong,correct,500,-1,2,not_open,1.8095123000020976,-1,13500,3
16,5,odd,truth,correct,correct,500,-1,2,not_open,1.101921699999366,-1,14000,3
17,5,odd,truth,correct,correct,500,-2,1,open,2.2278311000009126,1,14500,4
18,3,odd,truth,correct,correct,500,-2,3,not_open,1.4412794999989273,-1,15000,3
19,2,odd,truth,wrong,wrong,-500,-1,1,open,2.101542200001859,1,14500,4
20,3,odd,truth,correct,correct,500,-1,1,open,2.448043600001256,1,15000,4
21,1,odd,lie,correct,wrong,-500,-3,3,not_open,0.4876244000006409,-1,14500,3
22,6,odd,truth,wrong,wrong,-500,-3,1,open,2.0938587999989977,1,14000,4
23,3,odd,lie,correct,wrong,-500,-3,3,not_open,1.0662157000006118,-1,13500,3
24,5,odd,truth,correct,correct,500,-3,2,not_open,0.5102684999983467,-1,14000,3
25,6,odd,truth,wrong,wrong,-500,-1,3,not_open,2.1197752000007313,-1,13500,3
26,1,odd,truth,correct,correct,500,-2,2,not_open,1.1041948000020056,-1,14000,3
27,2,odd,lie,wrong,correct,500,-3,1,not_open,2.658705000001646,-1,14500,3
28,2,odd,truth,wrong,wrong,-500,-3,3,not_open,1.372479999998177,-1,14000,3
29,4,odd,lie,wrong,correct,500,-2,2,not_open,1.409202999999252,-1,14500,3
30,4,odd,lie,wrong,correct,500,-3,1,not_open,1.9048574000007648,-1,15000,3
31,3,odd,lie,correct,wrong,-500,-1,3,not_open,1.3842869000000064,-1,14500,3
32,2,odd,truth,wrong,wrong,-500,-3,2,not_open,1.8039970000027097,-1,14000,3
33,5,odd,truth,correct,correct,500,-1,1,not_open,1.5770123000002059,-1,14500,3
34,5,odd,truth,correct,correct,500,-3,2,not_open,0.7130075999994006,-1,15000,3
35,5,odd,truth,correct,correct,500,-3,1,open,3.0212780000001658,1,15500,4
36,6,odd,lie,wrong,correct,500,-1,1,not_open,1.9314860999984376,-1,16000,3
37,2,odd,lie,wrong,correct,500,-1,2,not_open,1.7881147999978566,-1,16500,3
38,6,odd,lie,wrong,correct,500,-1,1,not_open,0.9226453000010224,-1,17000,3
39,3,odd,lie,correct,wrong,-500,-2,3,not_open,0.7801370000015595,-1,16500,3
40,6,odd,lie,wrong,correct,500,-2,3,not_open,1.9537185000008321,-1,17000,3
41,5,odd,truth,correct,correct,500,-2,1,not_open,1.1391675999984727,-1,17500,3
42,5,odd,lie,correct,wrong,-500,-2,2,not_open,0.9858821000016178,-1,17000,3
43,4,odd,lie,wrong,correct,500,-1,2,not_open,1.3731312000018079,-1,17500,3
44,1,odd,lie,correct,wrong,-500,-2,3,not_open,1.256452800000261,-1,17000,3
45,3,odd,truth,correct,correct,500,-2,1,open,4.488991400001396,1,17500,4
46,5,odd,lie,correct,wrong,-500,-2,2,not_open,0.5938641000029747,-1,17000,3
47,2,odd,truth,wrong,wrong,-500,-1,2,not_open,0.8521030999982031,-1,16500,3
48,1,odd,lie,correct,wrong,-500,-3,2,not_open,2.7651716000000306,-1,16000,3
49,1,odd,lie,correct,wrong,-500,-2,1,not_open,1.1780010000002221,-1,15500,3
50,3,odd,lie,correct,wrong,-500,-1,3,not_open,0.5144216000007873,-1,15000,3
51,5,odd,truth,correct,correct,500,-1,3,not_open,1.558777199999895,-1,15500,3
52,6,odd,lie,wrong,correct,500,-2,1,not_open,0.9077370000013616,-1,16000,3
53,5,odd,lie,correct,wrong,-500,-3,1,not_open,1.6221597000003385,-1,15500,3
54,1,odd,lie,correct,wrong,-500,-1,2,not_open,1.3374789000008604,-1,15000,3
