trials,dice,user_choice_odd-even,whether_to_lie,actual_answer,dealer_answer,initial_reward,open_reward,open_penalty,user_response_open,choice_rt,choice_reward,balance
1,5,odd,truth,correct,correct,500,56,-56,open,6.290496100002201,-56,10444
2,3,even,lie,wrong,correct,500,56,-100,not_open,3.8054516999982297,-1,10944
3,1,odd,lie,correct,wrong,-500,100,-100,open,4.0080940000189,100,10544
4,6,even,lie,correct,wrong,-500,100,-100,open,1.6107478000049014,100,10144
5,3,even,truth,wrong,wrong,-500,56,-56,open,0.943797900021309,-56,9588
6,4,even,truth,correct,correct,500,100,-56,open,1.3953698000113945,-56,10032
7,3,odd,lie,correct,wrong,-500,100,-100,open,1.5535318999900483,100,9632
8,3,even,lie,wrong,correct,500,100,-100,open,3.7366097000194713,100,10232
9,6,odd,truth,wrong,wrong,-500,56,-100,not_open,1.7164709999924526,-1,9732
10,6,even,truth,correct,correct,500,100,-100,open,0.8559872999903746,-100,10132
11,6,even,truth,correct,correct,500,56,-100,not_open,1.3882226000132505,-1,10632
12,6,odd,lie,wrong,correct,500,100,-100,open,1.290113900002325,100,11232
13,2,even,lie,correct,wrong,-500,56,-100,open,1.931224799976917,56,10788
14,4,even,truth,correct,correct,500,100,-100,open,1.465601500007324,-100,11188
15,4,even,truth,correct,correct,500,100,-56,open,1.4477907000109553,-56,11632
16,2,even,lie,correct,wrong,-500,100,-100,open,1.1325227999768686,100,11232
17,1,even,truth,wrong,wrong,-500,100,-100,open,1.280910400004359,-100,10632
18,2,odd,lie,wrong,correct,500,100,-56,open,1.2504801000177395,100,11232
19,5,even,lie,wrong,correct,500,100,-100,open,1.0830289000004996,100,11832
20,2,even,lie,correct,wrong,-500,100,-100,open,0.7111103999777697,100,11432
21,6,odd,truth,wrong,wrong,-500,56,-100,not_open,1.6599301999958698,-1,10932
22,4,even,lie,correct,wrong,-500,100,-100,open,0.8420774000114761,100,10532
23,3,odd,lie,correct,wrong,-500,100,-56,open,1.6905415000219364,100,10132
24,1,even,lie,wrong,correct,500,56,-56,open,1.0474371000018436,56,10688
25,3,even,truth,wrong,wrong,-500,56,-56,open,0.7180297000159044,-56,10132
26,5,odd,lie,correct,wrong,-500,56,-56,open,0.5949332000163849,56,9688
27,3,even,lie,wrong,correct,500,100,-100,open,0.8945829999865964,100,10288
28,5,even,lie,wrong,correct,500,100,-100,open,0.6151682999916375,100,10888
29,4,odd,lie,wrong,correct,500,100,-56,open,1.1934376999852248,100,11488
30,6,even,truth,correct,correct,500,56,-56,open,0.6439218999876175,-56,11932
31,2,even,lie,correct,wrong,-500,100,-56,open,0.6688398999976926,100,11532
32,1,odd,truth,correct,correct,500,100,-100,open,0.7131683999905363,-100,11932
33,1,even,truth,wrong,wrong,-500,100,-56,open,0.7187312000023667,-56,11376
34,5,even,lie,wrong,correct,500,100,-100,open,0.47989409998990595,100,11976
35,3,even,truth,wrong,wrong,-500,56,-100,not_open,1.556303300021682,-1,11476
36,6,odd,truth,wrong,wrong,-500,56,-100,not_open,1.2974125999899115,-1,10976
37,4,even,lie,correct,wrong,-500,100,-100,open,1.0893164000008255,100,10576
38,1,even,lie,wrong,correct,500,100,-56,open,1.2885918999963906,100,11176
39,5,even,lie,wrong,correct,500,100,-100,open,0.9249993000121322,100,11776
40,4,odd,truth,wrong,wrong,-500,100,-100,open,0.6643499000056181,-100,11176
41,6,even,truth,correct,correct,500,56,-100,not_open,1.1883499999821652,-1,11676
42,4,odd,truth,wrong,wrong,-500,100,-100,open,0.6450657999957912,-100,11076
43,2,even,truth,correct,correct,500,100,-100,open,0.7958119999966584,-100,11476
44,1,even,lie,wrong,correct,500,56,-100,not_open,1.2015360999794211,-1,11976
45,1,even,truth,wrong,wrong,-500,100,-56,open,1.1073187999718357,-56,11420
46,6,even,lie,correct,wrong,-500,100,-100,open,0.8272332000196911,100,11020
47,5,even,truth,wrong,wrong,-500,100,-56,open,0.7845263999770395,-56,10464
48,1,odd,truth,correct,correct,500,100,-100,open,0.7658106000162661,-100,10864
49,1,even,lie,wrong,correct,500,100,-56,open,0.6823464999906719,100,11464
50,2,even,truth,correct,correct,500,100,-100,open,0.7861457999970298,-100,11864
51,4,even,lie,correct,wrong,-500,100,-56,open,0.665671900002053,100,11464
52,6,even,lie,correct,wrong,-500,56,-100,not_open,1.2066944999969564,-1,10964
53,3,odd,lie,correct,wrong,-500,56,-100,not_open,0.859646100027021,-1,10464
54,2,even,truth,correct,correct,500,56,-100,not_open,1.0165729000000283,-1,10964
