trials,dice,user_choice_odd-even,whether_to_lie,actual_answer,dealer_answer,initial_reward,open_reward,open_penalty,user_response_open,choice_rt,choice_reward,balance,peg_balance
1,4,odd,lie,wrong,correct,500,-3,1,not_open,9.454923799989047,-1,10500,3
2,6,even,lie,correct,wrong,-500,-2,3,open,2.261886799999047,-2,10000,1
3,2,even,truth,correct,correct,500,-3,1,open,13.247684999980265,1,10500,4
4,6,even,truth,correct,correct,500,-2,2,open,2.800189200002933,2,11000,5
5,1,odd,lie,correct,wrong,-500,-1,3,open,3.2088155999954324,-1,10500,2
6,5,even,truth,wrong,wrong,-500,-3,2,not_open,2.07002540002577,-1,10000,3
7,1,odd,lie,correct,wrong,-500,-1,1,open,1.2805532999918796,-1,9500,2
8,1,even,lie,wrong,correct,500,-2,1,open,1.8704003999882843,-2,10000,1
9,2,even,lie,correct,wrong,-500,-1,3,not_open,2.7167991999886,-1,9500,3
10,2,odd,truth,wrong,wrong,-500,-2,3,open,4.505485100002261,3,9000,6
11,4,even,lie,correct,wrong,-500,-2,1,open,1.4438000000081956,-2,8500,1
12,2,odd,truth,wrong,wrong,-500,-3,2,open,1.3947118000069167,2,8000,5
13,1,even,lie,wrong,correct,500,-2,1,open,1.4765130000014324,-2,8500,1
14,6,odd,lie,wrong,correct,500,-2,2,not_open,2.1607600999996066,-1,9000,3
15,6,odd,lie,wrong,correct,500,-3,1,open,1.102879199985182,-3,9500,0
16,6,even,lie,correct,wrong,-500,-2,3,not_open,2.7852535000129137,-1,9000,3
17,2,odd,truth,wrong,wrong,-500,-3,2,open,2.0490946999925654,2,8500,5
18,2,odd,truth,wrong,wrong,-500,-3,3,not_open,1.403129699989222,-1,8000,3
19,1,even,lie,wrong,correct,500,-3,1,open,1.137391900003422,-3,8500,0
20,4,odd,lie,wrong,correct,500,-2,3,not_open,1.9272811000118963,-1,9000,3
21,3,odd,truth,correct,correct,500,-1,2,not_open,1.8145782000210602,-1,9500,3
22,2,even,truth,correct,correct,500,-3,1,open,0.979871900024591,1,10000,4
23,2,odd,truth,wrong,wrong,-500,-3,3,not_open,1.1846537000092212,-1,9500,3
24,1,even,lie,wrong,correct,500,-2,3,not_open,1.0623190999904182,-1,10000,3
25,6,odd,truth,wrong,wrong,-500,-1,1,open,1.2657332999806385,1,9500,4
26,3,even,truth,wrong,wrong,-500,-3,3,open,2.2504604999849107,3,9000,6
27,4,odd,lie,wrong,correct,500,-1,2,not_open,3.1129090000176802,-1,9500,3
28,3,odd,truth,correct,correct,500,-3,2,open,1.1995759999845177,2,10000,5
29,2,even,lie,correct,wrong,-500,-1,3,not_open,2.611509999987902,-1,9500,3
30,5,odd,truth,correct,correct,500,-3,2,open,2.360920899984194,2,10000,5
31,2,odd,lie,wrong,correct,500,-1,1,open,1.7994624999992084,-1,10500,2
32,6,even,truth,correct,correct,500,-3,3,not_open,1.5706788999959826,-1,11000,3
33,6,odd,lie,wrong,correct,500,-2,3,not_open,1.9109112999867648,-1,11500,3
34,3,even,truth,wrong,wrong,-500,-1,2,not_open,1.2101817000075243,-1,11000,3
35,4,odd,truth,wrong,wrong,-500,-2,1,open,1.4683472999895457,1,10500,4
36,4,even,truth,correct,correct,500,-3,3,not_open,0.9120827000006102,-1,11000,3
37,2,odd,truth,wrong,wrong,-500,-1,2,not_open,1.0516835000016727,-1,10500,3
38,6,odd,truth,wrong,wrong,-500,-1,1,open,0.8844985000032466,1,10000,4
39,4,even,lie,correct,wrong,-500,-1,3,not_open,1.0167118000099435,-1,9500,3
40,5,odd,truth,correct,correct,500,-1,3,not_open,1.1983197000226937,-1,10000,3
41,4,even,lie,correct,wrong,-500,-2,1,open,1.2819830999942496,-2,9500,1
42,3,odd,truth,correct,correct,500,-1,2,not_open,1.3487301999994088,-1,10000,3
43,3,even,lie,wrong,correct,500,-1,1,open,0.9357703999849036,-1,10500,2
44,5,even,truth,wrong,wrong,-500,-2,2,open,3.4354805999901146,2,10000,5
45,3,even,lie,wrong,correct,500,-1,1,open,0.9516303999989759,-1,10500,2
46,1,even,truth,wrong,wrong,-500,-1,3,not_open,1.8241441999853123,-1,10000,3
47,6,even,lie,correct,wrong,-500,-3,1,open,1.184399299992947,-3,9500,0
48,3,even,truth,wrong,wrong,-500,-1,2,not_open,3.7374381000117864,-1,9000,3
49,5,odd,truth,correct,correct,500,-2,1,open,1.119966199999908,1,9500,4
50,3,even,truth,wrong,wrong,-500,-2,2,open,1.2867642000201158,2,9000,5
51,6,odd,lie,wrong,correct,500,-2,2,open,2.634237399994163,-2,9500,1
52,2,even,lie,correct,wrong,-500,-3,3,open,3.671267400000943,-3,9000,0
53,5,even,truth,wrong,wrong,-500,-3,2,open,1.1575698999804445,2,8500,5
54,5,odd,truth,correct,correct,500,-2,2,open,1.4096550999965984,2,9000,5
