trials,dice,user_choice_odd-even,whether_to_lie,actual_answer,dealer_answer,initial_reward,open_reward,open_penalty,user_response_open,choice_rt,choice_reward,balance,peg_balance
1,3,even,truth,wrong,wrong,-500,-2,1,open,2.756819899979746,1,9500,4
2,5,odd,truth,correct,correct,500,-2,2,not_open,0.2938256000052206,-1,10000,3
3,3,odd,truth,correct,correct,500,-2,1,not_open,0.2612117000098806,-1,10500,3
4,2,odd,lie,wrong,correct,500,-3,1,not_open,0.5473131999897305,-1,11000,3
5,5,even,truth,wrong,wrong,-500,-2,2,not_open,2.155971000000136,-1,10500,3
6,6,even,lie,correct,wrong,-500,-1,3,not_open,4.722241499985103,-1,10000,3
7,4,even,lie,correct,wrong,-500,-3,1,open,4.37700579999364,-3,9500,0
8,5,even,truth,wrong,wrong,-500,-3,3,not_open,1.8616165000130422,-1,9000,3
9,6,even,lie,correct,wrong,-500,-1,2,not_open,2.2108337999961805,-1,8500,3
10,6,even,truth,correct,correct,500,-3,2,open,2.831352599983802,2,9000,5
11,5,even,truth,wrong,wrong,-500,-1,3,not_open,1.5728534000227228,-1,8500,3
12,4,even,truth,correct,correct,500,-2,3,not_open,1.3806257000251208,-1,9000,3
13,6,even,truth,correct,correct,500,-2,1,open,3.352350100001786,1,9500,4
14,3,odd,truth,correct,correct,500,-2,1,open,2.5838065999851096,1,10000,4
15,3,even,truth,wrong,wrong,-500,-3,1,open,1.6991847999743186,1,9500,4
16,5,even,truth,wrong,wrong,-500,-2,2,not_open,1.3418094999797177,-1,9000,3
17,6,even,truth,correct,correct,500,-2,3,not_open,1.0485502000083216,-1,9500,3
18,4,odd,truth,wrong,wrong,-500,-1,1,not_open,2.685366999998223,-1,9000,3
19,6,even,lie,correct,wrong,-500,-2,3,not_open,1.3312840000144206,-1,8500,3
20,2,even,truth,correct,correct,500,-2,3,not_open,1.3155090999789536,-1,9000,3
21,3,even,truth,wrong,wrong,-500,-2,3,not_open,5.527438599994639,-1,8500,3
22,3,odd,truth,correct,correct,500,-1,3,not_open,0.9092609000217635,-1,9000,3
23,6,even,truth,correct,correct,500,-1,1,open,1.5310447000083514,1,9500,4
24,4,even,truth,correct,correct,500,-3,1,open,1.4363597999908961,1,10000,4
25,6,even,lie,correct,wrong,-500,-1,2,not_open,1.4948142000066582,-1,9500,3
26,6,even,lie,correct,wrong,-500,-1,2,not_open,1.0299166000040714,-1,9000,3
27,1,even,lie,wrong,correct,500,-3,2,not_open,1.5678219000110403,-1,9500,3
28,3,even,lie,wrong,correct,500,-3,2,not_open,1.6451089000038337,-1,10000,3
29,3,even,truth,wrong,wrong,-500,-1,2,not_open,1.1381614999845624,-1,9500,3
30,1,even,lie,wrong,correct,500,-2,1,open,1.3361415999825113,-2,10000,1
31,2,even,lie,correct,wrong,-500,-1,1,not_open,1.4158647000149358,-1,9500,3
32,2,even,lie,correct,wrong,-500,-3,2,not_open,2.0842236999887973,-1,9000,3
33,5,even,truth,wrong,wrong,-500,-1,3,not_open,1.392437600006815,-1,8500,3
34,4,even,truth,correct,correct,500,-1,1,not_open,2.089847199997166,-1,9000,3
35,4,even,lie,correct,wrong,-500,-1,2,not_open,1.3650575000210665,-1,8500,3
36,4,even,truth,correct,correct,500,-2,3,not_open,1.2738561000151094,-1,9000,3
37,3,even,lie,wrong,correct,500,-3,3,not_open,1.3320518000109587,-1,9500,3
38,1,even,lie,wrong,correct,500,-2,2,not_open,1.4997246999992058,-1,10000,3
39,5,odd,truth,correct,correct,500,-1,1,open,2.139726499997778,1,10500,4
40,3,even,truth,wrong,wrong,-500,-3,2,open,1.842564599995967,2,10000,5
41,4,even,truth,correct,correct,500,-2,2,not_open,1.1569734000077005,-1,10500,3
42,4,even,lie,correct,wrong,-500,-2,2,not_open,1.0394129999913275,-1,10000,3
43,4,even,lie,correct,wrong,-500,-1,2,not_open,1.4561140000005253,-1,9500,3
44,5,even,truth,wrong,wrong,-500,-1,3,not_open,2.1847071000083815,-1,9000,3
45,3,even,lie,wrong,correct,500,-1,1,open,2.760130400012713,-1,9500,2
46,3,even,lie,wrong,correct,500,-3,3,not_open,1.2632748000032734,-1,10000,3
47,4,even,truth,correct,correct,500,-3,3,not_open,1.1357188999827486,-1,10500,3
48,4,odd,lie,wrong,correct,500,-1,3,not_open,1.3123812000267208,-1,11000,3
49,4,odd,truth,wrong,wrong,-500,-3,3,not_open,0.9202488000155427,-1,10500,3
50,5,odd,truth,correct,correct,500,-3,2,open,3.272716599982232,2,11000,5
51,4,even,lie,correct,wrong,-500,-3,1,open,1.6224383999942802,-3,10500,0
52,4,even,lie,correct,wrong,-500,-3,1,open,1.3675341000198387,-3,10000,0
53,2,odd,lie,wrong,correct,500,-3,3,not_open,1.5607754999946337,-1,10500,3
54,4,even,truth,correct,correct,500,-2,1,open,1.6035746000125073,1,11000,4
