trials,dice,user_choice_odd-even,whether_to_lie,actual_answer,dealer_answer,initial_reward,open_reward,open_penalty,user_response_open,choice_rt,choice_reward,balance
1,6,even,truth,correct,correct,500,254,-126,not_open,5.132989199977601,-1,10500
2,2,odd,lie,wrong,correct,500,126,-150,not_open,3.0178025999921374,-1,11000
3,2,even,truth,correct,correct,500,126,-254,not_open,3.42661809999845,-1,11500
4,5,odd,truth,correct,correct,500,150,-150,not_open,1.7241164000006393,-1,12000
5,6,odd,truth,wrong,wrong,-500,150,-126,open,2.4625290000112727,-126,11374
6,3,even,lie,wrong,correct,500,126,-126,not_open,2.670206300012069,-1,11874
7,1,odd,truth,correct,correct,500,254,-150,not_open,4.549656599992886,-1,12374
8,2,odd,lie,wrong,correct,500,254,-150,not_open,2.1418739999935497,-1,12874
9,6,even,lie,correct,wrong,-500,126,-126,not_open,2.126923000003444,-1,12374
10,5,odd,truth,correct,correct,500,150,-254,not_open,1.2060820999904536,-1,12874
11,2,odd,truth,wrong,wrong,-500,254,-126,open,1.7587214999948628,-126,12248
12,3,even,truth,wrong,wrong,-500,126,-150,not_open,0.7188361999869812,-1,11748
13,3,even,truth,wrong,wrong,-500,150,-150,open,1.8117384999932256,-150,11098
14,5,odd,lie,correct,wrong,-500,126,-150,not_open,1.3785218999837525,-1,10598
15,2,even,truth,correct,correct,500,254,-254,not_open,2.5004329000075813,-1,11098
16,1,even,truth,wrong,wrong,-500,126,-126,not_open,0.7627443000092171,-1,10598
17,5,odd,lie,correct,wrong,-500,150,-150,not_open,0.9281398000021,-1,10098
18,4,even,lie,correct,wrong,-500,254,-254,open,2.475363200006541,254,9852
19,1,even,truth,wrong,wrong,-500,150,-126,open,2.096357699978398,-126,9226
20,3,odd,truth,correct,correct,500,150,-150,not_open,1.230341699993005,-1,9726
21,5,odd,truth,correct,correct,500,150,-254,not_open,0.4664232000068296,-1,10226
22,4,odd,truth,wrong,wrong,-500,150,-254,not_open,2.122146800014889,-1,9726
23,1,even,truth,wrong,wrong,-500,126,-126,not_open,1.4200251000002027,-1,9226
24,4,odd,truth,wrong,wrong,-500,254,-254,not_open,0.5909038999816403,-1,8726
25,4,even,truth,correct,correct,500,254,-126,not_open,0.30577599999378435,-1,9226
26,2,even,lie,correct,wrong,-500,126,-254,open,0.2943636999989394,126,8852
27,2,even,lie,correct,wrong,-500,126,-150,open,0.7247913999890443,126,8478
28,5,odd,truth,correct,correct,500,254,-150,not_open,0.9018233999959193,-1,8978
29,5,even,truth,wrong,wrong,-500,150,-254,open,0.34688879997702315,-254,8224
30,1,even,lie,wrong,correct,500,254,-126,open,0.8323207999928854,254,8978
31,6,even,truth,correct,correct,500,126,-254,not_open,0.49857909997808747,-1,9478
32,3,even,truth,wrong,wrong,-500,150,-126,not_open,0.8696382000052836,-1,8978
33,6,even,lie,correct,wrong,-500,126,-126,not_open,0.48673069998039864,-1,8478
34,5,odd,lie,correct,wrong,-500,254,-150,not_open,0.38501510000787675,-1,7978
35,2,even,lie,correct,wrong,-500,254,-126,open,0.1986341000010725,254,7732
36,2,even,truth,correct,correct,500,150,-126,open,0.7868788000196218,-126,8106
37,6,odd,lie,wrong,correct,500,254,-254,open,0.5659146000107285,254,8860
38,3,even,lie,wrong,correct,500,150,-126,open,0.698349699989194,150,9510
39,3,even,truth,wrong,wrong,-500,126,-254,not_open,0.6263158000074327,-1,9010
40,5,even,lie,wrong,correct,500,150,-150,open,0.6059739000047557,150,9660
41,4,even,lie,correct,wrong,-500,254,-150,not_open,0.36456089999410324,-1,9160
42,6,odd,lie,wrong,correct,500,254,-254,open,0.29420470001059584,254,9914
43,1,odd,truth,correct,correct,500,150,-126,open,1.2335003000043798,-126,10288
44,2,even,truth,correct,correct,500,126,-150,open,0.31640549999428913,-150,10638
45,2,even,lie,correct,wrong,-500,150,-150,not_open,0.41464669999550097,-1,10138
46,3,odd,truth,correct,correct,500,126,-254,open,0.27511580000282265,-254,10384
47,4,even,lie,correct,wrong,-500,254,-254,not_open,0.3544699000194669,-1,9884
48,2,even,lie,correct,wrong,-500,126,-126,not_open,0.29083579999860376,-1,9384
49,6,odd,truth,wrong,wrong,-500,150,-254,not_open,0.27019890001975,-1,8884
50,4,even,lie,correct,wrong,-500,126,-254,not_open,0.26262309998855926,-1,8384
51,1,even,truth,wrong,wrong,-500,254,-126,not_open,0.4056354000058491,-1,7884
52,1,odd,lie,correct,wrong,-500,254,-150,open,0.16736150000360794,254,7638
53,1,even,truth,wrong,wrong,-500,150,-254,open,0.6986059999908321,-254,6884
54,6,even,truth,correct,correct,500,126,-150,not_open,0.9027273000101559,-1,7384
