trials,dice,user_choice_odd-even,whether_to_lie,actual_answer,dealer_answer,initial_reward,open_reward,open_penalty,user_response_open,choice_rt,choice_reward,balance,peg_balance
1,2,odd,truth,wrong,wrong,-500,-1,1,open,4.707510600012029,1,9500,4
2,2,even,truth,correct,correct,500,-1,3,not_open,5.722439199991641,-1,10000,3
3,2,even,lie,correct,wrong,-500,-1,3,open,7.354606799999601,-1,9500,2
4,2,odd,truth,wrong,wrong,-500,-3,2,open,3.6579947999998694,2,9000,5
5,2,odd,lie,wrong,correct,500,-3,3,not_open,4.980942800000776,-1,9500,3
6,1,odd,lie,correct,wrong,-500,-2,3,open,5.892445000004955,-2,9000,1
7,2,even,lie,correct,wrong,-500,-3,1,open,2.5560088000056567,-3,8500,0
8,5,even,lie,wrong,correct,500,-2,2,not_open,9.334093500001472,-1,9000,3
9,5,odd,truth,correct,correct,500,-3,1,open,5.8628654000058305,1,9500,4
10,2,odd,truth,wrong,wrong,-500,-3,3,open,3.0991672000091057,3,9000,6
11,2,even,truth,correct,correct,500,-1,2,not_open,4.818592200012063,-1,9500,3
12,2,even,truth,correct,correct,500,-3,1,open,1.80472300000838,1,10000,4
13,2,even,lie,correct,wrong,-500,-1,1,open,1.454837299999781,-1,9500,2
14,2,even,truth,correct,correct,500,-3,3,not_open,1.6272556000039913,-1,10000,3
15,4,even,lie,correct,wrong,-500,-2,3,open,2.253019099996891,-2,9500,1
16,4,odd,lie,wrong,correct,500,-3,3,not_open,2.012358400010271,-1,10000,3
17,3,odd,lie,correct,wrong,-500,-1,1,open,0.9927510999987135,-1,9500,2
18,1,odd,lie,correct,wrong,-500,-2,3,not_open,1.9039844000071753,-1,9000,3
19,2,odd,truth,wrong,wrong,-500,-2,1,open,1.023271099998965,1,8500,4
20,1,even,truth,wrong,wrong,-500,-1,1,open,1.2859393999970052,1,8000,4
21,2,even,truth,correct,correct,500,-2,3,not_open,1.722175300004892,-1,8500,3
22,5,even,lie,wrong,correct,500,-2,1,open,2.822636800003238,-2,9000,1
23,4,odd,lie,wrong,correct,500,-3,1,open,2.015578899998218,-3,9500,0
24,6,odd,truth,wrong,wrong,-500,-2,2,not_open,1.8715320000046631,-1,9000,3
25,1,odd,truth,correct,correct,500,-3,2,open,3.28614799999923,2,9500,5
26,6,even,lie,correct,wrong,-500,-3,2,not_open,1.986757899998338,-1,9000,3
27,1,odd,truth,correct,correct,500,-1,2,not_open,1.0484871999942698,-1,9500,3
28,4,even,lie,correct,wrong,-500,-3,3,not_open,1.1705108000023756,-1,9000,3
29,1,even,lie,wrong,correct,500,-2,1,open,1.6656459999940125,-2,9500,1
30,2,odd,truth,wrong,wrong,-500,-2,1,open,1.4325259000033839,1,9000,4
31,3,odd,truth,correct,correct,500,-1,2,not_open,1.6418192999990424,-1,9500,3
32,3,odd,truth,correct,correct,500,-1,2,not_open,1.3326903999986826,-1,10000,3
33,5,odd,lie,correct,wrong,-500,-1,2,not_open,2.9416768999944907,-1,9500,3
34,3,odd,truth,correct,correct,500,-3,2,not_open,1.6366476000112016,-1,10000,3
35,5,odd,lie,correct,wrong,-500,-3,1,open,1.4057855999999447,-3,9500,0
36,1,even,lie,wrong,correct,500,-3,1,open,1.0086179000063566,-3,10000,0
37,1,odd,lie,correct,wrong,-500,-1,3,not_open,2.6499340000009397,-1,9500,3
38,3,odd,lie,correct,wrong,-500,-3,3,not_open,1.2359645999968052,-1,9000,3
39,5,odd,lie,correct,wrong,-500,-2,2,open,1.3085158000030788,-2,8500,1
40,5,even,truth,wrong,wrong,-500,-2,3,not_open,1.0219706000061706,-1,8000,3
41,2,odd,lie,wrong,correct,500,-1,1,open,1.0565305999916745,-1,8500,2
42,1,even,lie,wrong,correct,500,-2,1,open,1.433281800011173,-2,9000,1
43,6,odd,lie,wrong,correct,500,-2,2,not_open,0.9991684999986319,-1,9500,3
44,4,odd,lie,wrong,correct,500,-1,3,not_open,1.0332287000055658,-1,10000,3
45,3,odd,truth,correct,correct,500,-2,2,not_open,0.9465443999943091,-1,10500,3
46,3,even,truth,wrong,wrong,-500,-3,2,open,3.100063499994576,2,10000,5
47,1,odd,truth,correct,correct,500,-2,3,not_open,1.0238815000047907,-1,10500,3
48,5,odd,truth,correct,correct,500,-2,2,not_open,0.9516784000006737,-1,11000,3
49,1,odd,truth,correct,correct,500,-1,2,not_open,1.1649366000056034,-1,11500,3
50,2,even,lie,correct,wrong,-500,-1,1,open,1.7249894999986282,-1,11000,2
51,2,odd,lie,wrong,correct,500,-1,3,not_open,1.1092645000026096,-1,11500,3
52,6,even,truth,correct,correct,500,-1,3,not_open,1.2267258999927435,-1,12000,3
53,3,odd,lie,correct,wrong,-500,-2,1,open,1.4356276000034995,-2,11500,1
54,1,even,lie,wrong,correct,500,-3,2,not_open,2.00991970000905,-1,12000,3
