trials,dice,user_choice_odd-even,whether_to_lie,actual_answer,dealer_answer,initial_reward,open_reward,open_penalty,user_response_open,choice_rt,choice_reward,balance
1,5,even,truth,wrong,wrong,-500,47,-126,open,6.052058399989619,-126,9374
2,2,odd,lie,wrong,correct,500,126,-285,open,10.026146200005314,126,10000
3,5,even,lie,wrong,correct,500,47,-126,not_open,1.5153376000089338,-1,10500
4,2,odd,truth,wrong,wrong,-500,47,-285,not_open,4.560743899986846,-1,10000
5,6,even,lie,correct,wrong,-500,285,-47,open,0.8323646999924676,285,9785
6,6,even,lie,correct,wrong,-500,126,-47,open,0.827055300003849,126,9411
7,5,even,lie,wrong,correct,500,285,-285,open,7.815090799995232,285,10196
8,3,even,lie,wrong,correct,500,126,-126,open,1.1116709999914747,126,10822
9,6,even,lie,correct,wrong,-500,126,-47,open,0.7737680999998702,126,10448
10,5,odd,truth,correct,correct,500,126,-47,open,0.7524028000043472,-47,10901
11,4,even,lie,correct,wrong,-500,47,-47,not_open,1.6453996999916853,-1,10401
12,6,odd,lie,wrong,correct,500,47,-285,not_open,2.359495500000776,-1,10901
13,4,even,truth,correct,correct,500,47,-126,not_open,2.3452595000126166,-1,11401
14,6,odd,lie,wrong,correct,500,47,-126,not_open,0.8268084999872372,-1,11901
15,6,even,truth,correct,correct,500,47,-126,not_open,0.9803100999997696,-1,12401
16,3,odd,truth,correct,correct,500,285,-285,open,1.6656357000028947,-285,12616
17,4,even,lie,correct,wrong,-500,126,-126,open,0.8222285999945598,126,12242
18,4,odd,truth,wrong,wrong,-500,47,-47,not_open,1.103958000006969,-1,11742
19,4,even,truth,correct,correct,500,47,-285,not_open,1.193360399993253,-1,12242
20,6,odd,lie,wrong,correct,500,47,-285,not_open,0.8613706000032835,-1,12742
21,3,even,truth,wrong,wrong,-500,285,-47,open,1.0147731999895768,-47,12195
22,4,even,truth,correct,correct,500,126,-285,open,1.7673263999895426,-285,12410
23,5,even,truth,wrong,wrong,-500,285,-285,open,0.8259929000050761,-285,11625
24,4,even,lie,correct,wrong,-500,126,-126,open,1.3339065000036499,126,11251
25,1,odd,truth,correct,correct,500,285,-126,open,0.8387339999899268,-126,11625
26,3,even,lie,wrong,correct,500,285,-126,open,0.8214892000105465,285,12410
27,5,even,truth,wrong,wrong,-500,285,-126,open,0.7195925999985775,-126,11784
28,5,even,lie,wrong,correct,500,285,-47,open,0.7086395999940578,285,12569
29,5,odd,lie,correct,wrong,-500,126,-47,open,0.7661125000013271,126,12195
30,2,even,lie,correct,wrong,-500,285,-126,open,0.9203962999890791,285,11980
31,6,odd,truth,wrong,wrong,-500,126,-126,not_open,1.0904246999998577,-1,11480
32,4,even,truth,correct,correct,500,47,-126,not_open,0.8513282000058098,-1,11980
33,2,odd,truth,wrong,wrong,-500,126,-47,open,0.6742911999899661,-47,11433
34,6,even,lie,correct,wrong,-500,285,-47,open,0.7118379999883473,285,11218
35,2,even,lie,correct,wrong,-500,126,-285,not_open,1.382263099992997,-1,10718
36,6,odd,truth,wrong,wrong,-500,285,-126,open,1.0220802999974694,-126,10092
37,1,even,lie,wrong,correct,500,285,-47,open,0.6590834999951767,285,10877
38,4,even,truth,correct,correct,500,285,-285,not_open,0.8667850999918301,-1,11377
39,4,odd,truth,wrong,wrong,-500,47,-47,open,1.921521299998858,-47,10830
40,1,even,truth,wrong,wrong,-500,285,-285,open,2.2778726999968057,-285,10045
41,3,odd,truth,correct,correct,500,47,-47,open,2.2090803000028245,-47,10498
42,4,even,truth,correct,correct,500,126,-285,not_open,0.9117308999993838,-1,10998
43,1,even,lie,wrong,correct,500,47,-47,open,1.5229652999987593,47,11545
44,2,even,lie,correct,wrong,-500,126,-126,open,0.8241084000037517,126,11171
45,6,even,truth,correct,correct,500,47,-47,not_open,3.063964200002374,-1,11671
46,6,odd,lie,wrong,correct,500,285,-126,open,0.8302866000012727,285,12456
47,2,even,lie,correct,wrong,-500,47,-285,not_open,0.8530184999981429,-1,11956
48,4,odd,lie,wrong,correct,500,47,-285,not_open,0.681574999995064,-1,12456
49,1,even,lie,wrong,correct,500,285,-47,open,0.8614738999895053,285,13241
50,6,odd,truth,wrong,wrong,-500,126,-285,open,3.5267546999966726,-285,12456
51,5,even,truth,wrong,wrong,-500,126,-126,open,1.295232999997097,-126,11830
52,5,odd,lie,correct,wrong,-500,126,-47,open,0.9948593000008259,126,11456
53,1,even,truth,wrong,wrong,-500,126,-285,not_open,2.4966945000051055,-1,10956
54,1,odd,lie,correct,wrong,-500,285,-285,not_open,1.8962916000018595,-1,10456
