trials,dice,user_choice_odd-even,whether_to_lie,actual_answer,dealer_answer,initial_reward,open_reward,open_penalty,user_response_open,choice_rt,choice_reward,balance,peg_balance
1,6,odd,lie,wrong,correct,500,-2,1,not_open,6.517599100014195,-1,10500,3
2,3,odd,lie,correct,wrong,-500,-2,3,not_open,6.653335000039078,-1,10000,3
3,2,odd,truth,wrong,wrong,-500,-1,3,not_open,3.849377700011246,-1,9500,3
4,6,odd,truth,wrong,wrong,-500,-1,3,not_open,0.9037949000485241,-1,9000,3
5,2,odd,truth,wrong,wrong,-500,-3,1,open,4.569393299985677,1,8500,4
6,5,odd,truth,correct,correct,500,-1,2,not_open,0.29983659996651113,-1,9000,3
7,3,odd,truth,correct,correct,500,-2,2,not_open,0.21372920006979257,-1,9500,3
8,5,even,truth,wrong,wrong,-500,-1,1,open,6.881697200005874,1,9000,4
9,3,even,lie,wrong,correct,500,-1,2,not_open,0.42227990005631,-1,9500,3
10,4,odd,truth,wrong,wrong,-500,-3,1,not_open,0.2655091999331489,-1,9000,3
11,3,odd,truth,correct,correct,500,-3,2,not_open,0.4429927000310272,-1,9500,3
12,1,even,lie,wrong,correct,500,-3,2,not_open,0.25196290004532784,-1,10000,3
13,5,odd,lie,correct,wrong,-500,-1,3,not_open,0.857192000024952,-1,9500,3
14,2,even,lie,correct,wrong,-500,-1,2,not_open,1.409131700056605,-1,9000,3
15,3,odd,lie,correct,wrong,-500,-3,1,not_open,0.17043990001548082,-1,8500,3
16,2,odd,truth,wrong,wrong,-500,-2,2,not_open,0.6730602000607178,-1,8000,3
17,6,odd,truth,wrong,wrong,-500,-2,1,open,3.7274051000131294,1,7500,4
18,4,odd,truth,wrong,wrong,-500,-3,2,not_open,0.5935343001037836,-1,7000,3
19,3,odd,lie,correct,wrong,-500,-1,3,not_open,2.293172199977562,-1,6500,3
20,2,odd,lie,wrong,correct,500,-1,2,not_open,0.5075646999757737,-1,7000,3
21,6,odd,lie,wrong,correct,500,-1,1,not_open,0.6872568998951465,-1,7500,3
22,3,even,lie,wrong,correct,500,-3,3,not_open,0.3765995000721887,-1,8000,3
23,2,odd,lie,wrong,correct,500,-2,1,not_open,0.20884169999044389,-1,8500,3
24,6,odd,truth,wrong,wrong,-500,-1,3,not_open,0.37076299998443574,-1,8000,3
25,3,even,truth,wrong,wrong,-500,-2,2,not_open,0.6506630999501795,-1,7500,3
26,5,odd,lie,correct,wrong,-500,-1,2,not_open,0.8478413999546319,-1,7000,3
27,2,odd,truth,wrong,wrong,-500,-2,2,not_open,0.46283440000843257,-1,6500,3
28,4,odd,truth,wrong,wrong,-500,-1,1,not_open,0.2769025999587029,-1,6000,3
29,1,odd,lie,correct,wrong,-500,-1,1,not_open,0.5377666000276804,-1,5500,3
30,2,odd,truth,wrong,wrong,-500,-3,2,not_open,0.7256648000329733,-1,5000,3
31,3,odd,truth,correct,correct,500,-2,3,not_open,0.515198600012809,-1,5500,3
32,2,even,truth,correct,correct,500,-2,1,not_open,0.2401694000000134,-1,6000,3
33,5,odd,lie,correct,wrong,-500,-2,3,not_open,0.5777266999939457,-1,5500,3
34,3,odd,truth,correct,correct,500,-2,2,not_open,0.6510919000720605,-1,6000,3
35,5,even,truth,wrong,wrong,-500,-2,3,not_open,0.8668200999964029,-1,5500,3
36,5,odd,truth,correct,correct,500,-3,1,open,2.3562923999270424,1,6000,4
37,5,odd,truth,correct,correct,500,-2,3,not_open,0.7756653999676928,-1,6500,3
38,3,odd,lie,correct,wrong,-500,-3,3,not_open,0.6728967000963166,-1,6000,3
39,2,even,truth,correct,correct,500,-1,1,not_open,0.939403000054881,-1,6500,3
40,4,odd,lie,wrong,correct,500,-3,3,not_open,0.6727905999869108,-1,7000,3
41,5,odd,truth,correct,correct,500,-2,1,open,3.3143246999243274,1,7500,4
42,4,odd,lie,wrong,correct,500,-3,3,not_open,0.6551117999479175,-1,8000,3
43,2,odd,lie,wrong,correct,500,-3,1,open,1.0274782000342384,-3,8500,0
44,5,odd,truth,correct,correct,500,-3,3,not_open,0.7313348999014124,-1,9000,3
45,5,even,lie,wrong,correct,500,-3,2,not_open,0.7782892000395805,-1,9500,3
