trials,dice,user_choice_odd-even,whether_to_lie,actual_answer,dealer_answer,initial_reward,open_reward,open_penalty,user_response_open,choice_rt,choice_reward,balance
1,4,odd,lie,wrong,correct,500,42,-56,not_open,5.234945699921809,-1,10500
2,2,odd,lie,wrong,correct,500,42,-56,not_open,4.528130799997598,-1,11000
3,5,even,truth,wrong,wrong,-500,56,-42,not_open,3.563282399903983,-1,10500
4,2,even,truth,correct,correct,500,42,-42,not_open,2.0638070999411866,-1,11000
5,3,even,lie,wrong,correct,500,42,-42,not_open,1.1390669000102207,-1,11500
6,5,odd,lie,correct,wrong,-500,56,-42,not_open,0.7968720000935718,-1,11000
7,3,odd,lie,correct,wrong,-500,42,-25,not_open,0.622364400071092,-1,10500
8,2,odd,lie,wrong,correct,500,56,-56,not_open,2.2397649999475107,-1,11000
9,2,odd,lie,wrong,correct,500,56,-25,not_open,0.6062499999534339,-1,11500
10,6,odd,lie,wrong,correct,500,25,-25,not_open,0.24852120003197342,-1,12000
11,2,even,lie,correct,wrong,-500,42,-56,not_open,0.17892410000786185,-1,11500
12,1,even,lie,wrong,correct,500,25,-42,not_open,0.21251360001042485,-1,12000
13,1,odd,truth,correct,correct,500,25,-25,not_open,0.21278639999218285,-1,12500
14,3,even,lie,wrong,correct,500,25,-42,not_open,0.32675140001811087,-1,13000
15,2,even,lie,correct,wrong,-500,56,-25,not_open,0.3031720999861136,-1,12500
16,1,even,lie,wrong,correct,500,25,-42,not_open,0.22264490008819848,-1,13000
17,1,odd,lie,correct,wrong,-500,56,-42,not_open,0.31809630000498146,-1,12500
18,3,odd,lie,correct,wrong,-500,56,-56,not_open,0.21424260002095252,-1,12000
19,3,odd,lie,correct,wrong,-500,25,-56,not_open,0.25441689998842776,-1,11500
20,3,odd,lie,correct,wrong,-500,56,-25,not_open,0.26016269996762276,-1,11000
21,5,odd,truth,correct,correct,500,42,-25,not_open,0.1937887999229133,-1,11500
22,2,odd,truth,wrong,wrong,-500,25,-42,not_open,0.2126873000524938,-1,11000
23,4,odd,lie,wrong,correct,500,42,-56,not_open,0.22127580002415925,-1,11500
24,1,odd,truth,correct,correct,500,56,-25,not_open,0.17476759990677238,-1,12000
25,4,even,lie,correct,wrong,-500,56,-56,not_open,0.26066779997199774,-1,11500
26,6,odd,truth,wrong,wrong,-500,56,-42,not_open,0.28613729996141046,-1,11000
27,2,odd,truth,wrong,wrong,-500,25,-42,not_open,0.1170752999605611,-1,10500
28,3,odd,truth,correct,correct,500,42,-25,not_open,0.17811929993331432,-1,11000
29,2,even,truth,correct,correct,500,42,-42,not_open,0.19514269998762757,-1,11500
30,4,even,truth,correct,correct,500,25,-56,not_open,0.20989810000173748,-1,12000
31,2,even,truth,correct,correct,500,25,-56,not_open,0.20948069996666163,-1,12500
32,3,odd,truth,correct,correct,500,25,-25,not_open,0.12771060003433377,-1,13000
33,5,odd,truth,correct,correct,500,56,-25,not_open,0.1712612999835983,-1,13500
34,6,even,truth,correct,correct,500,25,-56,not_open,0.22172100003808737,-1,14000
35,1,even,lie,wrong,correct,500,42,-56,not_open,0.15879599994514138,-1,14500
36,5,odd,truth,correct,correct,500,42,-25,not_open,0.31710250000469387,-1,15000
37,2,odd,truth,wrong,wrong,-500,42,-42,not_open,0.13514359993860126,-1,14500
38,4,odd,truth,wrong,wrong,-500,42,-42,not_open,0.18451819999609143,-1,14000
39,3,odd,truth,correct,correct,500,42,-25,not_open,0.1926071000052616,-1,14500
40,3,even,lie,wrong,correct,500,56,-42,not_open,0.2124726000474766,-1,15000
41,3,even,lie,wrong,correct,500,25,-25,not_open,0.1825777000049129,-1,15500
42,5,odd,lie,correct,wrong,-500,25,-56,not_open,0.20162720000371337,-1,15000
43,1,odd,lie,correct,wrong,-500,25,-25,not_open,0.2248002999695018,-1,14500
44,6,even,truth,correct,correct,500,56,-56,not_open,0.24995540000963956,-1,15000
45,2,even,truth,correct,correct,500,56,-56,not_open,0.44969030003994703,-1,15500
