trials,dice,user_choice_odd-even,whether_to_lie,actual_answer,dealer_answer,initial_reward,open_reward,open_penalty,user_response_open,choice_rt,choice_reward,balance
1,2,even,truth,correct,correct,500,150,-126,open,7.823446299880743,-126,10374
2,6,even,truth,correct,correct,500,150,-190,open,2.7404367001727223,-190,10684
3,6,odd,lie,wrong,correct,500,126,-150,open,2.7843542001210153,126,11310
4,2,even,lie,correct,wrong,-500,150,-126,open,5.812824000138789,150,10960
5,3,even,lie,wrong,correct,500,126,-126,not_open,2.8950932000298053,-1,11460
6,6,odd,truth,wrong,wrong,-500,150,-190,not_open,1.063657599966973,-1,10960
7,4,odd,truth,wrong,wrong,-500,190,-190,not_open,0.5372363000642508,-1,10460
8,1,odd,truth,correct,correct,500,190,-190,not_open,4.093135199975222,-1,10960
9,3,odd,lie,correct,wrong,-500,126,-150,not_open,1.1271049999631941,-1,10460
10,3,odd,lie,correct,wrong,-500,190,-150,not_open,0.8506763000041246,-1,9960
11,1,odd,lie,correct,wrong,-500,190,-126,not_open,0.8870033998973668,-1,9460
12,1,odd,lie,correct,wrong,-500,126,-150,not_open,1.0917504001408815,-1,8960
13,4,odd,truth,wrong,wrong,-500,150,-126,not_open,0.6238920998293906,-1,8460
14,5,odd,lie,correct,wrong,-500,150,-150,not_open,0.588735899887979,-1,7960
15,2,odd,truth,wrong,wrong,-500,190,-126,not_open,0.7108523999340832,-1,7460
16,5,odd,lie,correct,wrong,-500,126,-190,not_open,0.5976683001499623,-1,6960
17,3,odd,lie,correct,wrong,-500,190,-190,not_open,1.3679982998874038,-1,6460
18,1,odd,truth,correct,correct,500,190,-126,open,4.436816000146791,-126,6834
19,3,odd,truth,correct,correct,500,126,-126,open,4.672949299914762,-126,7208
20,1,odd,lie,correct,wrong,-500,150,-126,not_open,0.36696290015242994,-1,6708
21,2,odd,lie,wrong,correct,500,126,-150,open,2.11080460017547,126,7334
22,6,odd,truth,wrong,wrong,-500,150,-190,not_open,0.9286664000246674,-1,6834
23,5,odd,truth,correct,correct,500,190,-150,open,1.5545662001240999,-150,7184
24,6,odd,truth,wrong,wrong,-500,126,-126,not_open,0.4793433998711407,-1,6684
25,5,odd,truth,correct,correct,500,190,-126,not_open,5.531332999933511,-1,7184
26,2,odd,lie,wrong,correct,500,126,-150,open,3.321986800059676,126,7810
27,1,odd,truth,correct,correct,500,190,-150,not_open,1.0214737998321652,-1,8310
28,4,odd,lie,wrong,correct,500,150,-150,not_open,0.738724100170657,-1,8810
29,3,even,truth,wrong,wrong,-500,190,-150,not_open,2.4072388000786304,-1,8310
30,1,even,truth,wrong,wrong,-500,190,-126,not_open,0.4342010000254959,-1,7810
31,3,even,truth,wrong,wrong,-500,150,-190,open,3.1133597001899034,-190,7120
32,6,even,truth,correct,correct,500,190,-190,open,3.1106505999341607,-190,7430
33,1,even,lie,wrong,correct,500,126,-190,open,2.5016495999880135,126,8056
34,3,odd,lie,correct,wrong,-500,150,-150,not_open,0.27073769993148744,-1,7556
35,1,odd,truth,correct,correct,500,126,-126,open,1.0230728997848928,-126,7930
36,5,even,lie,wrong,correct,500,126,-190,open,1.2644056000281125,126,8556
37,3,odd,lie,correct,wrong,-500,126,-126,not_open,0.27707400009967387,-1,8056
38,6,odd,truth,wrong,wrong,-500,150,-126,not_open,1.0111291001085192,-1,7556
39,2,even,truth,correct,correct,500,150,-190,open,0.7156396999489516,-190,7866
40,3,odd,lie,correct,wrong,-500,150,-150,not_open,0.33080430002883077,-1,7366
41,5,odd,lie,correct,wrong,-500,126,-190,not_open,0.38449289998970926,-1,6866
42,4,odd,truth,wrong,wrong,-500,190,-190,not_open,0.354065400082618,-1,6366
43,5,even,truth,wrong,wrong,-500,150,-150,not_open,1.1939722001552582,-1,5866
44,2,even,lie,correct,wrong,-500,190,-126,not_open,0.21392640005797148,-1,5366
45,4,odd,lie,wrong,correct,500,150,-126,open,0.25319109996780753,150,6016
46,2,even,truth,correct,correct,500,126,-190,not_open,0.27791989990510046,-1,6516
47,2,odd,lie,wrong,correct,500,150,-150,open,0.15375759988091886,150,7166
48,3,even,lie,wrong,correct,500,190,-150,open,0.2039748001843691,190,7856
49,5,odd,lie,correct,wrong,-500,126,-126,not_open,0.2122764999512583,-1,7356
50,1,odd,lie,correct,wrong,-500,126,-190,not_open,0.1988019000273198,-1,6856
51,5,odd,truth,correct,correct,500,126,-150,open,1.0045594999101013,-150,7206
52,3,even,lie,wrong,correct,500,190,-150,open,0.21119739999994636,190,7896
53,4,odd,truth,wrong,wrong,-500,150,-190,not_open,0.2157646999694407,-1,7396
54,6,odd,lie,wrong,correct,500,190,-190,open,1.4232139999512583,190,8086
