trials,dice,user_choice_odd-even,whether_to_lie,actual_answer,dealer_answer,initial_reward,open_reward,open_penalty,user_response_open,choice_rt,choice_reward,balance,peg_balance
1,2,even,truth,correct,correct,500,-3,2,not_open,36.14886129996739,-1,10500,3
2,3,odd,lie,correct,wrong,-500,-2,3,open,7.88030119985342,-2,10000,1
3,5,even,lie,wrong,correct,500,-3,2,open,2.283031100174412,-3,10500,0
4,3,odd,lie,correct,wrong,-500,-1,2,open,2.510309800039977,-1,10000,2
5,5,even,lie,wrong,correct,500,-1,2,open,4.015802500071004,-1,10500,2
6,6,odd,truth,wrong,wrong,-500,-1,3,not_open,2.6199459999334067,-1,10000,3
7,3,odd,lie,correct,wrong,-500,-1,3,not_open,3.7995615999680012,-1,9500,3
8,2,even,lie,correct,wrong,-500,-3,1,open,1.5885367000009865,-3,9000,0
9,6,odd,truth,wrong,wrong,-500,-1,2,not_open,1.6268226997926831,-1,8500,3
10,1,odd,truth,correct,correct,500,-1,2,not_open,3.7342169999610633,-1,9000,3
11,6,odd,lie,wrong,correct,500,-2,1,open,2.167213600128889,-2,9500,1
12,6,even,lie,correct,wrong,-500,-3,3,not_open,6.2912798000033945,-1,9000,3
13,6,odd,truth,wrong,wrong,-500,-3,3,open,7.179356799926609,3,8500,6
14,5,odd,lie,correct,wrong,-500,-1,3,not_open,1.3771316998172551,-1,8000,3
15,3,odd,lie,correct,wrong,-500,-3,3,not_open,1.9272282000165433,-1,7500,3
16,2,even,truth,correct,correct,500,-3,2,open,2.353358800057322,2,8000,5
17,6,even,lie,correct,wrong,-500,-3,2,not_open,4.737620199797675,-1,7500,3
18,4,odd,lie,wrong,correct,500,-2,1,open,3.0192900002002716,-2,8000,1
19,2,odd,truth,wrong,wrong,-500,-2,3,not_open,1.8337362001184374,-1,7500,3
20,6,even,lie,correct,wrong,-500,-2,2,open,2.6368300998583436,-2,7000,1
21,1,even,truth,wrong,wrong,-500,-2,1,open,2.138857299927622,1,6500,4
22,4,odd,lie,wrong,correct,500,-2,2,not_open,2.7352603999897838,-1,7000,3
23,5,odd,truth,correct,correct,500,-2,2,open,1.7616536000277847,2,7500,5
24,1,even,truth,wrong,wrong,-500,-2,3,not_open,3.126610000152141,-1,7000,3
25,3,even,truth,wrong,wrong,-500,-2,2,open,2.5828335001133382,2,6500,5
26,4,even,lie,correct,wrong,-500,-1,1,open,2.478194999974221,-1,6000,2
27,4,even,lie,correct,wrong,-500,-3,1,open,2.4307254999876022,-3,5500,0
28,2,even,lie,correct,wrong,-500,-3,1,open,2.547499499982223,-3,5000,0
29,4,even,truth,correct,correct,500,-1,1,open,1.9486179000232369,1,5500,4
30,5,odd,truth,correct,correct,500,-3,3,not_open,1.9118516999296844,-1,6000,3
31,3,even,truth,wrong,wrong,-500,-2,3,not_open,2.0514199000317603,-1,5500,3
32,5,even,truth,wrong,wrong,-500,-3,2,not_open,1.816726400051266,-1,5000,3
33,6,even,lie,correct,wrong,-500,-2,1,open,1.7677235999144614,-2,4500,1
34,2,even,lie,correct,wrong,-500,-2,1,open,2.240387999918312,-2,4000,1
35,3,even,lie,wrong,correct,500,-2,2,not_open,1.326290699886158,-1,4500,3
36,2,even,truth,correct,correct,500,-3,1,open,1.9757254000287503,1,5000,4
37,2,odd,lie,wrong,correct,500,-3,1,open,1.4182120999321342,-3,5500,0
38,5,even,truth,wrong,wrong,-500,-2,1,open,2.9479557999875396,1,5000,4
39,4,even,lie,correct,wrong,-500,-3,3,not_open,2.2199772000312805,-1,4500,3
40,5,even,truth,wrong,wrong,-500,-1,1,not_open,4.234208999900147,-1,4000,3
41,3,even,lie,wrong,correct,500,-1,2,open,2.6141459001228213,-1,4500,2
42,1,even,truth,wrong,wrong,-500,-1,3,not_open,4.159361200174317,-1,4000,3
43,5,even,lie,wrong,correct,500,-1,3,not_open,2.3668656998779625,-1,4500,3
44,3,even,truth,wrong,wrong,-500,-1,3,not_open,1.6288750998210162,-1,4000,3
45,5,even,truth,wrong,wrong,-500,-1,1,open,1.643713500117883,1,3500,4
46,5,even,truth,wrong,wrong,-500,-2,3,not_open,2.8438561998773366,-1,3000,3
47,2,even,truth,correct,correct,500,-2,3,not_open,1.9713790998794138,-1,3500,3
48,4,even,lie,correct,wrong,-500,-3,1,open,2.0549833001568913,-3,3000,0
49,1,even,lie,wrong,correct,500,-3,2,open,1.3327845002058893,-3,3500,0
50,1,even,truth,wrong,wrong,-500,-3,3,open,1.060869300039485,3,3000,6
51,3,even,truth,wrong,wrong,-500,-2,2,open,4.466508199926466,2,2500,5
52,6,even,lie,correct,wrong,-500,-1,1,open,1.2134476001374424,-1,2000,2
53,5,even,lie,wrong,correct,500,-1,2,not_open,2.8663721999619156,-1,2500,3
54,6,even,truth,correct,correct,500,-1,1,open,1.392344000050798,1,3000,4
