trials,dice,user_choice_odd-even,whether_to_lie,actual_answer,dealer_answer,initial_reward,open_reward,open_penalty,user_response_open,choice_rt,choice_reward,balance
1,4,odd,lie,wrong,correct,500,300,-200,not_open,11.842448299998068,-1,10500
2,4,odd,truth,wrong,wrong,-500,100,-100,not_open,5.732852600005572,-1,10000
3,4,even,truth,correct,correct,500,300,-300,open,0.8145271999965189,-300,10200
4,4,even,truth,correct,correct,500,200,-100,open,1.2190327999996953,-100,10600
5,1,odd,truth,correct,correct,500,200,-100,not_open,0.9285552999936044,-1,11100
6,6,even,truth,correct,correct,500,300,-100,not_open,0.8715557000105036,-1,11600
7,4,even,truth,correct,correct,500,100,-100,not_open,0.5588802999991458,-1,12100
8,6,even,truth,correct,correct,500,100,-200,not_open,0.7785693000041647,-1,12600
9,1,odd,truth,correct,correct,500,100,-300,not_open,0.5002345999964746,-1,13100
10,4,even,lie,correct,wrong,-500,200,-300,open,0.303811499994481,200,12800
11,6,even,truth,correct,correct,500,100,-300,not_open,0.48825639999995474,-1,13300
12,5,odd,lie,correct,wrong,-500,100,-100,open,0.3558193999924697,100,12900
13,6,odd,lie,wrong,correct,500,200,-300,not_open,0.32497639999201056,-1,13400
14,1,even,truth,wrong,wrong,-500,100,-200,open,0.22444730000279378,-200,12700
15,2,even,lie,correct,wrong,-500,200,-100,open,0.2686104000022169,200,12400
16,3,odd,lie,correct,wrong,-500,200,-200,open,0.2880435999977635,200,12100
17,2,even,lie,correct,wrong,-500,300,-300,open,1.5866525000019465,300,11900
18,1,odd,truth,correct,correct,500,300,-300,not_open,1.2809390000038547,-1,12400
19,3,odd,lie,correct,wrong,-500,100,-100,not_open,1.048080700013088,-1,11900
20,3,even,truth,wrong,wrong,-500,300,-100,open,2.0806687000003876,-100,11300
21,4,odd,truth,wrong,wrong,-500,300,-100,open,0.9475517999962904,-100,10700
22,4,odd,lie,wrong,correct,500,200,-200,not_open,0.7588393999903928,-1,11200
23,1,odd,truth,correct,correct,500,200,-300,not_open,0.9269313999975566,-1,11700
24,3,even,lie,wrong,correct,500,300,-200,not_open,1.462423899996793,-1,12200
25,2,even,lie,correct,wrong,-500,200,-100,not_open,0.7476380000007339,-1,11700
26,3,even,truth,wrong,wrong,-500,300,-300,not_open,0.87569459999213,-1,11200
27,1,even,truth,wrong,wrong,-500,300,-200,not_open,0.8113530999980867,-1,10700
28,3,even,truth,wrong,wrong,-500,300,-300,not_open,0.8547263000073144,-1,10200
29,5,even,truth,wrong,wrong,-500,300,-100,open,1.3688688999973238,-100,9600
30,1,even,truth,wrong,wrong,-500,100,-300,not_open,0.9395165999885648,-1,9100
31,6,even,lie,correct,wrong,-500,200,-100,not_open,1.1991904000024078,-1,8600
32,4,odd,lie,wrong,correct,500,200,-200,not_open,0.781522400007816,-1,9100
33,1,odd,lie,correct,wrong,-500,300,-200,not_open,0.7890583999978844,-1,8600
34,1,even,lie,wrong,correct,500,100,-200,not_open,0.831952900000033,-1,9100
35,2,even,truth,correct,correct,500,300,-100,open,0.7754544999916106,-100,9500
36,6,even,lie,correct,wrong,-500,100,-200,not_open,0.8705154999915976,-1,9000
37,6,odd,truth,wrong,wrong,-500,100,-200,not_open,0.7506438999989768,-1,8500
38,1,even,lie,wrong,correct,500,300,-100,open,0.722979199999827,300,9300
39,1,even,truth,wrong,wrong,-500,200,-300,not_open,0.9004787000012584,-1,8800
40,5,odd,truth,correct,correct,500,200,-100,not_open,1.2181321999960346,-1,9300
41,1,odd,truth,correct,correct,500,300,-200,not_open,1.1506867999996757,-1,9800
42,2,odd,truth,wrong,wrong,-500,100,-100,not_open,0.6838737999933073,-1,9300
43,6,even,truth,correct,correct,500,200,-300,not_open,0.9805684999882942,-1,9800
44,4,even,truth,correct,correct,500,100,-300,not_open,0.9865908999927342,-1,10300
45,2,odd,lie,wrong,correct,500,100,-300,not_open,0.7237714000075357,-1,10800
46,2,even,truth,correct,correct,500,100,-300,not_open,1.1090663000068162,-1,11300
47,5,odd,lie,correct,wrong,-500,300,-200,not_open,1.0184974000003422,-1,10800
48,3,odd,truth,correct,correct,500,200,-200,open,2.502614700002596,-200,11100
49,4,even,truth,correct,correct,500,200,-300,not_open,0.7032015000004321,-1,11600
50,2,odd,lie,wrong,correct,500,300,-300,open,1.0551960000011604,300,12400
51,1,odd,truth,correct,correct,500,100,-100,open,0.8464680000033695,-100,12800
52,3,even,truth,wrong,wrong,-500,200,-200,open,0.9689977000089129,-200,12100
53,4,odd,lie,wrong,correct,500,100,-200,not_open,0.7679298000002746,-1,12600
54,2,odd,lie,wrong,correct,500,200,-200,open,0.5573043000040343,200,13300
