trials,dice,user_choice_odd-even,whether_to_lie,actual_answer,dealer_answer,initial_reward,open_reward,open_penalty,user_response_open,choice_rt,choice_reward,balance,peg_balance
1,2,odd,truth,wrong,wrong,-500,-2,1,open,10.369793800011394,1,9500,4
2,4,odd,lie,wrong,correct,500,-2,1,not_open,3.5918817999918247,-1,10000,3
3,5,even,truth,wrong,wrong,-500,-2,2,open,0.7649730999983149,2,9500,5
4,1,odd,truth,correct,correct,500,-1,3,not_open,3.6802677999949083,-1,10000,3
5,2,even,lie,correct,wrong,-500,-1,2,not_open,10.3861762000015,-1,9500,3
6,6,odd,truth,wrong,wrong,-500,-2,1,open,2.1408053999912227,1,9000,4
7,2,even,lie,correct,wrong,-500,-2,3,not_open,2.120489799999632,-1,8500,3
8,4,odd,lie,wrong,correct,500,-3,2,open,6.406482900012634,-3,9000,0
9,3,even,truth,wrong,wrong,-500,-3,2,open,1.6560857000004034,2,8500,5
10,1,odd,lie,correct,wrong,-500,-2,3,not_open,0.9983418000047095,-1,8000,3
11,1,odd,lie,correct,wrong,-500,-1,1,open,0.6425949999975273,-1,7500,2
12,6,odd,lie,wrong,correct,500,-2,3,not_open,1.2385592999926303,-1,8000,3
13,6,odd,lie,wrong,correct,500,-3,2,open,2.5814294000010705,-3,8500,0
14,2,even,lie,correct,wrong,-500,-1,3,not_open,1.0722015999926953,-1,8000,3
15,4,odd,truth,wrong,wrong,-500,-1,3,not_open,0.80498409998836,-1,7500,3
16,6,odd,lie,wrong,correct,500,-2,2,open,0.73874899999646,-2,8000,1
17,1,even,truth,wrong,wrong,-500,-1,1,open,0.5954598999960581,1,7500,4
18,6,odd,truth,wrong,wrong,-500,-2,3,not_open,0.7701326999958837,-1,7000,3
19,6,odd,lie,wrong,correct,500,-3,2,open,0.7581892000016524,-3,7500,0
20,3,odd,truth,correct,correct,500,-1,2,open,0.345596300001489,2,8000,5
21,5,even,lie,wrong,correct,500,-1,1,open,0.9486900999909267,-1,8500,2
22,1,odd,truth,correct,correct,500,-1,2,not_open,0.5615274000010686,-1,9000,3
23,6,odd,truth,wrong,wrong,-500,-2,1,open,0.5785362000024179,1,8500,4
24,4,odd,lie,wrong,correct,500,-2,3,not_open,0.6835553999990225,-1,9000,3
25,6,odd,lie,wrong,correct,500,-2,2,open,1.0188434000010602,-2,9500,1
26,5,even,lie,wrong,correct,500,-1,1,open,0.5443568999908166,-1,10000,2
27,1,odd,truth,correct,correct,500,-3,1,open,0.8445434999885038,1,10500,4
28,2,odd,truth,wrong,wrong,-500,-1,3,not_open,0.5586030999984359,-1,10000,3
29,6,odd,truth,wrong,wrong,-500,-3,3,not_open,4.175148100010119,-1,9500,3
30,2,odd,truth,wrong,wrong,-500,-2,2,not_open,0.7024719000037294,-1,9000,3
31,1,odd,truth,correct,correct,500,-2,3,open,0.8952250000002095,3,9500,6
32,2,even,truth,correct,correct,500,-1,1,open,0.7371405000012601,1,10000,4
33,3,odd,truth,correct,correct,500,-3,3,open,2.6141444999957457,3,10500,6
34,6,even,truth,correct,correct,500,-2,2,not_open,1.065674700003001,-1,11000,3
35,1,even,truth,wrong,wrong,-500,-3,3,not_open,1.3184917000035057,-1,10500,3
36,1,odd,truth,correct,correct,500,-2,2,not_open,0.9666002000012668,-1,11000,3
37,3,even,lie,wrong,correct,500,-3,2,open,0.6952734999940731,-3,11500,0
38,3,even,truth,wrong,wrong,-500,-3,1,open,0.5620172000053572,1,11000,4
39,4,odd,lie,wrong,correct,500,-3,3,open,0.9872143999964464,-3,11500,0
40,6,odd,truth,wrong,wrong,-500,-3,3,open,1.0530698999937158,3,11000,6
41,1,odd,lie,correct,wrong,-500,-1,3,not_open,1.1695191000035265,-1,10500,3
42,5,even,truth,wrong,wrong,-500,-2,1,open,0.8190000999893527,1,10000,4
43,1,odd,truth,correct,correct,500,-3,1,open,0.7728211999929044,1,10500,4
44,6,even,lie,correct,wrong,-500,-3,2,open,0.9276612999965437,-3,10000,0
45,1,even,lie,wrong,correct,500,-3,1,open,0.5315802999975858,-3,10500,0
46,5,odd,truth,correct,correct,500,-1,2,open,1.356249399992521,2,11000,5
47,6,even,truth,correct,correct,500,-1,1,open,0.5107373000064399,1,11500,4
48,2,even,truth,correct,correct,500,-2,1,open,0.5725766999967163,1,12000,4
49,2,odd,lie,wrong,correct,500,-3,1,open,0.7383195000002161,-3,12500,0
50,2,odd,lie,wrong,correct,500,-1,2,not_open,0.8059500999952434,-1,13000,3
51,3,even,truth,wrong,wrong,-500,-1,3,not_open,0.6099386999994749,-1,12500,3
52,4,odd,lie,wrong,correct,500,-3,1,open,1.2415903999935836,-3,13000,0
53,6,odd,truth,wrong,wrong,-500,-3,3,not_open,1.4154812999913702,-1,12500,3
54,5,odd,lie,correct,wrong,-500,-1,2,open,1.148060000006808,-1,12000,2
