trials,dice,user_choice_odd-even,whether_to_lie,actual_answer,dealer_answer,initial_reward,open_reward,open_penalty,user_response_open,choice_rt,choice_reward,balance
1,5,even,truth,wrong,wrong,-500,16,-16,open,9.130339499999536,-16,9484
2,4,even,truth,correct,correct,500,32,-32,not_open,2.8804380999936257,-1,9984
3,3,even,truth,wrong,wrong,-500,16,-16,not_open,4.789186399983009,-1,9484
4,4,odd,truth,wrong,wrong,-500,32,-32,not_open,3.517376500007231,-1,8984
5,6,even,lie,correct,wrong,-500,141,-32,not_open,3.560696700005792,-1,8484
6,5,odd,lie,correct,wrong,-500,141,-32,open,1.2037298000068404,141,8125
7,5,even,truth,wrong,wrong,-500,32,-16,not_open,1.3002057999838144,-1,7625
8,6,even,lie,correct,wrong,-500,141,-141,not_open,3.3280897999939043,-1,7125
9,3,even,lie,wrong,correct,500,32,-141,not_open,1.8431323999830056,-1,7625
10,1,odd,lie,correct,wrong,-500,16,-32,not_open,1.1131394999974873,-1,7125
11,2,odd,truth,wrong,wrong,-500,141,-16,not_open,3.9166752000164706,-1,6625
12,3,even,truth,wrong,wrong,-500,141,-16,open,0.4751784000254702,-16,6109
13,1,even,truth,wrong,wrong,-500,16,-32,open,1.864537100016605,-32,5577
14,6,even,lie,correct,wrong,-500,32,-32,not_open,1.5003281999961473,-1,5077
15,1,odd,lie,correct,wrong,-500,141,-141,open,1.468200600007549,141,4718
16,3,even,lie,wrong,correct,500,141,-141,not_open,1.2717473999946378,-1,5218
17,6,even,truth,correct,correct,500,141,-32,not_open,1.506256900000153,-1,5718
18,1,odd,lie,correct,wrong,-500,141,-141,open,1.587405400001444,141,5359
19,1,even,lie,wrong,correct,500,32,-141,not_open,1.3265149000217207,-1,5859
20,1,even,truth,wrong,wrong,-500,16,-141,open,0.529088999988744,-141,5218
21,1,odd,truth,correct,correct,500,141,-141,not_open,1.3263615000178106,-1,5718
22,2,even,truth,correct,correct,500,141,-16,not_open,2.436172500019893,-1,6218
23,1,even,lie,wrong,correct,500,32,-32,not_open,0.9557919000217225,-1,6718
24,2,odd,lie,wrong,correct,500,32,-16,not_open,1.186066900001606,-1,7218
25,4,even,lie,correct,wrong,-500,32,-32,open,0.9866979999933392,32,6750
26,1,even,truth,wrong,wrong,-500,16,-141,not_open,2.1593816000095103,-1,6250
27,2,odd,lie,wrong,correct,500,16,-16,not_open,0.7290415999887045,-1,6750
28,4,odd,lie,wrong,correct,500,141,-32,not_open,0.49030790000688285,-1,7250
29,1,even,truth,wrong,wrong,-500,32,-141,not_open,2.8318354999937583,-1,6750
30,5,even,truth,wrong,wrong,-500,16,-141,not_open,2.8314444000134245,-1,6250
31,4,odd,truth,wrong,wrong,-500,32,-16,open,0.7949361999926623,-16,5734
32,3,even,truth,wrong,wrong,-500,32,-16,open,1.3436961999977939,-16,5218
33,2,even,lie,correct,wrong,-500,16,-16,not_open,1.6208238000108395,-1,4718
34,2,even,truth,correct,correct,500,16,-141,not_open,1.0567972999997437,-1,5218
35,2,even,lie,correct,wrong,-500,141,-16,open,0.7547368000086863,141,4859
36,2,odd,truth,wrong,wrong,-500,32,-141,not_open,1.6237474999797996,-1,4359
37,3,even,truth,wrong,wrong,-500,32,-141,open,1.8532569000090007,-141,3718
38,1,even,truth,wrong,wrong,-500,16,-16,not_open,1.108243599999696,-1,3218
39,6,even,lie,correct,wrong,-500,141,-16,open,1.1988765000132844,141,2859
40,2,even,lie,correct,wrong,-500,16,-141,not_open,1.9332171000132803,-1,2359
41,1,odd,lie,correct,wrong,-500,16,-32,open,1.2128514999931213,16,1875
42,4,even,truth,correct,correct,500,16,-16,not_open,0.47327950000180863,-1,2375
43,6,even,truth,correct,correct,500,141,-141,not_open,0.44998830000986345,-1,2875
44,5,even,lie,wrong,correct,500,16,-141,not_open,0.5032017000194173,-1,3375
45,6,even,truth,correct,correct,500,32,-141,not_open,0.8850683000055142,-1,3875
46,6,odd,lie,wrong,correct,500,141,-32,not_open,0.7775942000153009,-1,4375
47,2,even,lie,correct,wrong,-500,141,-32,open,2.2911930000118446,141,4016
48,2,even,truth,correct,correct,500,16,-32,not_open,0.4193673999980092,-1,4516
49,5,even,lie,wrong,correct,500,32,-16,not_open,1.4438291999977082,-1,5016
50,6,even,truth,correct,correct,500,141,-16,not_open,0.3583674000110477,-1,5516
51,4,odd,lie,wrong,correct,500,16,-32,not_open,0.3695126000093296,-1,6016
52,1,even,truth,wrong,wrong,-500,32,-32,open,0.9317791999783367,-32,5484
53,5,even,lie,wrong,correct,500,32,-16,not_open,0.4983308000082616,-1,5984
54,3,even,lie,wrong,correct,500,16,-32,not_open,0.5416678999899887,-1,6484
