trials,dice,user_choice_odd-even,whether_to_lie,actual_answer,dealer_answer,initial_reward,open_reward,open_penalty,user_response_open,choice_rt,choice_reward,balance,peg_balance
1,1,even,lie,wrong,correct,500,-1,2,not_open,2.4429509000037797,-1,10500,3
2,2,even,truth,correct,correct,500,-2,1,not_open,0.41248120000818744,-1,11000,3
3,2,even,lie,correct,wrong,-500,-3,3,not_open,1.8576931999996305,-1,10500,3
4,5,even,truth,wrong,wrong,-500,-2,1,open,2.347199499985436,1,10000,4
5,3,even,lie,wrong,correct,500,-3,2,not_open,0.25083710000035353,-1,10500,3
6,2,even,lie,correct,wrong,-500,-2,1,not_open,1.8811945999914315,-1,10000,3
7,1,odd,lie,correct,wrong,-500,-1,3,not_open,3.919440300000133,-1,9500,3
8,4,even,lie,correct,wrong,-500,-3,1,not_open,2.0560638000024483,-1,9000,3
9,3,odd,truth,correct,correct,500,-3,2,not_open,0.1796211000182666,-1,9500,3
10,2,even,lie,correct,wrong,-500,-2,3,open,0.2223764999944251,-2,9000,1
11,1,even,lie,wrong,correct,500,-1,2,not_open,0.17956729998695664,-1,9500,3
12,5,even,truth,wrong,wrong,-500,-2,3,not_open,1.367626699997345,-1,9000,3
13,3,odd,lie,correct,wrong,-500,-1,1,open,0.105325599986827,-1,8500,2
14,1,even,lie,wrong,correct,500,-3,1,not_open,0.1416224999993574,-1,9000,3
15,5,even,lie,wrong,correct,500,-2,2,not_open,0.5349417999968864,-1,9500,3
16,3,odd,lie,correct,wrong,-500,-2,3,open,0.7973622999852523,-2,9000,1
17,2,even,lie,correct,wrong,-500,-1,2,open,0.2053666999854613,-1,8500,2
18,5,even,lie,wrong,correct,500,-1,1,not_open,0.1676789000048302,-1,9000,3
19,5,even,lie,wrong,correct,500,-2,2,not_open,0.1494953999936115,-1,9500,3
20,5,odd,lie,correct,wrong,-500,-2,2,open,0.26054230000590906,-2,9000,1
21,3,even,lie,wrong,correct,500,-3,2,not_open,0.24834149997332133,-1,9500,3
22,3,even,lie,wrong,correct,500,-1,3,open,0.21640549998846836,-1,10000,2
23,1,even,lie,wrong,correct,500,-3,2,not_open,0.22421939999912865,-1,10500,3
24,2,odd,lie,wrong,correct,500,-2,1,open,0.0954928999999538,-2,11000,1
25,2,even,lie,correct,wrong,-500,-3,3,open,0.2565439000027254,-3,10500,0
26,6,even,truth,correct,correct,500,-1,1,open,0.9376627999881748,1,11000,4
27,5,even,truth,wrong,wrong,-500,-3,1,open,0.21819469999172725,1,10500,4
28,4,even,lie,correct,wrong,-500,-2,1,open,0.47362649999558926,-2,10000,1
29,6,even,truth,correct,correct,500,-3,2,not_open,0.17507860000478104,-1,10500,3
30,1,even,lie,wrong,correct,500,-1,3,open,0.20323779998579994,-1,11000,2
31,2,even,lie,correct,wrong,-500,-1,1,open,0.549341900012223,-1,10500,2
32,4,even,truth,correct,correct,500,-3,1,open,1.6445063999854028,1,11000,4
33,6,even,truth,correct,correct,500,-1,2,open,0.4869908000109717,2,11500,5
34,1,even,lie,wrong,correct,500,-2,3,open,4.747390600008657,-2,12000,1
35,4,odd,truth,wrong,wrong,-500,-3,3,open,2.412492300005397,3,11500,6
36,3,even,lie,wrong,correct,500,-1,3,open,0.533935500017833,-1,12000,2
37,5,even,lie,wrong,correct,500,-2,2,open,1.2827751000004355,-2,12500,1
38,2,odd,lie,wrong,correct,500,-3,2,not_open,0.7754996000148822,-1,13000,3
39,3,even,lie,wrong,correct,500,-3,1,open,1.2441824999987148,-3,13500,0
40,3,odd,lie,correct,wrong,-500,-1,3,open,0.3026835999917239,-1,13000,2
41,2,even,truth,correct,correct,500,-2,2,not_open,0.6746686999977101,-1,13500,3
42,1,even,truth,wrong,wrong,-500,-3,1,open,0.3814519999723416,1,13000,4
43,4,even,lie,correct,wrong,-500,-1,1,open,0.5417455999995582,-1,12500,2
44,2,even,truth,correct,correct,500,-1,3,not_open,0.7861195999721531,-1,13000,3
45,5,odd,truth,correct,correct,500,-2,3,not_open,1.1049138000234962,-1,13500,3
46,6,even,lie,correct,wrong,-500,-1,2,open,0.4357038000016473,-1,13000,2
47,6,even,truth,correct,correct,500,-2,3,not_open,1.1549113000219222,-1,13500,3
48,5,odd,truth,correct,correct,500,-3,3,open,0.7007691000180785,3,14000,6
49,5,even,lie,wrong,correct,500,-3,3,open,0.5706389999832027,-3,14500,0
50,1,even,truth,wrong,wrong,-500,-1,1,open,0.4455454999988433,1,14000,4
51,6,even,truth,correct,correct,500,-2,2,not_open,0.45634180001798086,-1,14500,3
52,4,odd,truth,wrong,wrong,-500,-3,3,open,0.8569034000101965,3,14000,6
53,4,even,lie,correct,wrong,-500,-1,2,open,0.5051223000045866,-1,13500,2
54,5,even,truth,wrong,wrong,-500,-2,1,open,0.21681380001245998,1,13000,4
