trials,dice,user_choice_odd-even,whether_to_lie,actual_answer,dealer_answer,initial_reward,open_reward,open_penalty,user_response_open,choice_rt,choice_reward,balance
1,2,odd,lie,wrong,correct,500,50,-50,not_open,3.2889823000878096,-1,10500
2,2,even,lie,correct,wrong,-500,150,-50,not_open,1.2981229999568313,-1,10000
3,5,odd,truth,correct,correct,500,50,-150,not_open,1.549976399866864,-1,10500
4,5,even,lie,wrong,correct,500,50,-50,not_open,0.7981981001794338,-1,11000
5,3,odd,truth,correct,correct,500,150,-50,not_open,0.9142739998642355,-1,11500
6,1,even,truth,wrong,wrong,-500,150,-150,not_open,0.4301263999659568,-1,11000
7,5,even,lie,wrong,correct,500,50,-50,not_open,0.3544922999572009,-1,11500
8,5,odd,truth,correct,correct,500,50,-50,not_open,0.5659835000988096,-1,12000
9,1,even,lie,wrong,correct,500,50,-150,not_open,0.45205979980528355,-1,12500
10,4,even,lie,correct,wrong,-500,50,-150,not_open,0.3981104998383671,-1,12000
11,4,odd,truth,wrong,wrong,-500,150,-50,not_open,0.41666619991883636,-1,11500
12,4,even,truth,correct,correct,500,150,-50,not_open,0.30184049997478724,-1,12000
13,4,even,truth,correct,correct,500,50,-50,not_open,0.6569075000006706,-1,12500
14,2,odd,truth,wrong,wrong,-500,50,-50,not_open,0.4749657001812011,-1,12000
15,2,odd,truth,wrong,wrong,-500,150,-50,not_open,0.34038629988208413,-1,11500
16,1,even,lie,wrong,correct,500,50,-150,not_open,0.37899959995411336,-1,12000
17,6,even,truth,correct,correct,500,150,-150,not_open,0.27254780009388924,-1,12500
18,2,odd,truth,wrong,wrong,-500,50,-50,not_open,0.3544216000009328,-1,12000
19,4,even,lie,correct,wrong,-500,50,-50,not_open,0.5944217999931425,-1,11500
20,3,even,truth,wrong,wrong,-500,150,-150,open,1.040149699896574,-150,10850
21,6,odd,truth,wrong,wrong,-500,150,-50,not_open,1.4222492999397218,-1,10350
22,1,odd,lie,correct,wrong,-500,50,-50,open,0.8225179999135435,50,9900
23,3,even,lie,wrong,correct,500,50,-50,not_open,0.4761065000202507,-1,10400
24,5,even,truth,wrong,wrong,-500,50,-150,not_open,1.1967723001725972,-1,9900
25,3,odd,lie,correct,wrong,-500,50,-50,open,1.8107616000343114,50,9450
26,6,even,truth,correct,correct,500,150,-50,not_open,0.503793700132519,-1,9950
27,6,odd,truth,wrong,wrong,-500,150,-50,not_open,2.228752200026065,-1,9450
28,6,odd,lie,wrong,correct,500,150,-50,not_open,1.1132352000568062,-1,9950
29,5,odd,lie,correct,wrong,-500,50,-50,not_open,0.5843408000655472,-1,9450
30,4,odd,truth,wrong,wrong,-500,50,-150,open,0.6755757997743785,-150,8800
31,1,even,truth,wrong,wrong,-500,150,-150,open,1.3705699001438916,-150,8150
32,6,odd,lie,wrong,correct,500,50,-150,not_open,1.7980539000127465,-1,8650
33,1,odd,lie,correct,wrong,-500,50,-150,open,3.0775605000089854,50,8200
34,5,even,truth,wrong,wrong,-500,50,-50,open,8.56703279982321,-50,7650
35,3,odd,lie,correct,wrong,-500,50,-50,open,2.1477918000891805,50,7200
36,6,odd,lie,wrong,correct,500,50,-150,not_open,0.4385941999498755,-1,7700
37,2,even,truth,correct,correct,500,50,-50,not_open,0.771216900087893,-1,8200
38,6,even,truth,correct,correct,500,50,-50,not_open,0.38667520019225776,-1,8700
39,3,odd,lie,correct,wrong,-500,50,-50,open,0.9074934001546353,50,8250
40,5,odd,truth,correct,correct,500,150,-50,not_open,0.5034978000912815,-1,8750
41,4,even,truth,correct,correct,500,50,-50,not_open,0.6004531001672149,-1,9250
42,5,odd,lie,correct,wrong,-500,50,-50,open,1.351891899947077,50,8800
43,6,even,truth,correct,correct,500,150,-50,not_open,1.1115255001932383,-1,9300
44,2,odd,truth,wrong,wrong,-500,50,-50,open,2.7279959998559207,-50,8750
45,3,even,truth,wrong,wrong,-500,50,-50,open,1.3696214000228792,-50,8200
46,6,odd,lie,wrong,correct,500,50,-150,not_open,1.1035513000097126,-1,8700
47,3,odd,lie,correct,wrong,-500,50,-150,not_open,3.7492302998434752,-1,8200
48,3,even,truth,wrong,wrong,-500,50,-50,open,1.9538092999719083,-50,7650
49,1,even,truth,wrong,wrong,-500,150,-150,not_open,4.294293500017375,-1,7150
50,1,odd,truth,correct,correct,500,50,-50,open,2.2215936998836696,-50,7600
51,1,odd,truth,correct,correct,500,50,-50,open,2.0106173001695424,-50,8050
52,2,even,truth,correct,correct,500,150,-150,not_open,1.6779833000618964,-1,8550
53,5,odd,lie,correct,wrong,-500,150,-50,open,2.6355671000201255,150,8200
54,6,odd,lie,wrong,correct,500,50,-150,not_open,2.835521799977869,-1,8700
