trials,dice,user_choice_odd-even,whether_to_lie,actual_answer,dealer_answer,initial_reward,open_reward,open_penalty,user_response_open,choice_rt,choice_reward,balance,peg_balance
1,5,odd,truth,correct,correct,500,-1,3,not_open,1.3741663000546396,-1,10500,3
2,3,odd,truth,correct,correct,500,-2,2,not_open,4.014791199937463,-1,11000,3
3,5,even,lie,wrong,correct,500,-1,2,not_open,2.498872999800369,-1,11500,3
4,3,odd,truth,correct,correct,500,-1,2,not_open,7.861998999956995,-1,12000,3
5,6,odd,lie,wrong,correct,500,-3,1,open,3.829911099979654,-3,12500,0
6,1,even,truth,wrong,wrong,-500,-3,2,not_open,4.7902653000783175,-1,12000,3
7,5,even,truth,wrong,wrong,-500,-2,2,open,1.6675610998645425,2,11500,5
8,5,odd,truth,correct,correct,500,-1,1,not_open,7.062693299958482,-1,12000,3
9,6,odd,truth,wrong,wrong,-500,-2,1,open,2.7103748000226915,1,11500,4
10,2,even,truth,correct,correct,500,-2,2,not_open,2.2688628998585045,-1,12000,3
11,1,odd,lie,correct,wrong,-500,-3,1,open,1.6983669998589903,-3,11500,0
12,5,even,lie,wrong,correct,500,-3,3,not_open,3.1166586000472307,-1,12000,3
13,4,even,truth,correct,correct,500,-3,3,not_open,2.0296286998782307,-1,12500,3
14,6,odd,lie,wrong,correct,500,-3,3,not_open,4.164822199847549,-1,13000,3
15,1,odd,lie,correct,wrong,-500,-3,2,open,2.3613601999823004,-3,12500,0
16,3,even,truth,wrong,wrong,-500,-2,3,open,2.164101699832827,3,12000,6
17,4,odd,lie,wrong,correct,500,-3,1,open,2.0398397999815643,-3,12500,0
18,6,even,lie,correct,wrong,-500,-2,3,open,2.0515174998436123,-2,12000,1
19,3,odd,truth,correct,correct,500,-1,1,open,4.5814636999275535,1,12500,4
20,5,even,truth,wrong,wrong,-500,-3,2,open,2.158797400072217,2,12000,5
21,3,odd,truth,correct,correct,500,-3,1,open,1.8878322998061776,1,12500,4
22,6,odd,truth,wrong,wrong,-500,-2,3,not_open,4.731768100056797,-1,12000,3
23,5,odd,lie,correct,wrong,-500,-2,2,open,2.9421957000158727,-2,11500,1
24,3,even,lie,wrong,correct,500,-1,3,not_open,1.714796599932015,-1,12000,3
25,5,odd,truth,correct,correct,500,-3,3,open,4.614211799809709,3,12500,6
26,5,even,lie,wrong,correct,500,-2,1,open,2.88565899990499,-2,13000,1
27,6,odd,truth,wrong,wrong,-500,-1,2,not_open,1.6567593000363559,-1,12500,3
28,6,odd,lie,wrong,correct,500,-2,2,not_open,1.2911531999707222,-1,13000,3
29,1,odd,lie,correct,wrong,-500,-2,1,open,1.728610800113529,-2,12500,1
30,2,odd,truth,wrong,wrong,-500,-1,1,open,2.3364809998311102,1,12000,4
31,1,even,truth,wrong,wrong,-500,-3,1,open,2.0430878999177366,1,11500,4
32,6,odd,lie,wrong,correct,500,-3,3,not_open,1.9788247998803854,-1,12000,3
33,1,even,truth,wrong,wrong,-500,-1,2,not_open,1.3857066000346094,-1,11500,3
34,6,odd,truth,wrong,wrong,-500,-3,3,not_open,1.2215945001225919,-1,11000,3
35,4,even,truth,correct,correct,500,-3,2,open,2.3565519999247044,2,11500,5
36,4,even,lie,correct,wrong,-500,-2,1,open,2.275583499809727,-2,11000,1
37,2,odd,lie,wrong,correct,500,-2,2,not_open,1.611838199896738,-1,11500,3
38,6,odd,lie,wrong,correct,500,-2,3,not_open,1.7581263000611216,-1,12000,3
39,5,odd,truth,correct,correct,500,-1,1,open,2.1389454000163823,1,12500,4
40,4,even,truth,correct,correct,500,-1,2,not_open,1.404775399947539,-1,13000,3
41,6,odd,lie,wrong,correct,500,-1,3,not_open,4.025230199797079,-1,13500,3
42,5,odd,lie,correct,wrong,-500,-3,2,open,2.5387903000228107,-3,13000,0
43,3,odd,lie,correct,wrong,-500,-3,1,open,2.041657199850306,-3,12500,0
44,5,even,lie,wrong,correct,500,-2,3,not_open,1.4721729999873787,-1,13000,3
45,1,odd,truth,correct,correct,500,-3,2,not_open,4.578148599946871,-1,13500,3
46,3,even,lie,wrong,correct,500,-1,3,not_open,1.8845443001482636,-1,14000,3
47,5,odd,lie,correct,wrong,-500,-1,3,not_open,1.6360041999723762,-1,13500,3
48,2,odd,lie,wrong,correct,500,-2,3,not_open,1.5841672997921705,-1,14000,3
49,6,even,lie,correct,wrong,-500,-1,2,not_open,1.5152908000163734,-1,13500,3
50,5,even,truth,wrong,wrong,-500,-1,1,open,2.352142999880016,1,13000,4
51,3,odd,truth,correct,correct,500,-2,1,open,1.8945099001284689,1,13500,4
52,4,odd,truth,wrong,wrong,-500,-1,3,not_open,1.2197978000622243,-1,13000,3
53,2,odd,truth,wrong,wrong,-500,-2,1,open,4.925733000040054,1,12500,4
54,2,even,truth,correct,correct,500,-1,1,not_open,1.216735600028187,-1,13000,3
