trials,dice,user_choice_odd-even,whether_to_lie,actual_answer,dealer_answer,initial_reward,open_reward,open_penalty,user_response_open,choice_rt,choice_reward,balance,peg_balance
1,3,odd,truth,correct,correct,500,-2,3,not_open,6.659603300009621,-1,10500,3
2,2,odd,lie,wrong,correct,500,-1,3,not_open,1.8786412999907043,-1,11000,3
3,3,even,lie,wrong,correct,500,-2,2,not_open,4.817429600007017,-1,11500,3
4,3,even,lie,wrong,correct,500,-2,3,not_open,1.3240721999900416,-1,12000,3
5,3,odd,truth,correct,correct,500,-1,1,not_open,1.1028656999988016,-1,12500,3
6,1,even,truth,wrong,wrong,-500,-3,2,not_open,1.8851195000024745,-1,12000,3
7,2,odd,lie,wrong,correct,500,-2,1,not_open,0.4841129999986151,-1,12500,3
8,3,even,truth,wrong,wrong,-500,-3,3,not_open,1.2892497000138974,-1,12000,3
9,2,even,truth,correct,correct,500,-1,2,not_open,7.736144700000295,-1,12500,3
10,5,odd,truth,correct,correct,500,-3,3,not_open,2.4317005000048084,-1,13000,3
11,2,even,lie,correct,wrong,-500,-2,1,not_open,1.1584967000089819,-1,12500,3
12,2,odd,truth,wrong,wrong,-500,-1,3,not_open,3.5935897000017576,-1,12000,3
13,5,odd,truth,correct,correct,500,-1,3,not_open,1.5735723999969196,-1,12500,3
14,1,odd,lie,correct,wrong,-500,-3,3,not_open,3.4580359000101453,-1,12000,3
15,3,even,truth,wrong,wrong,-500,-3,3,not_open,3.5125859999971,-1,11500,3
16,3,odd,lie,correct,wrong,-500,-3,1,open,4.682077200006461,-3,11000,0
17,5,even,truth,wrong,wrong,-500,-2,3,not_open,4.9418274000054225,-1,10500,3
18,4,odd,lie,wrong,correct,500,-2,2,not_open,1.4640475000051083,-1,11000,3
19,3,odd,truth,correct,correct,500,-3,1,open,8.40698379999958,1,11500,4
20,3,odd,truth,correct,correct,500,-1,3,not_open,1.3368938000057824,-1,12000,3
21,5,odd,lie,correct,wrong,-500,-3,1,not_open,1.050338400003966,-1,11500,3
22,6,even,lie,correct,wrong,-500,-3,3,not_open,1.310247299988987,-1,11000,3
23,5,odd,truth,correct,correct,500,-2,3,not_open,1.4659539999993285,-1,11500,3
24,6,odd,lie,wrong,correct,500,-3,2,not_open,1.0505102000024635,-1,12000,3
25,1,odd,lie,correct,wrong,-500,-1,3,not_open,1.055606699999771,-1,11500,3
26,6,odd,lie,wrong,correct,500,-1,1,not_open,1.073231800008216,-1,12000,3
27,4,odd,truth,wrong,wrong,-500,-1,2,not_open,0.9013650000124471,-1,11500,3
28,1,even,truth,wrong,wrong,-500,-3,3,not_open,1.226332399994135,-1,11000,3
29,2,odd,lie,wrong,correct,500,-2,2,not_open,1.128271900000982,-1,11500,3
30,3,odd,truth,correct,correct,500,-2,1,not_open,0.7558063000033144,-1,12000,3
31,1,odd,lie,correct,wrong,-500,-2,2,not_open,0.9171860999922501,-1,11500,3
32,4,odd,truth,wrong,wrong,-500,-1,3,not_open,0.9235153999907197,-1,11000,3
33,2,odd,lie,wrong,correct,500,-1,1,not_open,0.38756659999489784,-1,11500,3
34,5,odd,lie,correct,wrong,-500,-3,2,not_open,1.0965351999911945,-1,11000,3
35,1,odd,truth,correct,correct,500,-2,2,not_open,1.0959235999907833,-1,11500,3
36,3,odd,truth,correct,correct,500,-3,1,not_open,0.607463899999857,-1,12000,3
37,3,odd,lie,correct,wrong,-500,-2,3,not_open,0.3388185999938287,-1,11500,3
38,1,even,lie,wrong,correct,500,-2,3,not_open,0.6719422000023769,-1,12000,3
39,6,even,lie,correct,wrong,-500,-1,2,not_open,0.4382740000000922,-1,11500,3
40,2,odd,lie,wrong,correct,500,-2,1,not_open,0.2633127000008244,-1,12000,3
41,2,even,truth,correct,correct,500,-2,2,not_open,0.257789800001774,-1,12500,3
42,5,odd,truth,correct,correct,500,-2,1,not_open,0.6102395000052638,-1,13000,3
43,4,even,lie,correct,wrong,-500,-1,2,not_open,0.634666499987361,-1,12500,3
44,1,odd,lie,correct,wrong,-500,-1,2,not_open,0.7658751999988453,-1,12000,3
45,1,even,truth,wrong,wrong,-500,-3,2,not_open,0.6366662999935215,-1,11500,3
46,6,odd,lie,wrong,correct,500,-1,1,not_open,0.6463258000003407,-1,12000,3
47,4,even,truth,correct,correct,500,-1,1,not_open,0.8124623000039719,-1,12500,3
48,2,odd,truth,wrong,wrong,-500,-3,2,not_open,0.5496792000049027,-1,12000,3
49,5,odd,truth,correct,correct,500,-3,1,not_open,0.21122140000807121,-1,12500,3
50,5,odd,lie,correct,wrong,-500,-3,1,not_open,0.6061235999950441,-1,12000,3
51,4,odd,lie,wrong,correct,500,-1,2,not_open,0.6684919999970589,-1,12500,3
52,3,even,truth,wrong,wrong,-500,-2,1,not_open,0.6378761000087252,-1,12000,3
53,4,odd,truth,wrong,wrong,-500,-3,2,not_open,2.888314399999217,-1,11500,3
54,6,odd,lie,wrong,correct,500,-1,1,not_open,2.1119611000031,-1,12000,3
