trials,dice,user_choice_odd-even,whether_to_lie,actual_answer,dealer_answer,initial_reward,open_reward,open_penalty,user_response_open,choice_rt,choice_reward,balance
1,3,even,lie,wrong,correct,500,285,-189,not_open,4.705168999993475,-1,10500
2,2,odd,lie,wrong,correct,500,189,-94,not_open,0.9706422000017483,-1,11000
3,1,odd,lie,correct,wrong,-500,94,-189,not_open,0.6369282999949064,-1,10500
4,1,even,truth,wrong,wrong,-500,189,-285,open,3.5359042000054615,-285,9715
5,5,odd,lie,correct,wrong,-500,94,-285,not_open,2.700736799990409,-1,9215
6,6,even,truth,correct,correct,500,94,-285,not_open,1.0643047000048682,-1,9715
7,1,even,truth,wrong,wrong,-500,285,-285,not_open,5.806473000004189,-1,9215
8,4,odd,lie,wrong,correct,500,94,-94,open,3.266069100005552,94,9809
9,1,even,truth,wrong,wrong,-500,189,-94,not_open,2.98462250000739,-1,9309
10,5,odd,truth,correct,correct,500,189,-285,not_open,1.017591199997696,-1,9809
11,1,odd,truth,correct,correct,500,285,-285,not_open,1.009626400002162,-1,10309
12,1,even,truth,wrong,wrong,-500,189,-94,not_open,1.0880175000056624,-1,9809
13,6,odd,truth,wrong,wrong,-500,189,-94,open,4.002428499996313,-94,9215
14,2,even,truth,correct,correct,500,285,-94,not_open,6.087086100000306,-1,9715
15,5,even,lie,wrong,correct,500,94,-189,not_open,2.155249700008426,-1,10215
16,2,odd,lie,wrong,correct,500,94,-285,not_open,1.6068661000026623,-1,10715
17,3,odd,truth,correct,correct,500,285,-189,not_open,0.5962241999950493,-1,11215
18,1,even,truth,wrong,wrong,-500,94,-285,not_open,2.0860542000009445,-1,10715
19,4,odd,truth,wrong,wrong,-500,94,-189,not_open,1.6879004999937024,-1,10215
20,5,even,truth,wrong,wrong,-500,189,-285,open,9.670902800004114,-285,9430
21,5,odd,lie,correct,wrong,-500,285,-94,open,6.124311400009901,285,9215
22,2,odd,lie,wrong,correct,500,189,-94,not_open,2.544847600001958,-1,9715
23,4,even,truth,correct,correct,500,94,-285,not_open,0.6816206000075908,-1,10215
24,5,odd,truth,correct,correct,500,189,-94,not_open,0.6062266999942949,-1,10715
25,3,odd,truth,correct,correct,500,285,-94,not_open,0.357436799997231,-1,11215
26,6,even,truth,correct,correct,500,189,-189,not_open,1.4267630000103964,-1,11715
27,3,odd,truth,correct,correct,500,94,-285,not_open,0.9811200999974972,-1,12215
28,2,odd,lie,wrong,correct,500,94,-94,not_open,1.005316299997503,-1,12715
29,6,odd,lie,wrong,correct,500,189,-189,not_open,1.6080020999943372,-1,13215
30,6,odd,lie,wrong,correct,500,189,-189,not_open,1.1220048000104725,-1,13715
31,1,odd,truth,correct,correct,500,189,-189,not_open,0.867892700000084,-1,14215
32,2,odd,truth,wrong,wrong,-500,94,-94,not_open,0.8488144000002649,-1,13715
33,1,odd,truth,correct,correct,500,285,-94,not_open,0.9649237999983598,-1,14215
34,6,odd,lie,wrong,correct,500,285,-189,not_open,0.5972317999985535,-1,14715
35,2,odd,truth,wrong,wrong,-500,189,-285,not_open,0.3135677999962354,-1,14215
36,6,odd,lie,wrong,correct,500,189,-189,not_open,0.5750972999958321,-1,14715
37,2,odd,lie,wrong,correct,500,94,-189,not_open,1.2976697999984026,-1,15215
38,2,odd,lie,wrong,correct,500,94,-94,not_open,0.9678795000072569,-1,15715
39,2,odd,truth,wrong,wrong,-500,285,-189,not_open,0.6057338000100572,-1,15215
40,1,odd,lie,correct,wrong,-500,285,-94,not_open,0.7873574999975972,-1,14715
41,3,odd,lie,correct,wrong,-500,189,-285,not_open,0.45846170000731945,-1,14215
42,1,even,lie,wrong,correct,500,285,-94,not_open,1.351791699999012,-1,14715
43,3,even,lie,wrong,correct,500,94,-94,not_open,0.8292938999948092,-1,15215
44,3,even,truth,wrong,wrong,-500,285,-285,not_open,1.2253733000106877,-1,14715
45,2,even,lie,correct,wrong,-500,285,-285,not_open,0.7461717000114731,-1,14215
46,4,odd,truth,wrong,wrong,-500,189,-189,not_open,0.9813320999965072,-1,13715
47,5,odd,truth,correct,correct,500,285,-285,not_open,0.6452422000002116,-1,14215
48,4,odd,lie,wrong,correct,500,189,-285,not_open,0.6241108999965945,-1,14715
49,2,odd,truth,wrong,wrong,-500,285,-189,not_open,0.44252050000068266,-1,14215
50,6,odd,truth,wrong,wrong,-500,94,-94,not_open,0.3126142999972217,-1,13715
51,4,odd,lie,wrong,correct,500,285,-285,not_open,0.4282357000047341,-1,14215
52,3,odd,lie,correct,wrong,-500,94,-189,not_open,0.32971160000306554,-1,13715
53,5,odd,lie,correct,wrong,-500,94,-189,not_open,0.7145411000092281,-1,13215
54,2,odd,lie,wrong,correct,500,285,-189,not_open,4.653563799991389,-1,13715
