trials,dice,user_choice_odd-even,whether_to_lie,actual_answer,dealer_answer,initial_reward,open_reward,open_penalty,user_response_open,choice_rt,choice_reward,balance
1,5,odd,lie,correct,wrong,-500,225,-169,open,11.063626199960709,225,9725
2,5,even,lie,wrong,correct,500,225,-94,open,4.763324499945156,225,10450
3,1,even,truth,wrong,wrong,-500,94,-225,not_open,3.0701558000873774,-1,9950
4,1,odd,truth,correct,correct,500,94,-169,not_open,8.622489499975927,-1,10450
5,1,even,lie,wrong,correct,500,225,-94,open,3.533798799966462,225,11175
6,4,even,truth,correct,correct,500,225,-225,open,5.166614299989305,-225,11450
7,3,even,truth,wrong,wrong,-500,94,-225,not_open,2.636857399949804,-1,10950
8,1,odd,truth,correct,correct,500,169,-169,open,2.3918128999648616,-169,11281
9,6,even,truth,correct,correct,500,225,-94,open,1.5972898999461904,-94,11687
10,6,even,lie,correct,wrong,-500,225,-94,not_open,1.7567379000829533,-1,11187
11,1,even,lie,wrong,correct,500,225,-225,open,3.4498324000742286,225,11912
12,5,even,lie,wrong,correct,500,169,-94,open,3.1922263000160456,169,12581
13,3,odd,lie,correct,wrong,-500,169,-225,not_open,2.8603204999817535,-1,12081
14,3,odd,lie,correct,wrong,-500,225,-169,not_open,1.8506256000837311,-1,11581
15,3,odd,lie,correct,wrong,-500,169,-94,not_open,1.7615277000004426,-1,11081
16,6,even,lie,correct,wrong,-500,169,-94,not_open,1.5317234999965876,-1,10581
17,6,even,lie,correct,wrong,-500,225,-169,open,1.613744099973701,225,10306
18,5,odd,truth,correct,correct,500,169,-94,open,2.357749699964188,-94,10712
19,2,even,lie,correct,wrong,-500,94,-94,not_open,1.569586499943398,-1,10212
20,6,odd,lie,wrong,correct,500,94,-94,open,1.5822069001151249,94,10806
21,6,odd,truth,wrong,wrong,-500,94,-169,not_open,2.932467899983749,-1,10306
22,1,even,truth,wrong,wrong,-500,225,-225,open,1.7514764999505132,-225,9581
23,6,odd,lie,wrong,correct,500,169,-94,not_open,1.6699451999738812,-1,10081
24,2,odd,truth,wrong,wrong,-500,169,-225,not_open,1.5574357999721542,-1,9581
25,2,even,truth,correct,correct,500,94,-169,not_open,1.8724260999588296,-1,10081
26,5,even,lie,wrong,correct,500,94,-225,open,1.8446689998963848,94,10675
27,4,odd,truth,wrong,wrong,-500,169,-169,open,1.7001364000607282,-169,10006
28,6,even,lie,correct,wrong,-500,94,-94,not_open,1.0712303000036627,-1,9506
29,1,even,lie,wrong,correct,500,94,-94,open,1.1612280000699684,94,10100
30,5,odd,lie,correct,wrong,-500,169,-225,open,1.7773923999629915,169,9769
31,3,even,lie,wrong,correct,500,94,-94,not_open,1.2994771000230685,-1,10269
32,5,even,lie,wrong,correct,500,169,-225,open,2.023686100030318,169,10938
33,4,even,truth,correct,correct,500,169,-169,not_open,2.134330500033684,-1,11438
34,5,odd,truth,correct,correct,500,169,-225,open,2.937374999979511,-225,11713
35,6,even,lie,correct,wrong,-500,225,-94,not_open,0.9340068999445066,-1,11213
36,5,even,lie,wrong,correct,500,225,-169,open,2.671695200027898,225,11938
37,1,odd,truth,correct,correct,500,225,-225,open,4.626075900043361,-225,12213
38,2,even,lie,correct,wrong,-500,169,-169,open,0.78248649998568,169,11882
39,5,odd,truth,correct,correct,500,169,-169,not_open,0.6868331000441685,-1,12382
40,2,odd,truth,wrong,wrong,-500,169,-169,open,1.619404900004156,-169,11713
41,2,even,truth,correct,correct,500,94,-169,not_open,2.0309723999816924,-1,12213
42,1,even,truth,wrong,wrong,-500,94,-169,not_open,1.7323499999474734,-1,11713
43,6,odd,truth,wrong,wrong,-500,94,-169,not_open,1.1222384999273345,-1,11213
44,5,odd,lie,correct,wrong,-500,94,-225,not_open,1.8623694000998512,-1,10713
45,4,odd,lie,wrong,correct,500,169,-94,open,3.1280985000776127,169,11382
46,2,even,truth,correct,correct,500,225,-94,open,2.060194500023499,-94,11788
47,1,even,lie,wrong,correct,500,225,-169,open,2.8606055999407545,225,12513
48,3,odd,truth,correct,correct,500,225,-225,not_open,0.8260218999348581,-1,13013
49,2,even,lie,correct,wrong,-500,225,-225,not_open,0.9053317001089454,-1,12513
50,1,even,truth,wrong,wrong,-500,94,-225,not_open,1.2071943999035284,-1,12013
51,4,even,truth,correct,correct,500,94,-225,not_open,1.0771668000379577,-1,12513
52,6,odd,lie,wrong,correct,500,94,-94,open,1.2582982000894845,94,13107
53,4,even,lie,correct,wrong,-500,225,-169,open,3.3253274000016972,225,12832
54,4,odd,truth,wrong,wrong,-500,169,-225,not_open,1.6802282000426203,-1,12332
