trials,dice,user_choice_odd-even,whether_to_lie,actual_answer,dealer_answer,initial_reward,open_reward,open_penalty,user_response_open,choice_rt,choice_reward,balance,peg_balance
1,2,odd,lie,wrong,correct,500,-1,1,open,19.952878200099804,-1,10500,2
2,4,even,lie,correct,wrong,-500,-3,1,open,13.015642400016077,-3,10000,0
3,4,even,lie,correct,wrong,-500,-2,1,open,14.018699200008996,-2,9500,1
4,4,odd,lie,wrong,correct,500,-1,2,open,2.952667399891652,-1,10000,2
5,2,odd,truth,wrong,wrong,-500,-3,3,open,9.770745099987835,3,9500,6
6,4,even,truth,correct,correct,500,-2,3,not_open,3.364327499992214,-1,10000,3
7,5,even,lie,wrong,correct,500,-2,1,open,4.81768750003539,-2,10500,1
8,4,odd,truth,wrong,wrong,-500,-1,3,open,5.621759100002237,3,10000,6
9,6,odd,truth,wrong,wrong,-500,-2,2,open,4.32332339999266,2,9500,5
10,5,even,truth,wrong,wrong,-500,-2,1,open,4.023350299918093,1,9000,4
11,1,odd,truth,correct,correct,500,-1,2,open,4.921748100081459,2,9500,5
12,3,even,lie,wrong,correct,500,-1,2,not_open,1.2933948999270797,-1,10000,3
13,2,even,truth,correct,correct,500,-3,2,open,2.3607759999576956,2,10500,5
14,2,even,truth,correct,correct,500,-2,2,not_open,4.996082599973306,-1,11000,3
15,4,even,lie,correct,wrong,-500,-1,1,open,2.5162623000796884,-1,10500,2
16,4,even,truth,correct,correct,500,-3,2,open,3.477291199960746,2,11000,5
17,1,odd,lie,correct,wrong,-500,-3,1,open,5.632108599995263,-3,10500,0
18,3,odd,lie,correct,wrong,-500,-3,1,open,1.4388249999610707,-3,10000,0
19,3,odd,truth,correct,correct,500,-3,1,open,2.003873199922964,1,10500,4
20,1,odd,truth,correct,correct,500,-2,3,not_open,1.8974008000222966,-1,11000,3
21,1,even,truth,wrong,wrong,-500,-2,2,open,3.195515500032343,2,10500,5
22,3,odd,lie,correct,wrong,-500,-1,2,open,3.5865047000115737,-1,10000,2
23,1,even,truth,wrong,wrong,-500,-2,3,not_open,3.0836321000242606,-1,9500,3
24,1,odd,truth,correct,correct,500,-1,3,not_open,1.3583551000338048,-1,10000,3
25,2,odd,truth,wrong,wrong,-500,-3,3,open,4.105666499934159,3,9500,6
26,5,even,truth,wrong,wrong,-500,-1,3,not_open,2.3019537000218406,-1,9000,3
27,3,even,truth,wrong,wrong,-500,-3,3,not_open,1.2641723001142964,-1,8500,3
28,4,odd,truth,wrong,wrong,-500,-2,2,open,2.5990453999256715,2,8000,5
29,1,even,truth,wrong,wrong,-500,-2,1,open,2.6626695999875665,1,7500,4
30,4,even,truth,correct,correct,500,-3,2,open,5.045834099990316,2,8000,5
31,2,odd,lie,wrong,correct,500,-3,2,open,4.8002125000348315,-3,8500,0
32,4,odd,truth,wrong,wrong,-500,-3,3,not_open,2.3315497000003234,-1,8000,3
33,5,even,truth,wrong,wrong,-500,-1,3,not_open,1.8596738000633195,-1,7500,3
34,6,odd,truth,wrong,wrong,-500,-2,1,open,1.733225699979812,1,7000,4
35,1,even,lie,wrong,correct,500,-3,2,open,2.220222600037232,-3,7500,0
36,1,odd,lie,correct,wrong,-500,-2,2,open,2.778109399951063,-2,7000,1
37,5,even,lie,wrong,correct,500,-3,1,open,1.6481452999869362,-3,7500,0
38,2,even,lie,correct,wrong,-500,-2,3,not_open,1.5563293000450358,-1,7000,3
39,6,even,truth,correct,correct,500,-2,3,open,2.9535902000498027,3,7500,6
40,3,even,truth,wrong,wrong,-500,-3,3,not_open,1.244454300031066,-1,7000,3
41,1,even,lie,wrong,correct,500,-2,1,open,1.2872836999595165,-2,7500,1
42,1,odd,lie,correct,wrong,-500,-3,2,open,2.0321165999630466,-3,7000,0
43,6,even,lie,correct,wrong,-500,-1,1,open,1.7869162999559194,-1,6500,2
44,4,odd,truth,wrong,wrong,-500,-2,3,not_open,1.297521200031042,-1,6000,3
45,1,even,truth,wrong,wrong,-500,-1,1,open,1.150428699911572,1,5500,4
46,5,even,lie,wrong,correct,500,-1,3,not_open,1.2737433000002056,-1,6000,3
47,1,even,lie,wrong,correct,500,-3,3,open,2.134841199964285,-3,6500,0
48,5,even,lie,wrong,correct,500,-1,1,open,1.3262846999568865,-1,7000,2
49,5,even,truth,wrong,wrong,-500,-2,2,not_open,3.295772399986163,-1,6500,3
50,6,odd,truth,wrong,wrong,-500,-1,2,open,1.6653599999845028,2,6000,5
51,1,odd,truth,correct,correct,500,-3,1,open,1.3872952000238001,1,6500,4
52,2,even,lie,correct,wrong,-500,-1,2,not_open,1.6129741000477225,-1,6000,3
53,6,even,truth,correct,correct,500,-1,3,not_open,1.2744485000148416,-1,6500,3
54,3,odd,truth,correct,correct,500,-1,1,open,0.7831376000540331,1,7000,4
