trials,dice,user_choice_odd-even,whether_to_lie,actual_answer,dealer_answer,initial_reward,open_reward,open_penalty,user_response_open,choice_rt,choice_reward,balance,peg_balance
1,3,odd,lie,correct,wrong,-500,-1,2,not_open,16.068201699992642,-1,9500,3
2,2,odd,lie,wrong,correct,500,-1,1,not_open,1.5889548000413924,-1,10000,3
3,1,odd,lie,correct,wrong,-500,-1,1,open,3.9950946000171825,-1,9500,2
4,5,even,truth,wrong,wrong,-500,-3,1,open,6.186698900011834,1,9000,4
5,5,even,truth,wrong,wrong,-500,-1,3,not_open,5.753880299977027,-1,8500,3
6,5,even,lie,wrong,correct,500,-2,3,not_open,3.7110353000462055,-1,9000,3
7,3,even,lie,wrong,correct,500,-3,2,open,7.499941900023259,-3,9500,0
8,4,even,lie,correct,wrong,-500,-3,1,open,3.4704408000106923,-3,9000,0
9,1,odd,truth,correct,correct,500,-2,1,not_open,2.647647100035101,-1,9500,3
10,6,odd,truth,wrong,wrong,-500,-2,2,open,4.685314600006677,2,9000,5
11,6,even,truth,correct,correct,500,-3,1,not_open,18.228082999994513,-1,9500,3
12,2,even,truth,correct,correct,500,-1,3,not_open,3.6870876000029966,-1,10000,3
13,6,even,truth,correct,correct,500,-2,1,not_open,2.573792000010144,-1,10500,3
14,3,even,lie,wrong,correct,500,-3,2,open,4.8770788999972865,-3,11000,0
15,2,odd,truth,wrong,wrong,-500,-2,2,open,3.7208202999900095,2,10500,5
16,4,odd,lie,wrong,correct,500,-1,1,not_open,2.009758700034581,-1,11000,3
17,5,even,lie,wrong,correct,500,-1,2,not_open,3.0857193999690935,-1,11500,3
18,1,even,truth,wrong,wrong,-500,-3,3,not_open,5.329457100015134,-1,11000,3
19,5,odd,truth,correct,correct,500,-2,1,open,4.139792900008615,1,11500,4
20,2,odd,lie,wrong,correct,500,-1,2,not_open,5.141897900030017,-1,12000,3
21,6,odd,truth,wrong,wrong,-500,-2,1,open,2.5248527999501675,1,11500,4
22,5,even,lie,wrong,correct,500,-2,3,not_open,5.005142400041223,-1,12000,3
23,5,odd,truth,correct,correct,500,-3,3,not_open,3.0255477000027895,-1,12500,3
24,4,even,lie,correct,wrong,-500,-2,2,open,2.8861174000194296,-2,12000,1
25,5,odd,lie,correct,wrong,-500,-1,3,not_open,4.175519399985205,-1,11500,3
26,6,even,lie,correct,wrong,-500,-2,3,not_open,13.71866290003527,-1,11000,3
27,3,odd,lie,correct,wrong,-500,-3,2,not_open,3.065561399969738,-1,10500,3
28,1,odd,truth,correct,correct,500,-3,3,not_open,4.203472100023646,-1,11000,3
29,1,even,lie,wrong,correct,500,-2,1,not_open,9.483183900010772,-1,11500,3
30,5,even,lie,wrong,correct,500,-1,3,not_open,3.995029699988663,-1,12000,3
31,4,even,lie,correct,wrong,-500,-2,3,not_open,3.77205089997733,-1,11500,3
32,3,even,truth,wrong,wrong,-500,-1,1,open,2.9893633000319824,1,11000,4
33,4,even,truth,correct,correct,500,-3,3,not_open,2.473597600008361,-1,11500,3
34,1,even,lie,wrong,correct,500,-2,1,open,5.279579999973066,-2,12000,1
35,4,even,lie,correct,wrong,-500,-3,1,open,3.3422737999935634,-3,11500,0
36,3,odd,lie,correct,wrong,-500,-2,2,not_open,4.34126490005292,-1,11000,3
37,2,even,truth,correct,correct,500,-3,2,open,5.165243300027214,2,11500,5
38,5,even,truth,wrong,wrong,-500,-2,2,not_open,1.3368273000232875,-1,11000,3
39,6,even,lie,correct,wrong,-500,-3,3,open,6.205398199963383,-3,10500,0
40,4,even,lie,correct,wrong,-500,-3,2,open,2.6221045999554917,-3,10000,0
41,3,even,truth,wrong,wrong,-500,-3,1,open,2.190998899983242,1,9500,4
42,6,odd,lie,wrong,correct,500,-2,2,not_open,3.2278862000093795,-1,10000,3
43,2,even,lie,correct,wrong,-500,-1,2,not_open,5.50302110001212,-1,9500,3
44,4,even,truth,correct,correct,500,-3,2,open,6.822546699957456,2,10000,5
45,4,even,lie,correct,wrong,-500,-1,1,open,2.8734407000010833,-1,9500,2
46,2,even,lie,correct,wrong,-500,-1,3,not_open,3.2992277000448667,-1,9000,3
47,1,even,lie,wrong,correct,500,-1,2,not_open,3.906073699996341,-1,9500,3
48,2,even,lie,correct,wrong,-500,-1,3,not_open,2.3723186000133865,-1,9000,3
49,6,even,lie,correct,wrong,-500,-2,3,not_open,4.140672899957281,-1,8500,3
50,4,even,lie,correct,wrong,-500,-3,1,open,2.1889441999956034,-3,8000,0
51,2,odd,truth,wrong,wrong,-500,-1,1,not_open,2.67554010002641,-1,7500,3
52,6,odd,lie,wrong,correct,500,-3,3,not_open,1.9942352000507526,-1,8000,3
53,6,odd,truth,wrong,wrong,-500,-1,2,not_open,3.3848701000097208,-1,7500,3
54,4,even,lie,correct,wrong,-500,-2,3,open,8.240661900024861,-2,7000,1
