trials,dice,user_choice_odd-even,whether_to_lie,actual_answer,dealer_answer,initial_reward,open_reward,open_penalty,user_response_open,choice_rt,choice_reward,balance
1,6,odd,lie,wrong,correct,500,150,-150,open,7.960397699964233,150,10650
2,3,odd,truth,correct,correct,500,100,-150,not_open,11.65838919999078,-1,11150
3,2,even,lie,correct,wrong,-500,150,-50,open,5.339024199987762,150,10800
4,6,odd,truth,wrong,wrong,-500,100,-150,not_open,16.165698800003156,-1,10300
5,5,odd,truth,correct,correct,500,50,-100,not_open,6.485829200013541,-1,10800
6,5,even,lie,wrong,correct,500,150,-100,open,8.748304800014012,150,11450
7,3,odd,truth,correct,correct,500,150,-100,open,7.111038099974394,-100,11850
8,1,even,lie,wrong,correct,500,50,-50,not_open,6.824874600046314,-1,12350
9,5,odd,truth,correct,correct,500,150,-150,not_open,3.39045070001157,-1,12850
10,1,odd,truth,correct,correct,500,100,-50,open,16.45472769998014,-50,13300
11,5,even,lie,wrong,correct,500,100,-100,open,1.7906604000017978,100,13900
12,1,odd,lie,correct,wrong,-500,100,-150,not_open,5.378545999992639,-1,13400
13,6,odd,truth,wrong,wrong,-500,100,-50,open,4.430014299985487,-50,12850
14,1,odd,lie,correct,wrong,-500,50,-150,not_open,4.400759699987248,-1,12350
15,3,even,lie,wrong,correct,500,50,-100,not_open,4.201944100030232,-1,12850
16,3,odd,truth,correct,correct,500,150,-100,open,5.974254700005986,-100,13250
17,5,even,truth,wrong,wrong,-500,100,-50,open,3.6816315000178292,-50,12700
18,6,even,truth,correct,correct,500,150,-150,not_open,5.071470300026704,-1,13200
19,4,even,truth,correct,correct,500,50,-50,open,2.3193900999613106,-50,13650
20,6,even,truth,correct,correct,500,50,-100,not_open,4.126044999982696,-1,14150
21,6,odd,lie,wrong,correct,500,100,-50,open,4.843640799983405,100,14750
22,5,odd,lie,correct,wrong,-500,150,-50,open,2.694915400003083,150,14400
23,4,even,truth,correct,correct,500,100,-150,open,7.775513300031889,-150,14750
24,1,odd,truth,correct,correct,500,50,-150,not_open,6.553443499957211,-1,15250
25,6,even,lie,correct,wrong,-500,50,-150,not_open,5.960487700009253,-1,14750
26,1,odd,lie,correct,wrong,-500,50,-50,open,4.553862700005993,50,14300
27,1,odd,lie,correct,wrong,-500,100,-50,open,2.331202299974393,100,13900
28,2,even,lie,correct,wrong,-500,150,-100,not_open,4.596379099995829,-1,13400
29,2,even,lie,correct,wrong,-500,50,-150,not_open,3.4827114999643527,-1,12900
30,6,odd,lie,wrong,correct,500,100,-100,not_open,3.6025164000457153,-1,13400
31,3,even,lie,wrong,correct,500,50,-150,not_open,2.774665300035849,-1,13900
32,1,even,truth,wrong,wrong,-500,150,-150,not_open,2.3816639999859035,-1,13400
33,1,even,lie,wrong,correct,500,150,-150,not_open,2.212108600011561,-1,13900
34,3,even,lie,wrong,correct,500,150,-150,not_open,1.933252100017853,-1,14400
35,6,odd,lie,wrong,correct,500,50,-100,not_open,1.60882100003073,-1,14900
36,2,even,lie,correct,wrong,-500,100,-100,open,2.176711799984332,100,14500
37,5,even,lie,wrong,correct,500,50,-150,not_open,2.089007699978538,-1,15000
38,5,even,truth,wrong,wrong,-500,50,-100,not_open,3.9895145000191405,-1,14500
39,6,even,lie,correct,wrong,-500,150,-50,open,2.0553034999757074,150,14150
40,2,even,lie,correct,wrong,-500,100,-150,not_open,3.4028833000338636,-1,13650
41,2,even,truth,correct,correct,500,100,-100,open,7.3632626999751665,-100,14050
42,1,odd,lie,correct,wrong,-500,150,-100,open,1.9403239999664947,150,13700
43,1,odd,lie,correct,wrong,-500,150,-50,open,1.3962485000374727,150,13350
44,6,even,lie,correct,wrong,-500,150,-50,open,1.4302580999792553,150,13000
45,4,even,lie,correct,wrong,-500,150,-100,open,2.3648220999748446,150,12650
46,5,odd,lie,correct,wrong,-500,50,-50,not_open,2.0411722999997437,-1,12150
47,1,even,lie,wrong,correct,500,100,-150,not_open,1.4993606000207365,-1,12650
48,5,even,lie,wrong,correct,500,50,-100,not_open,1.316231600008905,-1,13150
49,6,odd,truth,wrong,wrong,-500,100,-100,not_open,1.8858611999894492,-1,12650
50,4,odd,truth,wrong,wrong,-500,100,-50,open,1.425044399977196,-50,12100
51,5,odd,truth,correct,correct,500,100,-100,open,3.1794947999878787,-100,12500
52,4,even,truth,correct,correct,500,150,-50,open,1.3157599000260234,-50,12950
53,6,even,truth,correct,correct,500,50,-50,not_open,4.277798699971754,-1,13450
54,6,even,truth,correct,correct,500,50,-50,not_open,3.9392419999931008,-1,13950
