trials,dice,user_choice_odd-even,whether_to_lie,actual_answer,dealer_answer,initial_reward,open_reward,open_penalty,user_response_open,choice_rt,choice_reward,balance
1,1,odd,lie,correct,wrong,-500,112,-100,open,11.168235199991614,112,9612
2,1,odd,truth,correct,correct,500,112,-112,not_open,12.616691800008994,-1,10112
3,4,even,lie,correct,wrong,-500,100,-112,open,2.2455014000006486,100,9712
4,2,even,truth,correct,correct,500,100,-112,open,4.950727999996161,-112,10100
5,6,even,lie,correct,wrong,-500,112,-100,open,1.4238125000265427,112,9712
6,3,even,truth,wrong,wrong,-500,100,-100,open,0.9372104000067338,-100,9112
7,4,even,lie,correct,wrong,-500,112,-100,open,2.2207417000026908,112,8724
8,1,even,lie,wrong,correct,500,112,-112,not_open,0.6778340000018943,-1,9224
9,6,odd,truth,wrong,wrong,-500,100,-100,open,1.1368733000126667,-100,8624
10,3,odd,truth,correct,correct,500,100,-112,open,1.5986144999915268,-112,9012
11,4,even,truth,correct,correct,500,100,-100,open,0.9912507999979425,-100,9412
12,5,odd,lie,correct,wrong,-500,112,-100,open,1.026064800011227,112,9024
13,2,odd,truth,wrong,wrong,-500,100,-112,not_open,2.464477600005921,-1,8524
14,3,odd,lie,correct,wrong,-500,100,-100,open,1.3760169000015594,100,8124
15,6,odd,lie,wrong,correct,500,100,-112,not_open,1.6901438999921083,-1,8624
16,1,odd,lie,correct,wrong,-500,100,-112,open,1.5906765999970958,100,8224
17,5,even,truth,wrong,wrong,-500,100,-100,not_open,2.360821600013878,-1,7724
18,5,even,lie,wrong,correct,500,100,-100,open,1.8794466000108514,100,8324
19,5,odd,lie,correct,wrong,-500,112,-112,open,1.5645276999857742,112,7936
20,5,even,truth,wrong,wrong,-500,100,-100,open,1.588212900009239,-100,7336
21,6,odd,lie,wrong,correct,500,100,-112,open,0.4371910000045318,100,7936
22,4,odd,lie,wrong,correct,500,100,-100,not_open,1.875356600008672,-1,8436
23,4,even,truth,correct,correct,500,100,-100,open,1.485219900001539,-100,8836
24,3,even,truth,wrong,wrong,-500,112,-112,open,1.3462865000183228,-112,8224
25,6,even,truth,correct,correct,500,100,-112,open,1.2707944999856409,-112,8612
26,3,odd,lie,correct,wrong,-500,100,-100,open,2.573035900015384,100,8212
27,2,even,lie,correct,wrong,-500,100,-100,open,1.3113429000077303,100,7812
28,1,odd,lie,correct,wrong,-500,112,-100,not_open,1.7200870999949984,-1,7312
29,4,odd,truth,wrong,wrong,-500,100,-100,open,2.5996007000212558,-100,6712
30,1,even,truth,wrong,wrong,-500,100,-112,open,3.564929000014672,-112,6100
31,3,odd,lie,correct,wrong,-500,100,-100,open,1.364110199996503,100,5700
32,4,odd,lie,wrong,correct,500,112,-100,open,0.9059635000012349,112,6312
33,2,odd,truth,wrong,wrong,-500,100,-112,not_open,0.704246899986174,-1,5812
34,5,even,lie,wrong,correct,500,100,-100,open,1.0524154999875464,100,6412
35,2,even,truth,correct,correct,500,112,-100,open,1.1624542999779806,-100,6812
36,3,odd,truth,correct,correct,500,112,-100,open,1.0040986000094563,-100,7212
37,2,odd,lie,wrong,correct,500,100,-112,open,2.4375249999866355,100,7812
38,6,odd,truth,wrong,wrong,-500,112,-112,open,1.4510658000071999,-112,7200
39,5,odd,truth,correct,correct,500,112,-100,open,0.9980694999976549,-100,7600
40,4,odd,lie,wrong,correct,500,100,-100,not_open,0.1877708999963943,-1,8100
41,1,even,truth,wrong,wrong,-500,100,-100,open,0.8261993000051007,-100,7500
42,5,odd,lie,correct,wrong,-500,112,-100,open,1.3129791999817826,112,7112
43,4,odd,truth,wrong,wrong,-500,112,-112,open,0.7352048000029754,-112,6500
44,6,odd,truth,wrong,wrong,-500,100,-100,open,1.2753814000170678,-100,5900
45,3,odd,lie,correct,wrong,-500,100,-100,open,0.843843000009656,100,5500
46,2,odd,lie,wrong,correct,500,100,-100,not_open,3.9143675999948755,-1,6000
47,3,even,truth,wrong,wrong,-500,100,-100,not_open,0.5404428000038024,-1,5500
48,1,even,lie,wrong,correct,500,112,-100,open,1.1567424999957439,112,6112
49,2,even,lie,correct,wrong,-500,100,-100,open,7.614322400011588,100,5712
50,2,odd,lie,wrong,correct,500,100,-100,not_open,1.4275257000117563,-1,6212
51,4,odd,truth,wrong,wrong,-500,100,-100,open,1.9035196999902837,-100,5612
52,5,even,lie,wrong,correct,500,100,-112,open,0.7370982999855187,100,6212
53,6,even,truth,correct,correct,500,112,-100,open,0.9927877000009175,-100,6612
54,2,even,lie,correct,wrong,-500,100,-100,open,9.090414799982682,100,6212
