trials,dice,user_choice_odd-even,whether_to_lie,actual_answer,dealer_answer,initial_reward,open_reward,open_penalty,user_response_open,choice_rt,choice_reward,balance,peg_balance
1,1,odd,truth,correct,correct,500,-1,1,open,11.591474700020626,1,10500,4
2,2,even,truth,correct,correct,500,-1,2,open,2.07164459998603,2,11000,5
3,5,even,lie,wrong,correct,500,-1,2,open,6.2345706000050995,-1,11500,2
4,4,odd,truth,wrong,wrong,-500,-1,1,not_open,1.2837586000096053,-1,11000,3
5,4,odd,lie,wrong,correct,500,-1,2,open,6.456867600005353,-1,11500,2
6,3,even,truth,wrong,wrong,-500,-2,3,open,2.63441149998107,3,11000,6
7,4,even,lie,correct,wrong,-500,-2,3,open,1.5131811999890488,-2,10500,1
8,5,even,lie,wrong,correct,500,-3,3,open,1.7270408000040334,-3,11000,0
9,5,odd,truth,correct,correct,500,-3,3,not_open,2.566115199995693,-1,11500,3
10,6,odd,truth,wrong,wrong,-500,-2,1,not_open,1.3974156000185758,-1,11000,3
11,2,odd,truth,wrong,wrong,-500,-1,3,not_open,5.704648699989775,-1,10500,3
12,2,odd,truth,wrong,wrong,-500,-1,3,open,1.569286900019506,3,10000,6
13,6,odd,lie,wrong,correct,500,-2,1,open,3.705609699973138,-2,10500,1
14,3,even,truth,wrong,wrong,-500,-1,1,not_open,0.46894589997828007,-1,10000,3
15,4,even,lie,correct,wrong,-500,-3,1,open,0.2552170999988448,-3,9500,0
16,4,even,truth,correct,correct,500,-2,2,not_open,2.286303000000771,-1,10000,3
17,6,even,truth,correct,correct,500,-2,3,open,1.6064326000050642,3,10500,6
18,6,odd,lie,wrong,correct,500,-3,2,open,1.572085199994035,-3,11000,0
19,6,odd,truth,wrong,wrong,-500,-3,3,open,1.048658300016541,3,10500,6
20,4,odd,lie,wrong,correct,500,-2,3,open,5.626184699998703,-2,11000,1
21,4,even,truth,correct,correct,500,-3,2,open,2.5372764999920037,2,11500,5
22,3,even,truth,wrong,wrong,-500,-1,1,open,1.7958098000090104,1,11000,4
23,4,odd,truth,wrong,wrong,-500,-2,2,open,1.383092799980659,2,10500,5
24,3,odd,truth,correct,correct,500,-2,3,open,1.6118845000164583,3,11000,6
25,1,even,truth,wrong,wrong,-500,-1,3,open,0.7790566000039689,3,10500,6
26,1,odd,truth,correct,correct,500,-3,1,open,2.636574100004509,1,11000,4
27,1,odd,lie,correct,wrong,-500,-2,2,open,1.2155044999963138,-2,10500,1
28,3,even,truth,wrong,wrong,-500,-2,2,open,2.9292774999921676,2,10000,5
29,6,even,lie,correct,wrong,-500,-2,1,open,0.8233443000062834,-2,9500,1
30,5,even,truth,wrong,wrong,-500,-3,2,open,0.11840750000556,2,9000,5
31,5,even,truth,wrong,wrong,-500,-3,1,open,1.3918436999956612,1,8500,4
32,6,even,lie,correct,wrong,-500,-3,3,open,1.106304300017655,-3,8000,0
33,5,even,lie,wrong,correct,500,-1,2,open,1.4525199999916367,-1,8500,2
34,1,even,lie,wrong,correct,500,-1,3,open,1.5224171000008937,-1,9000,2
35,2,odd,truth,wrong,wrong,-500,-3,1,open,1.1499282000004314,1,8500,4
36,6,odd,lie,wrong,correct,500,-1,2,open,0.22544309997465461,-1,9000,2
37,2,odd,truth,wrong,wrong,-500,-1,2,open,0.07124550000298768,2,8500,5
38,6,odd,truth,wrong,wrong,-500,-3,2,open,0.2790635999990627,2,8000,5
39,4,odd,lie,wrong,correct,500,-2,2,open,0.5393830999964848,-2,8500,1
40,4,even,truth,correct,correct,500,-2,2,open,1.2895429999916814,2,9000,5
41,2,even,lie,correct,wrong,-500,-2,1,open,0.025880400004098192,-2,8500,1
42,6,even,lie,correct,wrong,-500,-1,1,open,0.44967189998715185,-1,8000,2
43,4,odd,truth,wrong,wrong,-500,-3,2,open,0.004916400008369237,2,7500,5
44,1,even,truth,wrong,wrong,-500,-3,1,open,0.11544059999869205,1,7000,4
45,5,odd,lie,correct,wrong,-500,-2,3,open,0.9800358999927994,-2,6500,1
46,3,odd,truth,correct,correct,500,-3,2,open,1.7473179000080563,2,7000,5
47,3,odd,truth,correct,correct,500,-2,1,open,2.097387899993919,1,7500,4
48,5,even,lie,wrong,correct,500,-2,1,open,2.028455899999244,-2,8000,1
49,2,even,truth,correct,correct,500,-1,1,not_open,2.5573958000168204,-1,8500,3
50,6,odd,lie,wrong,correct,500,-3,3,open,1.2594979999994393,-3,9000,0
51,6,odd,lie,wrong,correct,500,-1,3,not_open,1.8609099000168499,-1,9500,3
52,2,even,truth,correct,correct,500,-3,1,open,1.1275610000011511,1,10000,4
53,4,odd,truth,wrong,wrong,-500,-1,3,not_open,2.4628482999978587,-1,9500,3
54,4,odd,lie,wrong,correct,500,-3,3,open,1.417173299996648,-3,10000,0
