trials,dice,user_choice_odd-even,whether_to_lie,actual_answer,dealer_answer,initial_reward,open_reward,open_penalty,user_response_open,choice_rt,choice_reward,balance,peg_balance
1,3,odd,lie,correct,wrong,-500,-2,3,not_open,9.920730900019407,-1,9500,3
2,4,even,lie,correct,wrong,-500,-1,3,not_open,4.668302699981723,-1,9000,3
3,3,even,truth,wrong,wrong,-500,-2,2,open,3.473205100017367,2,8500,5
4,3,odd,lie,correct,wrong,-500,-2,1,open,5.43023080000421,-2,8000,1
5,4,even,lie,correct,wrong,-500,-3,1,open,4.661244599992642,-3,7500,0
6,5,even,truth,wrong,wrong,-500,-1,3,not_open,2.824970999994548,-1,7000,3
7,2,even,truth,correct,correct,500,-2,3,not_open,2.291670000005979,-1,7500,3
8,6,even,lie,correct,wrong,-500,-2,2,not_open,2.348826800007373,-1,7000,3
9,2,even,lie,correct,wrong,-500,-3,1,open,2.5881487999868114,-3,6500,0
10,5,odd,lie,correct,wrong,-500,-1,1,open,1.8881397999939509,-1,6000,2
11,1,even,lie,wrong,correct,500,-2,3,not_open,2.425540299998829,-1,6500,3
12,1,even,truth,wrong,wrong,-500,-3,2,not_open,2.555839799984824,-1,6000,3
13,6,even,truth,correct,correct,500,-1,2,not_open,3.898701099999016,-1,6500,3
14,4,even,lie,correct,wrong,-500,-3,3,not_open,2.338187499990454,-1,6000,3
15,5,even,lie,wrong,correct,500,-1,2,not_open,6.587570400006371,-1,6500,3
16,1,even,lie,wrong,correct,500,-1,1,open,1.6130087000201456,-1,7000,2
17,2,even,truth,correct,correct,500,-2,1,open,3.44263740000315,1,7500,4
18,6,even,truth,correct,correct,500,-2,2,not_open,1.6080646000045817,-1,8000,3
19,5,even,lie,wrong,correct,500,-3,1,open,2.685667400015518,-3,8500,0
20,3,even,truth,wrong,wrong,-500,-3,3,not_open,1.6186436999996658,-1,8000,3
21,5,even,lie,wrong,correct,500,-3,2,not_open,2.447937799995998,-1,8500,3
22,4,even,truth,correct,correct,500,-1,1,open,1.8800363999907859,1,9000,4
23,4,odd,truth,wrong,wrong,-500,-2,1,open,2.418851500027813,1,8500,4
24,4,even,lie,correct,wrong,-500,-2,1,open,2.0485299000283703,-2,8000,1
25,5,odd,truth,correct,correct,500,-2,3,not_open,1.377600200008601,-1,8500,3
26,1,even,truth,wrong,wrong,-500,-3,3,not_open,1.4552857999806292,-1,8000,3
27,1,even,lie,wrong,correct,500,-2,2,not_open,1.7135193000140134,-1,8500,3
28,6,even,truth,correct,correct,500,-3,1,open,2.3397663999930955,1,9000,4
29,5,even,truth,wrong,wrong,-500,-1,2,not_open,1.5156655000173487,-1,8500,3
30,3,odd,truth,correct,correct,500,-1,2,not_open,1.8006878000160214,-1,9000,3
31,4,even,truth,correct,correct,500,-3,3,not_open,2.284118999989005,-1,9500,3
32,1,even,lie,wrong,correct,500,-1,2,not_open,2.7625857000239193,-1,10000,3
33,2,even,truth,correct,correct,500,-1,3,not_open,6.2028556000150274,-1,10500,3
34,1,even,truth,wrong,wrong,-500,-3,3,not_open,1.8032516000093892,-1,10000,3
35,2,even,lie,correct,wrong,-500,-3,2,not_open,2.4525504000193905,-1,9500,3
36,6,even,truth,correct,correct,500,-3,1,open,2.9202644000179134,1,10000,4
37,4,even,truth,correct,correct,500,-2,2,not_open,1.3378646000055596,-1,10500,3
38,5,even,truth,wrong,wrong,-500,-3,3,not_open,1.3190561000083108,-1,10000,3
39,3,odd,truth,correct,correct,500,-1,1,open,1.5879415000090376,1,10500,4
40,4,even,truth,correct,correct,500,-2,1,open,2.838482599996496,1,11000,4
41,5,even,lie,wrong,correct,500,-2,2,not_open,1.7003216999873985,-1,11500,3
42,2,even,lie,correct,wrong,-500,-1,3,not_open,1.97215590000269,-1,11000,3
43,6,even,lie,correct,wrong,-500,-1,1,open,1.2431075999920722,-1,10500,2
44,1,even,lie,wrong,correct,500,-3,2,not_open,2.413323299988406,-1,11000,3
45,1,even,truth,wrong,wrong,-500,-1,2,not_open,6.1497124999878,-1,10500,3
46,6,even,lie,correct,wrong,-500,-1,3,not_open,2.1970789000042714,-1,10000,3
47,4,odd,lie,wrong,correct,500,-2,3,not_open,4.981027300003916,-1,10500,3
48,1,even,lie,wrong,correct,500,-3,1,open,2.091633899981389,-3,11000,0
49,3,odd,truth,correct,correct,500,-3,2,not_open,1.8643149000126868,-1,11500,3
50,4,odd,lie,wrong,correct,500,-2,1,open,1.5744479999993928,-2,12000,1
51,1,even,truth,wrong,wrong,-500,-3,2,not_open,5.7352251000120305,-1,11500,3
52,6,even,lie,correct,wrong,-500,-2,3,not_open,1.9881835999840405,-1,11000,3
53,2,even,lie,correct,wrong,-500,-1,3,not_open,3.0245596999884583,-1,10500,3
54,5,even,lie,wrong,correct,500,-1,1,open,1.780240899999626,-1,11000,2
