trials,dice,user_choice_odd-even,whether_to_lie,actual_answer,dealer_answer,initial_reward,open_reward,open_penalty,user_response_open,choice_rt,choice_reward,balance
1,5,odd,truth,correct,correct,500,75,-75,open,17.54832629999146,-75,10425
2,3,odd,lie,correct,wrong,-500,75,-94,not_open,7.141100199980428,-1,9925
3,5,even,lie,wrong,correct,500,75,-94,not_open,4.097181499993894,-1,10425
4,6,odd,truth,wrong,wrong,-500,75,-94,not_open,1.6682176000031177,-1,9925
5,3,even,truth,wrong,wrong,-500,126,-94,not_open,1.922595200012438,-1,9425
6,6,odd,lie,wrong,correct,500,126,-94,not_open,5.698222500010161,-1,9925
7,4,even,truth,correct,correct,500,126,-126,not_open,1.5672489000135101,-1,10425
8,3,odd,lie,correct,wrong,-500,126,-126,not_open,4.170088199985912,-1,9925
9,2,even,lie,correct,wrong,-500,94,-126,open,5.62913899999694,94,9519
10,3,odd,truth,correct,correct,500,75,-126,not_open,2.2787678000167944,-1,10019
11,2,odd,lie,wrong,correct,500,94,-126,not_open,1.3296957999991719,-1,10519
12,4,even,lie,correct,wrong,-500,94,-94,open,3.610012999997707,94,10113
13,3,even,truth,wrong,wrong,-500,75,-75,open,3.0004187999875285,-75,9538
14,1,even,truth,wrong,wrong,-500,75,-75,open,1.9323257000069134,-75,8963
15,4,odd,lie,wrong,correct,500,126,-94,not_open,2.196542799996678,-1,9463
16,3,odd,lie,correct,wrong,-500,94,-94,open,2.6628641999850515,94,9057
17,4,even,truth,correct,correct,500,75,-126,not_open,2.802781300008064,-1,9557
18,1,even,truth,wrong,wrong,-500,126,-126,open,1.6518220000143629,-126,8931
19,4,even,lie,correct,wrong,-500,126,-126,open,3.510612999991281,126,8557
20,2,odd,lie,wrong,correct,500,126,-75,not_open,2.549405300000217,-1,9057
21,4,even,truth,correct,correct,500,94,-126,not_open,1.8941923000093084,-1,9557
22,5,odd,lie,correct,wrong,-500,94,-94,open,1.3003764000022784,94,9151
23,6,even,lie,correct,wrong,-500,126,-75,open,2.1220395999844186,126,8777
24,3,even,truth,wrong,wrong,-500,126,-75,open,3.169745699997293,-75,8202
25,1,even,truth,wrong,wrong,-500,75,-94,open,1.5094837000069674,-94,7608
26,4,even,truth,correct,correct,500,75,-126,not_open,1.531736099976115,-1,8108
27,4,even,lie,correct,wrong,-500,94,-75,open,1.433332300017355,94,7702
28,3,even,truth,wrong,wrong,-500,126,-126,not_open,2.720095399999991,-1,7202
29,3,even,truth,wrong,wrong,-500,126,-94,open,1.1911530999932438,-94,6608
30,4,even,truth,correct,correct,500,75,-126,not_open,1.2372191000031307,-1,7108
31,3,even,truth,wrong,wrong,-500,94,-75,open,1.340253100002883,-75,6533
32,3,even,lie,wrong,correct,500,75,-75,not_open,1.5544453999900725,-1,7033
33,1,even,truth,wrong,wrong,-500,94,-75,not_open,6.693602800020017,-1,6533
34,5,even,lie,wrong,correct,500,75,-75,open,5.110558000014862,75,7108
35,3,odd,lie,correct,wrong,-500,94,-94,open,2.421367300004931,94,6702
36,1,even,truth,wrong,wrong,-500,94,-94,open,1.1276621000142768,-94,6108
37,1,even,truth,wrong,wrong,-500,126,-94,open,2.1152155000017956,-94,5514
38,3,even,truth,wrong,wrong,-500,126,-126,not_open,1.4343985000159591,-1,5014
39,4,even,lie,correct,wrong,-500,94,-126,open,2.501484599983087,94,4608
40,5,odd,lie,correct,wrong,-500,94,-94,open,1.318856500001857,94,4202
41,6,odd,lie,wrong,correct,500,94,-75,not_open,1.5730355000123382,-1,4702
42,5,odd,truth,correct,correct,500,75,-126,not_open,1.1982414999802131,-1,5202
43,5,odd,truth,correct,correct,500,126,-75,open,5.677352900005644,-75,5627
44,6,odd,truth,wrong,wrong,-500,75,-94,open,4.431358400004683,-94,5033
45,6,even,truth,correct,correct,500,75,-94,not_open,1.2347778000112157,-1,5533
46,3,even,truth,wrong,wrong,-500,94,-126,not_open,2.699271499994211,-1,5033
47,2,odd,truth,wrong,wrong,-500,75,-126,not_open,1.9519206999975722,-1,4533
48,4,even,lie,correct,wrong,-500,126,-94,open,2.3758426000131294,126,4159
49,4,even,truth,correct,correct,500,94,-75,open,3.6522104000032414,-75,4584
50,1,even,lie,wrong,correct,500,126,-75,open,4.236704499984626,126,5210
51,6,even,lie,correct,wrong,-500,75,-75,open,2.3220597000035923,75,4785
52,6,even,lie,correct,wrong,-500,94,-126,not_open,3.7125325000088196,-1,4285
53,6,odd,lie,wrong,correct,500,126,-75,open,3.1655256999947596,126,4911
54,1,even,lie,wrong,correct,500,94,-75,open,3.726418799982639,94,5505
